<?xml version="1.0" encoding="UTF-8"?>
<kml xmlns="http://www.opengis.net/kml/2.2">
  <Document>
    <name>Golden Net Coverage Area</name>
    <description/>
    <Style id="icon-1899-0288D1-normal">
      <IconStyle>
        <color>ffd18802</color>
        <scale>1</scale>
        <Icon>
          <href>https://www.gstatic.com/mapspro/images/stock/503-wht-blank_maps.png</href>
        </Icon>
        <hotSpot x="32" xunits="pixels" y="64" yunits="insetPixels"/>
      </IconStyle>
      <LabelStyle>
        <scale>0</scale>
      </LabelStyle>
    </Style>
    <Style id="icon-1899-0288D1-highlight">
      <IconStyle>
        <color>ffd18802</color>
        <scale>1</scale>
        <Icon>
          <href>https://www.gstatic.com/mapspro/images/stock/503-wht-blank_maps.png</href>
        </Icon>
        <hotSpot x="32" xunits="pixels" y="64" yunits="insetPixels"/>
      </IconStyle>
      <LabelStyle>
        <scale>1</scale>
      </LabelStyle>
    </Style>
    <StyleMap id="icon-1899-0288D1">
      <Pair>
        <key>normal</key>
        <styleUrl>#icon-1899-0288D1-normal</styleUrl>
      </Pair>
      <Pair>
        <key>highlight</key>
        <styleUrl>#icon-1899-0288D1-highlight</styleUrl>
      </Pair>
    </StyleMap>
    <Style id="icon-1899-C2185B-labelson-nodesc">
      <IconStyle>
        <color>ff5b18c2</color>
        <scale>1</scale>
        <Icon>
          <href>https://www.gstatic.com/mapspro/images/stock/503-wht-blank_maps.png</href>
        </Icon>
        <hotSpot x="32" xunits="pixels" y="64" yunits="insetPixels"/>
      </IconStyle>
      <BalloonStyle>
        <text><![CDATA[<h3>$[name]</h3>]]></text>
      </BalloonStyle>
    </Style>
    <Style id="icon-1899-DB4436-nodesc-normal">
      <IconStyle>
        <color>ff3644db</color>
        <scale>1</scale>
        <Icon>
          <href>https://www.gstatic.com/mapspro/images/stock/503-wht-blank_maps.png</href>
        </Icon>
        <hotSpot x="32" xunits="pixels" y="64" yunits="insetPixels"/>
      </IconStyle>
      <LabelStyle>
        <scale>0</scale>
      </LabelStyle>
      <BalloonStyle>
        <text><![CDATA[<h3>$[name]</h3>]]></text>
      </BalloonStyle>
    </Style>
    <Style id="icon-1899-DB4436-nodesc-highlight">
      <IconStyle>
        <color>ff3644db</color>
        <scale>1</scale>
        <Icon>
          <href>https://www.gstatic.com/mapspro/images/stock/503-wht-blank_maps.png</href>
        </Icon>
        <hotSpot x="32" xunits="pixels" y="64" yunits="insetPixels"/>
      </IconStyle>
      <LabelStyle>
        <scale>1</scale>
      </LabelStyle>
      <BalloonStyle>
        <text><![CDATA[<h3>$[name]</h3>]]></text>
      </BalloonStyle>
    </Style>
    <StyleMap id="icon-1899-DB4436-nodesc">
      <Pair>
        <key>normal</key>
        <styleUrl>#icon-1899-DB4436-nodesc-normal</styleUrl>
      </Pair>
      <Pair>
        <key>highlight</key>
        <styleUrl>#icon-1899-DB4436-nodesc-highlight</styleUrl>
      </Pair>
    </StyleMap>
    <Style id="line-000000-1200-normal">
      <LineStyle>
        <color>ff000000</color>
        <width>1.2</width>
      </LineStyle>
    </Style>
    <Style id="line-000000-1200-highlight">
      <LineStyle>
        <color>ff000000</color>
        <width>1.8</width>
      </LineStyle>
    </Style>
    <StyleMap id="line-000000-1200">
      <Pair>
        <key>normal</key>
        <styleUrl>#line-000000-1200-normal</styleUrl>
      </Pair>
      <Pair>
        <key>highlight</key>
        <styleUrl>#line-000000-1200-highlight</styleUrl>
      </Pair>
    </StyleMap>
    <Style id="line-0000FF-2000-nodesc-normal">
      <LineStyle>
        <color>ffff0000</color>
        <width>2</width>
      </LineStyle>
      <BalloonStyle>
        <text><![CDATA[<h3>$[name]</h3>]]></text>
      </BalloonStyle>
    </Style>
    <Style id="line-0000FF-2000-nodesc-highlight">
      <LineStyle>
        <color>ffff0000</color>
        <width>3</width>
      </LineStyle>
      <BalloonStyle>
        <text><![CDATA[<h3>$[name]</h3>]]></text>
      </BalloonStyle>
    </Style>
    <StyleMap id="line-0000FF-2000-nodesc">
      <Pair>
        <key>normal</key>
        <styleUrl>#line-0000FF-2000-nodesc-normal</styleUrl>
      </Pair>
      <Pair>
        <key>highlight</key>
        <styleUrl>#line-0000FF-2000-nodesc-highlight</styleUrl>
      </Pair>
    </StyleMap>
    <Style id="line-00AA00-2000-nodesc-normal">
      <LineStyle>
        <color>ff00aa00</color>
        <width>2</width>
      </LineStyle>
      <BalloonStyle>
        <text><![CDATA[<h3>$[name]</h3>]]></text>
      </BalloonStyle>
    </Style>
    <Style id="line-00AA00-2000-nodesc-highlight">
      <LineStyle>
        <color>ff00aa00</color>
        <width>3</width>
      </LineStyle>
      <BalloonStyle>
        <text><![CDATA[<h3>$[name]</h3>]]></text>
      </BalloonStyle>
    </Style>
    <StyleMap id="line-00AA00-2000-nodesc">
      <Pair>
        <key>normal</key>
        <styleUrl>#line-00AA00-2000-nodesc-normal</styleUrl>
      </Pair>
      <Pair>
        <key>highlight</key>
        <styleUrl>#line-00AA00-2000-nodesc-highlight</styleUrl>
      </Pair>
    </StyleMap>
    <Style id="line-00FF00-2000-nodesc-normal">
      <LineStyle>
        <color>ff00ff00</color>
        <width>2</width>
      </LineStyle>
      <BalloonStyle>
        <text><![CDATA[<h3>$[name]</h3>]]></text>
      </BalloonStyle>
    </Style>
    <Style id="line-00FF00-2000-nodesc-highlight">
      <LineStyle>
        <color>ff00ff00</color>
        <width>3</width>
      </LineStyle>
      <BalloonStyle>
        <text><![CDATA[<h3>$[name]</h3>]]></text>
      </BalloonStyle>
    </Style>
    <StyleMap id="line-00FF00-2000-nodesc">
      <Pair>
        <key>normal</key>
        <styleUrl>#line-00FF00-2000-nodesc-normal</styleUrl>
      </Pair>
      <Pair>
        <key>highlight</key>
        <styleUrl>#line-00FF00-2000-nodesc-highlight</styleUrl>
      </Pair>
    </StyleMap>
    <Style id="line-00FFFF-3000-nodesc-normal">
      <LineStyle>
        <color>ffffff00</color>
        <width>3</width>
      </LineStyle>
      <BalloonStyle>
        <text><![CDATA[<h3>$[name]</h3>]]></text>
      </BalloonStyle>
    </Style>
    <Style id="line-00FFFF-3000-nodesc-highlight">
      <LineStyle>
        <color>ffffff00</color>
        <width>4.5</width>
      </LineStyle>
      <BalloonStyle>
        <text><![CDATA[<h3>$[name]</h3>]]></text>
      </BalloonStyle>
    </Style>
    <StyleMap id="line-00FFFF-3000-nodesc">
      <Pair>
        <key>normal</key>
        <styleUrl>#line-00FFFF-3000-nodesc-normal</styleUrl>
      </Pair>
      <Pair>
        <key>highlight</key>
        <styleUrl>#line-00FFFF-3000-nodesc-highlight</styleUrl>
      </Pair>
    </StyleMap>
    <Style id="line-FF0000-2000-nodesc-normal">
      <LineStyle>
        <color>ff0000ff</color>
        <width>2</width>
      </LineStyle>
      <BalloonStyle>
        <text><![CDATA[<h3>$[name]</h3>]]></text>
      </BalloonStyle>
    </Style>
    <Style id="line-FF0000-2000-nodesc-highlight">
      <LineStyle>
        <color>ff0000ff</color>
        <width>3</width>
      </LineStyle>
      <BalloonStyle>
        <text><![CDATA[<h3>$[name]</h3>]]></text>
      </BalloonStyle>
    </Style>
    <StyleMap id="line-FF0000-2000-nodesc">
      <Pair>
        <key>normal</key>
        <styleUrl>#line-FF0000-2000-nodesc-normal</styleUrl>
      </Pair>
      <Pair>
        <key>highlight</key>
        <styleUrl>#line-FF0000-2000-nodesc-highlight</styleUrl>
      </Pair>
    </StyleMap>
    <Style id="line-FFFF00-2000-nodesc-normal">
      <LineStyle>
        <color>ff00ffff</color>
        <width>2</width>
      </LineStyle>
      <BalloonStyle>
        <text><![CDATA[<h3>$[name]</h3>]]></text>
      </BalloonStyle>
    </Style>
    <Style id="line-FFFF00-2000-nodesc-highlight">
      <LineStyle>
        <color>ff00ffff</color>
        <width>3</width>
      </LineStyle>
      <BalloonStyle>
        <text><![CDATA[<h3>$[name]</h3>]]></text>
      </BalloonStyle>
    </Style>
    <StyleMap id="line-FFFF00-2000-nodesc">
      <Pair>
        <key>normal</key>
        <styleUrl>#line-FFFF00-2000-nodesc-normal</styleUrl>
      </Pair>
      <Pair>
        <key>highlight</key>
        <styleUrl>#line-FFFF00-2000-nodesc-highlight</styleUrl>
      </Pair>
    </StyleMap>
    <Folder>
      <name>Coverage Golden Net Wireless</name>
      <Placemark>
        <name>BTS Biaro
</name>
        <styleUrl>#icon-1899-C2185B-labelson-nodesc</styleUrl>
        <Point>
          <coordinates>
            100.4352951,-0.2899456,0
          </coordinates>
        </Point>
      </Placemark>
      <Placemark>
        <name>Golden Net NOC
</name>
        <styleUrl>#icon-1899-C2185B-labelson-nodesc</styleUrl>
        <Point>
          <coordinates>
            100.4302418,-0.2848709,0
          </coordinates>
        </Point>
      </Placemark>
      <Placemark>
        <name>BTS Kapau
</name>
        <styleUrl>#icon-1899-C2185B-labelson-nodesc</styleUrl>
        <Point>
          <coordinates>
            100.3989565,-0.28,0
          </coordinates>
        </Point>
      </Placemark>
      <Placemark>
        <name>BTS Magek
</name>
        <styleUrl>#icon-1899-C2185B-labelson-nodesc</styleUrl>
        <Point>
          <coordinates>
            100.4001904,-0.2116795,0
          </coordinates>
        </Point>
      </Placemark>
      <Placemark>
        <name>BTS Tarusan
</name>
        <styleUrl>#icon-1899-C2185B-labelson-nodesc</styleUrl>
        <Point>
          <coordinates>
            100.42051,-0.2038707,0
          </coordinates>
        </Point>
      </Placemark>
      <Placemark>
        <name>BTS Canduang
</name>
        <styleUrl>#icon-1899-C2185B-labelson-nodesc</styleUrl>
        <Point>
          <coordinates>
            100.4721701,-0.3083667,0
          </coordinates>
        </Point>
      </Placemark>
      <Placemark>
        <name>BTS Lasi
</name>
        <styleUrl>#icon-1899-C2185B-labelson-nodesc</styleUrl>
        <Point>
          <coordinates>
            100.4498702,-0.3296953,0
          </coordinates>
        </Point>
      </Placemark>
      <Placemark>
        <name>BTS Batu Taba
</name>
        <styleUrl>#icon-1899-C2185B-labelson-nodesc</styleUrl>
        <Point>
          <coordinates>
            100.4119492,-0.3209729,0
          </coordinates>
        </Point>
      </Placemark>
      <Placemark>
        <name>BTS Sungai Puar 1
</name>
        <styleUrl>#icon-1899-C2185B-labelson-nodesc</styleUrl>
        <Point>
          <coordinates>
            100.4183221,-0.35001,0
          </coordinates>
        </Point>
      </Placemark>
      <Placemark>
        <name>BTS Pandai Sikek
</name>
        <styleUrl>#icon-1899-C2185B-labelson-nodesc</styleUrl>
        <Point>
          <coordinates>
            100.3636587,-0.393375,0
          </coordinates>
        </Point>
      </Placemark>
      <Placemark>
        <name>POP Bukittinggi
</name>
        <styleUrl>#icon-1899-C2185B-labelson-nodesc</styleUrl>
        <Point>
          <coordinates>
            100.3697205,-0.303115,0
          </coordinates>
        </Point>
      </Placemark>
      <Placemark>
        <name>BTS Palembayan
</name>
        <styleUrl>#icon-1899-C2185B-labelson-nodesc</styleUrl>
        <Point>
          <coordinates>
            100.2285987,-0.1851767,0
          </coordinates>
        </Point>
      </Placemark>
      <Placemark>
        <name>POP Payakumbuh
</name>
        <styleUrl>#icon-1899-C2185B-labelson-nodesc</styleUrl>
        <Point>
          <coordinates>
            100.6197613,-0.2337861,0
          </coordinates>
        </Point>
      </Placemark>
      <Placemark>
        <name>BTS Kubang Gajah
</name>
        <styleUrl>#icon-1899-C2185B-labelson-nodesc</styleUrl>
        <Point>
          <coordinates>
            100.613664,-0.2728732,0
          </coordinates>
        </Point>
      </Placemark>
      <Placemark>
        <name>BTS Talang
</name>
        <styleUrl>#icon-1899-C2185B-labelson-nodesc</styleUrl>
        <Point>
          <coordinates>
            100.6045713,-0.2224217,0
          </coordinates>
        </Point>
      </Placemark>
      <Placemark>
        <name>BTS Padang Datar
</name>
        <styleUrl>#icon-1899-C2185B-labelson-nodesc</styleUrl>
        <Point>
          <coordinates>
            100.6180501,-0.2204663,0
          </coordinates>
        </Point>
      </Placemark>
      <Placemark>
        <name>BTS Malalak 1
</name>
        <styleUrl>#icon-1899-C2185B-labelson-nodesc</styleUrl>
        <Point>
          <coordinates>
            100.2692235,-0.3938793,0
          </coordinates>
        </Point>
      </Placemark>
      <Placemark>
        <name>BTS Malalak 2
</name>
        <styleUrl>#icon-1899-C2185B-labelson-nodesc</styleUrl>
        <Point>
          <coordinates>
            100.2703929,-0.4168974,0
          </coordinates>
        </Point>
      </Placemark>
      <Placemark>
        <name>POP Lubuk Basung
</name>
        <styleUrl>#icon-1899-C2185B-labelson-nodesc</styleUrl>
        <Point>
          <coordinates>
            100.0434941,-0.3234566,0
          </coordinates>
        </Point>
      </Placemark>
      <Placemark>
        <name>BTS Garagahan
</name>
        <styleUrl>#icon-1899-C2185B-labelson-nodesc</styleUrl>
        <Point>
          <coordinates>
            100.015111,-0.3383802,0
          </coordinates>
        </Point>
      </Placemark>
      <Placemark>
        <name>BTS Sungai Jariang
</name>
        <styleUrl>#icon-1899-C2185B-labelson-nodesc</styleUrl>
        <Point>
          <coordinates>
            99.982903,-0.2732088,0
          </coordinates>
        </Point>
      </Placemark>
      <Placemark>
        <name>POP Pariaman
</name>
        <styleUrl>#icon-1899-C2185B-labelson-nodesc</styleUrl>
        <Point>
          <coordinates>
            100.1292121,-0.6254251,0
          </coordinates>
        </Point>
      </Placemark>
      <Placemark>
        <name>BTS Sungai Geringging 1
</name>
        <styleUrl>#icon-1899-C2185B-labelson-nodesc</styleUrl>
        <Point>
          <coordinates>
            100.0874394,-0.4204325,0
          </coordinates>
        </Point>
      </Placemark>
      <Placemark>
        <name>BTS Sungai Garingging 2
</name>
        <styleUrl>#icon-1899-C2185B-labelson-nodesc</styleUrl>
        <Point>
          <coordinates>
            100.0878847,-0.4089154,0
          </coordinates>
        </Point>
      </Placemark>
      <Placemark>
        <name>BTS Lambeh
</name>
        <styleUrl>#icon-1899-C2185B-labelson-nodesc</styleUrl>
        <Point>
          <coordinates>
            100.1234668,-0.4033634,0
          </coordinates>
        </Point>
      </Placemark>
      <Placemark>
        <name>BTS Kalawi
</name>
        <styleUrl>#icon-1899-C2185B-labelson-nodesc</styleUrl>
        <Point>
          <coordinates>
            100.1084052,-0.4228891,0
          </coordinates>
        </Point>
      </Placemark>
      <Placemark>
        <name>BTS Durian Taba
</name>
        <styleUrl>#icon-1899-C2185B-labelson-nodesc</styleUrl>
        <Point>
          <coordinates>
            100.1216231,-0.4276955,0
          </coordinates>
        </Point>
      </Placemark>
      <Placemark>
        <name>BTS Sungai Rantai
</name>
        <styleUrl>#icon-1899-C2185B-labelson-nodesc</styleUrl>
        <Point>
          <coordinates>
            100.1396063,-0.4377962,0
          </coordinates>
        </Point>
      </Placemark>
      <Placemark>
        <name>BTS Kampung Dadok
</name>
        <styleUrl>#icon-1899-C2185B-labelson-nodesc</styleUrl>
        <Point>
          <coordinates>
            100.098572,-0.437339,0
          </coordinates>
        </Point>
      </Placemark>
      <Placemark>
        <name>BTS Aur Malintang
</name>
        <styleUrl>#icon-1899-C2185B-labelson-nodesc</styleUrl>
        <Point>
          <coordinates>
            100.0860441,-0.382737,0
          </coordinates>
        </Point>
      </Placemark>
      <Placemark>
        <name>BTS Lancang
</name>
        <styleUrl>#icon-1899-C2185B-labelson-nodesc</styleUrl>
        <Point>
          <coordinates>
            100.095683,-0.3930014,0
          </coordinates>
        </Point>
      </Placemark>
      <Placemark>
        <name>BTS Bukik Bulek
</name>
        <styleUrl>#icon-1899-C2185B-labelson-nodesc</styleUrl>
        <Point>
          <coordinates>
            100.4869724,-0.3285608,0
          </coordinates>
        </Point>
      </Placemark>
      <Placemark>
        <name>BTS Koto Bangko
</name>
        <styleUrl>#icon-1899-C2185B-labelson-nodesc</styleUrl>
        <Point>
          <coordinates>
            100.1236687,-0.4465419,0
          </coordinates>
        </Point>
      </Placemark>
      <Placemark>
        <name>BTS Kampung Dadok
</name>
        <styleUrl>#icon-1899-C2185B-labelson-nodesc</styleUrl>
        <Point>
          <coordinates>
            100.1059464,-0.4447979,0
          </coordinates>
        </Point>
      </Placemark>
      <Placemark>
        <name>BTS Ladang Rimbo
</name>
        <styleUrl>#icon-1899-C2185B-labelson-nodesc</styleUrl>
        <Point>
          <coordinates>
            100.1193308,-0.4177158,0
          </coordinates>
        </Point>
      </Placemark>
      <Placemark>
        <name>BTS Padang Lariang
</name>
        <styleUrl>#icon-1899-C2185B-labelson-nodesc</styleUrl>
        <Point>
          <coordinates>
            100.0655511,-0.3410718,0
          </coordinates>
        </Point>
      </Placemark>
      <Placemark>
        <name>BTS Munggai
</name>
        <styleUrl>#icon-1899-C2185B-labelson-nodesc</styleUrl>
        <Point>
          <coordinates>
            100.1615298,-0.4496009,0
          </coordinates>
        </Point>
      </Placemark>
      <Placemark>
        <name>BTS Tiku
</name>
        <styleUrl>#icon-1899-C2185B-labelson-nodesc</styleUrl>
        <Point>
          <coordinates>
            99.9252223,-0.3989155,0
          </coordinates>
        </Point>
      </Placemark>
      <Placemark>
        <name>BTS Padang Panjang
</name>
        <styleUrl>#icon-1899-C2185B-labelson-nodesc</styleUrl>
        <Point>
          <coordinates>
            100.427529,-0.4625179,0
          </coordinates>
        </Point>
      </Placemark>
    </Folder>
    <Folder>
      <name>Golden Sungai Geringging</name>
      <Placemark>
        <name>Golden Net Cab Sungai Garingging</name>
        <styleUrl>#icon-1899-DB4436-nodesc</styleUrl>
        <Point>
          <coordinates>
            100.087624,-0.405327,0
          </coordinates>
        </Point>
      </Placemark>
      <Placemark>
        <name>12 Suger2 - Bukik Siriah 6,5 km</name>
        <styleUrl>#line-0000FF-2000-nodesc</styleUrl>
        <LineString>
          <tessellate>1</tessellate>
          <coordinates>
            100.087622,-0.405306,0
            100.087696,-0.40531,0
            100.088023,-0.408159,0
            100.088178,-0.409372,0
            100.088189,-0.409394,0
            100.089319,-0.409261,0
            100.090085,-0.409088,0
            100.091044,-0.409108,0
            100.091776,-0.40914,0
            100.092293,-0.408722,0
            100.092851,-0.408441,0
            100.093226,-0.408068,0
            100.093507,-0.407968,0
            100.09324,-0.406454,0
            100.095122,-0.406121,0
            100.096037,-0.406167,0
            100.096559,-0.406422,0
            100.097244,-0.406471,0
            100.098535,-0.406632,0
            100.099658,-0.40649,0
            100.100788,-0.406186,0
            100.101378,-0.406232,0
            100.10167,-0.406211,0
            100.103002,-0.405754,0
            100.104298,-0.405573,0
            100.104907,-0.405586,0
            100.105874,-0.406055,0
            100.107755,-0.405012,0
            100.110422,-0.404096,0
            100.112994,-0.404145,0
            100.113697,-0.404074,0
            100.115864,-0.403046,0
            100.117721,-0.402569,0
            100.119146,-0.402128,0
            100.12036,-0.401796,0
            100.120763,-0.401745,0
            100.121596,-0.402264,0
            100.122793,-0.403484,0
            100.125716,-0.401905,0
            100.128025,-0.401095,0
            100.128396,-0.400721,0
            100.129119,-0.400894,0
            100.129506,-0.40052,0
          </coordinates>
        </LineString>
      </Placemark>
      <Placemark>
        <name>12 Durian Sampeh 500m</name>
        <styleUrl>#line-0000FF-2000-nodesc</styleUrl>
        <LineString>
          <tessellate>1</tessellate>
          <coordinates>
            100.101195,-0.40899,0
            100.101233,-0.409019,0
            100.103418,-0.407561,0
            100.105872,-0.406079,0
          </coordinates>
        </LineString>
      </Placemark>
      <Placemark>
        <name>24 Core Suger2 - Pasar Amal</name>
        <styleUrl>#line-00FF00-2000-nodesc</styleUrl>
        <LineString>
          <tessellate>1</tessellate>
          <coordinates>
            100.087613,-0.405246,0
            100.087613,-0.404676,0
            100.087492,-0.403622,0
            100.087523,-0.402883,0
            100.088639,-0.400825,0
            100.087972,-0.400173,0
            100.08746,-0.399414,0
            100.086473,-0.399295,0
            100.085661,-0.398843,0
            100.084421,-0.397612,0
            100.084106,-0.396741,0
            100.085039,-0.396773,0
            100.08564,-0.396556,0
            100.085724,-0.395435,0
            100.086768,-0.395023,0
            100.087687,-0.394792,0
            100.088024,-0.394668,0
            100.088961,-0.394587,0
            100.088855,-0.393408,0
            100.088647,-0.392348,0
            100.088408,-0.391361,0
            100.087737,-0.388782,0
            100.088491,-0.387643,0
          </coordinates>
        </LineString>
      </Placemark>
      <Placemark>
        <name>6 Core Lancang 2km</name>
        <styleUrl>#line-FFFF00-2000-nodesc</styleUrl>
        <LineString>
          <tessellate>1</tessellate>
          <coordinates>
            100.107421,-0.395163,0
            100.105637,-0.395463,0
            100.104885,-0.395686,0
            100.104356,-0.395858,0
            100.103556,-0.395958,0
            100.103001,-0.396059,0
            100.102399,-0.39603,0
            100.101789,-0.395982,0
            100.101329,-0.395729,0
            100.100668,-0.395623,0
            100.099882,-0.395502,0
            100.099242,-0.395364,0
            100.09847,-0.395002,0
            100.097714,-0.394631,0
            100.097264,-0.394153,0
            100.09663,-0.393709,0
            100.096322,-0.393555,0
            100.095708,-0.393299,0
            100.094539,-0.393022,0
            100.093791,-0.392934,0
            100.093549,-0.392538,0
            100.093047,-0.392075,0
            100.092211,-0.391834,0
            100.09099,-0.391673,0
            100.090005,-0.391483,0
            100.089468,-0.391345,0
            100.089173,-0.391337,0
            100.088467,-0.391371,0
          </coordinates>
        </LineString>
      </Placemark>
      <Placemark>
        <name>48 Core Suger2 - Pasa Suger 2km</name>
        <styleUrl>#line-00FFFF-3000-nodesc</styleUrl>
        <LineString>
          <tessellate>1</tessellate>
          <coordinates>
            100.087651,-0.40532,0
            100.087781,-0.406681,0
            100.087956,-0.408055,0
            100.088108,-0.409418,0
            100.088215,-0.410696,0
            100.088106,-0.41107,0
            100.087993,-0.411384,0
            100.088154,-0.411762,0
            100.088448,-0.41231,0
            100.088436,-0.413272,0
            100.088448,-0.414646,0
            100.088466,-0.41513,0
            100.088521,-0.415453,0
            100.088549,-0.41578,0
            100.088226,-0.416948,0
            100.086865,-0.421237,0
            100.086717,-0.421683,0
            100.086545,-0.422331,0
            100.086532,-0.42236,0
          </coordinates>
        </LineString>
      </Placemark>
      <Placemark>
        <name>24 Core Simp Rambutan - SMPN 1 Suger</name>
        <styleUrl>#line-00FF00-2000-nodesc</styleUrl>
        <LineString>
          <tessellate>1</tessellate>
          <coordinates>
            100.088172,-0.417015,0
            100.087731,-0.416968,0
            100.086187,-0.417257,0
            100.084693,-0.418054,0
            100.08374,-0.418586,0
            100.084032,-0.419218,0
            100.084109,-0.420074,0
            100.084414,-0.420662,0
            100.084684,-0.420985,0
          </coordinates>
        </LineString>
      </Placemark>
      <Placemark>
        <name>12 Core Pasa Suger - Batu Gadang</name>
        <styleUrl>#line-0000FF-2000-nodesc</styleUrl>
        <LineString>
          <tessellate>1</tessellate>
          <coordinates>
            100.084659,-0.420961,0
            100.08535,-0.421923,0
            100.085805,-0.422278,0
            100.08513,-0.422968,0
            100.083296,-0.424888,0
            100.080873,-0.426965,0
            100.079276,-0.428142,0
            100.077334,-0.429188,0
            100.076034,-0.43041,0
            100.073837,-0.431608,0
            100.070805,-0.435086,0
            100.070401,-0.43615,0
            100.069922,-0.4389,0
            100.069408,-0.441778,0
            100.068668,-0.443633,0
            100.067863,-0.444717,0
          </coordinates>
        </LineString>
      </Placemark>
      <Placemark>
        <name>12 Core Batu Gadang 2KM</name>
        <styleUrl>#line-0000FF-2000-nodesc</styleUrl>
        <LineString>
          <tessellate>1</tessellate>
          <coordinates>
            100.068316,-0.445433,0
            100.067839,-0.44469,0
            100.066472,-0.445455,0
            100.065226,-0.446251,0
            100.063725,-0.447243,0
            100.062666,-0.448045,0
            100.061419,-0.448726,0
            100.060131,-0.450022,0
            100.059444,-0.451079,0
            100.059154,-0.452221,0
            100.058926,-0.453132,0
            100.058675,-0.453733,0
            100.058099,-0.454142,0
            100.057754,-0.454377,0
            100.057372,-0.454615,0
            100.056912,-0.454933,0
          </coordinates>
        </LineString>
      </Placemark>
      <Placemark>
        <name>4 Core Ujung Tanah</name>
        <styleUrl>#line-00AA00-2000-nodesc</styleUrl>
        <LineString>
          <tessellate>1</tessellate>
          <coordinates>
            100.088431,-0.412928,0
            100.087738,-0.413116,0
            100.086418,-0.414427,0
            100.08398,-0.415036,0
            100.08131,-0.415434,0
            100.080649,-0.415216,0
            100.0793,-0.415453,0
            100.07625,-0.416719,0
            100.073859,-0.418406,0
            100.072424,-0.419393,0
            100.071021,-0.419766,0
            100.068407,-0.42102,0
            100.067762,-0.421633,0
            100.064455,-0.424564,0
            100.063875,-0.425168,0
          </coordinates>
        </LineString>
      </Placemark>
      <Placemark>
        <name>12 Core Kampung Dadok 2Km</name>
        <styleUrl>#line-0000FF-2000-nodesc</styleUrl>
        <LineString>
          <tessellate>1</tessellate>
          <coordinates>
            100.097569,-0.447394,0
            100.097764,-0.446877,0
            100.097137,-0.446372,0
            100.096545,-0.445546,0
            100.095968,-0.445152,0
            100.095712,-0.444836,0
            100.09563,-0.444555,0
            100.095464,-0.444376,0
            100.095318,-0.4442,0
            100.094996,-0.444164,0
            100.094532,-0.444305,0
            100.093842,-0.443703,0
            100.093333,-0.444813,0
            100.093003,-0.445427,0
            100.092417,-0.446271,0
            100.092187,-0.446548,0
            100.092212,-0.448235,0
            100.092421,-0.448824,0
            100.092624,-0.449742,0
            100.092591,-0.450508,0
            100.092461,-0.451961,0
            100.092609,-0.452599,0
            100.092685,-0.453124,0
            100.092716,-0.453766,0
          </coordinates>
        </LineString>
      </Placemark>
      <Placemark>
        <name>12 Core Sungai Rantai 2km</name>
        <styleUrl>#line-0000FF-2000-nodesc</styleUrl>
        <LineString>
          <tessellate>1</tessellate>
          <coordinates>
            100.1396,-0.437224,0
            100.139697,-0.43774,0
            100.139358,-0.438237,0
            100.13871,-0.439121,0
            100.138219,-0.439722,0
            100.137453,-0.440507,0
            100.136787,-0.441204,0
            100.135915,-0.442246,0
            100.136308,-0.444061,0
            100.136468,-0.444754,0
            100.136432,-0.445513,0
            100.136227,-0.446549,0
            100.136046,-0.447545,0
            100.135994,-0.448135,0
            100.135994,-0.44889,0
            100.135843,-0.44946,0
            100.135752,-0.449874,0
            100.135698,-0.450316,0
            100.135703,-0.45078,0
            100.135727,-0.451441,0
            100.135898,-0.45224,0
            100.136189,-0.452947,0
            100.136482,-0.453617,0
          </coordinates>
        </LineString>
      </Placemark>
      <Placemark>
        <name>12 Core Bungo Tanjung 1km</name>
        <styleUrl>#line-0000FF-2000-nodesc</styleUrl>
        <LineString>
          <tessellate>1</tessellate>
          <coordinates>
            100.105822,-0.444431,0
            100.105616,-0.445154,0
            100.105546,-0.445686,0
            100.105552,-0.445874,0
            100.105419,-0.446244,0
            100.105242,-0.446528,0
            100.105122,-0.446748,0
            100.105048,-0.446999,0
            100.105041,-0.447368,0
            100.105125,-0.44767,0
            100.105229,-0.44808,0
            100.105242,-0.448408,0
            100.105282,-0.448704,0
            100.105226,-0.448905,0
            100.105026,-0.449311,0
            100.10474,-0.449647,0
            100.104506,-0.449962,0
            100.10449,-0.450426,0
            100.104387,-0.450714,0
            100.104272,-0.450996,0
            100.104111,-0.451663,0
            100.103916,-0.452173,0
            100.103876,-0.452437,0
            100.103751,-0.452924,0
          </coordinates>
        </LineString>
      </Placemark>
      <Placemark>
        <name>12 Core Balai Baik 1km</name>
        <styleUrl>#line-0000FF-2000-nodesc</styleUrl>
        <LineString>
          <tessellate>1</tessellate>
          <coordinates>
            100.060743,-0.388829,0
            100.060417,-0.388453,0
            100.060074,-0.387778,0
            100.059637,-0.387285,0
            100.05908,-0.386907,0
            100.058295,-0.386973,0
            100.057557,-0.387213,0
            100.057064,-0.387422,0
            100.056573,-0.387584,0
            100.056165,-0.387959,0
            100.056041,-0.388186,0
            100.05567,-0.3884,0
            100.055165,-0.388709,0
            100.054595,-0.389005,0
            100.054145,-0.389248,0
            100.053738,-0.389479,0
            100.053589,-0.389528,0
            100.053474,-0.389668,0
          </coordinates>
        </LineString>
      </Placemark>
      <Placemark>
        <name>24 Core Simp Malai - Simp 3 Gasan</name>
        <styleUrl>#line-00FF00-2000-nodesc</styleUrl>
        <LineString>
          <tessellate>1</tessellate>
          <coordinates>
            100.088165,-0.410017,0
            100.086166,-0.410178,0
            100.083913,-0.410387,0
            100.07842,-0.411113,0
            100.07709,-0.411242,0
            100.075749,-0.411018,0
          </coordinates>
        </LineString>
      </Placemark>
      <Placemark>
        <name>12 Core Simp 3 Gasan - SMPN 1 Batang Gasan</name>
        <styleUrl>#line-0000FF-2000-nodesc</styleUrl>
        <LineString>
          <tessellate>1</tessellate>
          <coordinates>
            100.075711,-0.410986,0
            100.07076,-0.413948,0
            100.06819,-0.414202,0
            100.066894,-0.415115,0
            100.066291,-0.415531,0
            100.066017,-0.416087,0
            100.064745,-0.416641,0
            100.062726,-0.417695,0
            100.061654,-0.417892,0
            100.059928,-0.418637,0
          </coordinates>
        </LineString>
      </Placemark>
      <Placemark>
        <name>Path Measure</name>
        <styleUrl>#line-FF0000-2000-nodesc</styleUrl>
        <LineString>
          <tessellate>1</tessellate>
          <coordinates>
            100.084617,-0.42095,0
            100.083656,-0.421711,0
            100.081517,-0.423032,0
            100.080071,-0.423625,0
            100.078942,-0.424084,0
            100.077709,-0.425243,0
            100.075727,-0.427265,0
            100.073296,-0.429509,0
            100.071963,-0.429798,0
            100.071222,-0.430432,0
            100.069528,-0.432176,0
            100.068686,-0.432817,0
            100.06813,-0.433378,0
            100.068012,-0.433903,0
            100.067837,-0.434522,0
            100.067164,-0.435528,0
            100.06675,-0.436258,0
            100.065309,-0.437594,0
            100.064586,-0.438517,0
            100.064469,-0.439018,0
            100.064723,-0.439571,0
            100.064646,-0.439964,0
            100.064204,-0.441515,0
            100.063593,-0.442178,0
            100.06204,-0.442935,0
          </coordinates>
        </LineString>
      </Placemark>
      <Placemark>
        <name>Untitled Placemark</name>
        <styleUrl>#icon-1899-DB4436-nodesc</styleUrl>
        <Point>
          <coordinates>
            100.088246,-0.416994,0
          </coordinates>
        </Point>
      </Placemark>
      <Placemark>
        <name>Untitled Placemark</name>
        <styleUrl>#icon-1899-DB4436-nodesc</styleUrl>
        <Point>
          <coordinates>
            100.087695,-0.40575,0
          </coordinates>
        </Point>
      </Placemark>
      <Placemark>
        <name>Untitled Placemark</name>
        <styleUrl>#icon-1899-DB4436-nodesc</styleUrl>
        <Point>
          <coordinates>
            100.110224,-0.409917,0
          </coordinates>
        </Point>
      </Placemark>
      <Placemark>
        <name>Untitled Placemark</name>
        <styleUrl>#icon-1899-DB4436-nodesc</styleUrl>
        <Point>
          <coordinates>
            100.086197,-0.417304,0
          </coordinates>
        </Point>
      </Placemark>
      <Placemark>
        <name>Untitled Placemark</name>
        <styleUrl>#icon-1899-DB4436-nodesc</styleUrl>
        <Point>
          <coordinates>
            100.088469,-0.415252,0
          </coordinates>
        </Point>
      </Placemark>
      <Placemark>
        <name>Untitled Placemark</name>
        <styleUrl>#icon-1899-DB4436-nodesc</styleUrl>
        <Point>
          <coordinates>
            100.087478,-0.403338,0
          </coordinates>
        </Point>
      </Placemark>
      <Placemark>
        <name>Untitled Placemark</name>
        <styleUrl>#icon-1899-DB4436-nodesc</styleUrl>
        <Point>
          <coordinates>
            100.119628,-0.406786,0
          </coordinates>
        </Point>
      </Placemark>
      <Placemark>
        <name>Untitled Placemark</name>
        <styleUrl>#icon-1899-DB4436-nodesc</styleUrl>
        <Point>
          <coordinates>
            100.12219,-0.40502,0
          </coordinates>
        </Point>
      </Placemark>
      <Placemark>
        <name>Untitled Placemark</name>
        <styleUrl>#icon-1899-DB4436-nodesc</styleUrl>
        <Point>
          <coordinates>
            100.122791,-0.403473,0
          </coordinates>
        </Point>
      </Placemark>
      <Placemark>
        <name>Untitled Placemark</name>
        <styleUrl>#icon-1899-DB4436-nodesc</styleUrl>
        <Point>
          <coordinates>
            100.122082,-0.402597,0
          </coordinates>
        </Point>
      </Placemark>
      <Placemark>
        <name>Untitled Placemark</name>
        <styleUrl>#icon-1899-DB4436-nodesc</styleUrl>
        <Point>
          <coordinates>
            100.075705,-0.410983,0
          </coordinates>
        </Point>
      </Placemark>
      <Placemark>
        <name>Untitled Placemark</name>
        <styleUrl>#icon-1899-DB4436-nodesc</styleUrl>
        <Point>
          <coordinates>
            100.075705,-0.410983,0
          </coordinates>
        </Point>
      </Placemark>
      <Placemark>
        <name>Untitled Placemark</name>
        <styleUrl>#icon-1899-DB4436-nodesc</styleUrl>
        <Point>
          <coordinates>
            100.088663,-0.391312,0
          </coordinates>
        </Point>
      </Placemark>
      <Placemark>
        <name>Untitled Placemark</name>
        <styleUrl>#icon-1899-DB4436-nodesc</styleUrl>
        <Point>
          <coordinates>
            100.096489,-0.406292,0
          </coordinates>
        </Point>
      </Placemark>
      <Placemark>
        <name>Untitled Placemark</name>
        <styleUrl>#icon-1899-DB4436-nodesc</styleUrl>
        <Point>
          <coordinates>
            100.105782,-0.406092,0
          </coordinates>
        </Point>
      </Placemark>
      <Placemark>
        <name>Untitled Placemark</name>
        <styleUrl>#icon-1899-DB4436-nodesc</styleUrl>
        <Point>
          <coordinates>
            100.06795,-0.444544,0
          </coordinates>
        </Point>
      </Placemark>
      <Placemark>
        <name>Untitled Placemark</name>
        <styleUrl>#icon-1899-DB4436-nodesc</styleUrl>
        <Point>
          <coordinates>
            100.075748,-0.410971,0
          </coordinates>
        </Point>
      </Placemark>
      <Placemark>
        <name>Untitled Placemark</name>
        <styleUrl>#icon-1899-DB4436-nodesc</styleUrl>
        <Point>
          <coordinates>
            100.055924,-0.455506,0
          </coordinates>
        </Point>
      </Placemark>
      <Placemark>
        <name>Untitled Placemark</name>
        <styleUrl>#icon-1899-DB4436-nodesc</styleUrl>
        <Point>
          <coordinates>
            100.084636,-0.421011,0
          </coordinates>
        </Point>
      </Placemark>
      <Placemark>
        <name>Untitled Placemark</name>
        <styleUrl>#icon-1899-DB4436-nodesc</styleUrl>
        <Point>
          <coordinates>
            100.06534,-0.43755,0
          </coordinates>
        </Point>
      </Placemark>
      <Placemark>
        <name>Untitled Placemark</name>
        <styleUrl>#icon-1899-DB4436-nodesc</styleUrl>
        <Point>
          <coordinates>
            100.084285,-0.396703,0
          </coordinates>
        </Point>
      </Placemark>
      <Placemark>
        <name>Untitled Placemark</name>
        <styleUrl>#icon-1899-DB4436-nodesc</styleUrl>
        <Point>
          <coordinates>
            100.123795,-0.402817,0
          </coordinates>
        </Point>
      </Placemark>
      <Placemark>
        <name>Untitled Placemark</name>
        <styleUrl>#icon-1899-DB4436-nodesc</styleUrl>
        <Point>
          <coordinates>
            100.096505,-0.406304,0
          </coordinates>
        </Point>
      </Placemark>
      <Placemark>
        <name>Untitled Placemark</name>
        <styleUrl>#icon-1899-DB4436-nodesc</styleUrl>
        <Point>
          <coordinates>
            100.044247,-0.428949,0
          </coordinates>
        </Point>
      </Placemark>
      <Placemark>
        <name>Untitled Placemark</name>
        <styleUrl>#icon-1899-DB4436-nodesc</styleUrl>
        <Point>
          <coordinates>
            100.094464,-0.406141,0
          </coordinates>
        </Point>
      </Placemark>
      <Placemark>
        <name>Untitled Placemark</name>
        <styleUrl>#icon-1899-DB4436-nodesc</styleUrl>
        <Point>
          <coordinates>
            100.088115,-0.409971,0
          </coordinates>
        </Point>
      </Placemark>
      <Placemark>
        <name>Untitled Placemark</name>
        <styleUrl>#icon-1899-DB4436-nodesc</styleUrl>
        <Point>
          <coordinates>
            100.107796,-0.404968,0
          </coordinates>
        </Point>
      </Placemark>
      <Placemark>
        <name>Untitled Placemark</name>
        <styleUrl>#icon-1899-DB4436-nodesc</styleUrl>
        <Point>
          <coordinates>
            100.093433,-0.407951,0
          </coordinates>
        </Point>
      </Placemark>
      <Placemark>
        <name>Untitled Placemark</name>
        <styleUrl>#icon-1899-DB4436-nodesc</styleUrl>
        <Point>
          <coordinates>
            100.085577,-0.414747,0
          </coordinates>
        </Point>
      </Placemark>
      <Placemark>
        <name>Untitled Placemark</name>
        <styleUrl>#icon-1899-DB4436-nodesc</styleUrl>
        <Point>
          <coordinates>
            100.101197,-0.409002,0
          </coordinates>
        </Point>
      </Placemark>
      <Placemark>
        <name>Untitled Placemark</name>
        <styleUrl>#icon-1899-DB4436-nodesc</styleUrl>
        <Point>
          <coordinates>
            100.098898,-0.406629,0
          </coordinates>
        </Point>
      </Placemark>
      <Placemark>
        <name>Untitled Placemark</name>
        <styleUrl>#icon-1899-DB4436-nodesc</styleUrl>
        <Point>
          <coordinates>
            100.077104,-0.416352,0
          </coordinates>
        </Point>
      </Placemark>
      <Placemark>
        <name>Untitled Placemark</name>
        <styleUrl>#icon-1899-DB4436-nodesc</styleUrl>
        <Point>
          <coordinates>
            100.103384,-0.407583,0
          </coordinates>
        </Point>
      </Placemark>
      <Placemark>
        <name>Untitled Placemark</name>
        <styleUrl>#icon-1899-DB4436-nodesc</styleUrl>
        <Point>
          <coordinates>
            100.074222,-0.418108,0
          </coordinates>
        </Point>
      </Placemark>
      <Placemark>
        <name>Untitled Placemark</name>
        <styleUrl>#icon-1899-DB4436-nodesc</styleUrl>
        <Point>
          <coordinates>
            100.067759,-0.42157,0
          </coordinates>
        </Point>
      </Placemark>
      <Placemark>
        <name>Untitled Placemark</name>
        <styleUrl>#icon-1899-DB4436-nodesc</styleUrl>
        <Point>
          <coordinates>
            100.063838,-0.42512,0
          </coordinates>
        </Point>
      </Placemark>
      <Placemark>
        <name>Untitled Placemark</name>
        <styleUrl>#icon-1899-DB4436-nodesc</styleUrl>
        <Point>
          <coordinates>
            100.08635,-0.404774,0
          </coordinates>
        </Point>
      </Placemark>
      <Placemark>
        <name>Untitled Placemark</name>
        <styleUrl>#icon-1899-DB4436-nodesc</styleUrl>
        <Point>
          <coordinates>
            100.083763,-0.404414,0
          </coordinates>
        </Point>
      </Placemark>
      <Placemark>
        <name>Untitled Placemark</name>
        <styleUrl>#icon-1899-DB4436-nodesc</styleUrl>
        <Point>
          <coordinates>
            100.090906,-0.391514,0
          </coordinates>
        </Point>
      </Placemark>
      <Placemark>
        <name>Untitled Placemark</name>
        <styleUrl>#icon-1899-DB4436-nodesc</styleUrl>
        <Point>
          <coordinates>
            100.092702,-0.39185,0
          </coordinates>
        </Point>
      </Placemark>
      <Placemark>
        <name>Untitled Placemark</name>
        <styleUrl>#icon-1899-DB4436-nodesc</styleUrl>
        <Point>
          <coordinates>
            100.092089,-0.392915,0
          </coordinates>
        </Point>
      </Placemark>
      <Placemark>
        <name>Untitled Placemark</name>
        <styleUrl>#icon-1899-DB4436-nodesc</styleUrl>
        <Point>
          <coordinates>
            100.09375,-0.39271,0
          </coordinates>
        </Point>
      </Placemark>
      <Placemark>
        <name>Untitled Placemark</name>
        <styleUrl>#icon-1899-DB4436-nodesc</styleUrl>
        <Point>
          <coordinates>
            100.095549,-0.393123,0
          </coordinates>
        </Point>
      </Placemark>
      <Placemark>
        <name>Untitled Placemark</name>
        <styleUrl>#icon-1899-DB4436-nodesc</styleUrl>
        <Point>
          <coordinates>
            100.098175,-0.394782,0
          </coordinates>
        </Point>
      </Placemark>
      <Placemark>
        <name>Untitled Placemark</name>
        <styleUrl>#icon-1899-DB4436-nodesc</styleUrl>
        <Point>
          <coordinates>
            100.100899,-0.395521,0
          </coordinates>
        </Point>
      </Placemark>
      <Placemark>
        <name>Untitled Placemark</name>
        <styleUrl>#icon-1899-DB4436-nodesc</styleUrl>
        <Point>
          <coordinates>
            100.105619,-0.395453,0
          </coordinates>
        </Point>
      </Placemark>
      <Placemark>
        <name>Untitled Placemark</name>
        <styleUrl>#icon-1899-DB4436-nodesc</styleUrl>
        <Point>
          <coordinates>
            100.107433,-0.395148,0
          </coordinates>
        </Point>
      </Placemark>
      <Placemark>
        <name>Untitled Placemark</name>
        <styleUrl>#icon-1899-DB4436-nodesc</styleUrl>
        <Point>
          <coordinates>
            100.08631,-0.395111,0
          </coordinates>
        </Point>
      </Placemark>
      <Placemark>
        <name>Untitled Placemark</name>
        <styleUrl>#icon-1899-DB4436-nodesc</styleUrl>
        <Point>
          <coordinates>
            100.088911,-0.394452,0
          </coordinates>
        </Point>
      </Placemark>
      <Placemark>
        <name>Untitled Placemark</name>
        <styleUrl>#icon-1899-DB4436-nodesc</styleUrl>
        <Point>
          <coordinates>
            100.088709,-0.392532,0
          </coordinates>
        </Point>
      </Placemark>
      <Placemark>
        <name>Untitled Placemark</name>
        <styleUrl>#icon-1899-DB4436-nodesc</styleUrl>
        <Point>
          <coordinates>
            100.088484,-0.387642,0
          </coordinates>
        </Point>
      </Placemark>
      <Placemark>
        <name>Untitled Placemark</name>
        <styleUrl>#icon-1899-DB4436-nodesc</styleUrl>
        <Point>
          <coordinates>
            100.108409,-0.407746,0
          </coordinates>
        </Point>
      </Placemark>
      <Placemark>
        <name>Untitled Placemark</name>
        <styleUrl>#icon-1899-DB4436-nodesc</styleUrl>
        <Point>
          <coordinates>
            100.110187,-0.407355,0
          </coordinates>
        </Point>
      </Placemark>
      <Placemark>
        <name>Untitled Placemark</name>
        <styleUrl>#icon-1899-DB4436-nodesc</styleUrl>
        <Point>
          <coordinates>
            100.111688,-0.40813,0
          </coordinates>
        </Point>
      </Placemark>
      <Placemark>
        <name>Untitled Placemark</name>
        <styleUrl>#icon-1899-DB4436-nodesc</styleUrl>
        <Point>
          <coordinates>
            100.079765,-0.396878,0
          </coordinates>
        </Point>
      </Placemark>
      <Placemark>
        <name>Untitled Placemark</name>
        <styleUrl>#icon-1899-DB4436-nodesc</styleUrl>
        <Point>
          <coordinates>
            100.085065,-0.423013,0
          </coordinates>
        </Point>
      </Placemark>
      <Placemark>
        <name>Untitled Placemark</name>
        <styleUrl>#icon-1899-DB4436-nodesc</styleUrl>
        <Point>
          <coordinates>
            100.073055,-0.412502,0
          </coordinates>
        </Point>
      </Placemark>
      <Placemark>
        <name>Untitled Placemark</name>
        <styleUrl>#icon-1899-DB4436-nodesc</styleUrl>
        <Point>
          <coordinates>
            100.06715,-0.446129,0
          </coordinates>
        </Point>
      </Placemark>
      <Placemark>
        <name>Untitled Placemark</name>
        <styleUrl>#icon-1899-DB4436-nodesc</styleUrl>
        <Point>
          <coordinates>
            100.053707,-0.423122,0
          </coordinates>
        </Point>
      </Placemark>
      <Placemark>
        <name>Untitled Placemark</name>
        <styleUrl>#icon-1899-DB4436-nodesc</styleUrl>
        <Point>
          <coordinates>
            100.085777,-0.422198,0
          </coordinates>
        </Point>
      </Placemark>
      <Placemark>
        <name>Untitled Placemark</name>
        <styleUrl>#icon-1899-DB4436-nodesc</styleUrl>
        <Point>
          <coordinates>
            100.087649,-0.405197,0
          </coordinates>
        </Point>
      </Placemark>
      <Placemark>
        <name>Untitled Placemark</name>
        <styleUrl>#icon-1899-DB4436-nodesc</styleUrl>
        <Point>
          <coordinates>
            100.088398,-0.41288,0
          </coordinates>
        </Point>
      </Placemark>
      <Placemark>
        <name>Untitled Placemark</name>
        <styleUrl>#icon-1899-DB4436-nodesc</styleUrl>
        <Point>
          <coordinates>
            100.111769,-0.404028,0
          </coordinates>
        </Point>
      </Placemark>
      <Placemark>
        <name>Untitled Placemark</name>
        <styleUrl>#icon-1899-DB4436-nodesc</styleUrl>
        <Point>
          <coordinates>
            100.085516,-0.420322,0
          </coordinates>
        </Point>
      </Placemark>
      <Placemark>
        <name>Untitled Placemark</name>
        <styleUrl>#icon-1899-DB4436-nodesc</styleUrl>
        <Point>
          <coordinates>
            100.088587,-0.415544,0
          </coordinates>
        </Point>
      </Placemark>
      <Placemark>
        <name>Untitled Placemark</name>
        <styleUrl>#icon-1899-DB4436-nodesc</styleUrl>
        <Point>
          <coordinates>
            100.087608,-0.418958,0
          </coordinates>
        </Point>
      </Placemark>
      <Placemark>
        <name>Untitled Placemark</name>
        <styleUrl>#icon-1899-DB4436-nodesc</styleUrl>
        <Point>
          <coordinates>
            100.078664,-0.410992,0
          </coordinates>
        </Point>
      </Placemark>
      <Placemark>
        <name>Untitled Placemark</name>
        <styleUrl>#icon-1899-DB4436-nodesc</styleUrl>
        <Point>
          <coordinates>
            100.081474,-0.423096,0
          </coordinates>
        </Point>
      </Placemark>
      <Placemark>
        <name>Untitled Placemark</name>
        <styleUrl>#icon-1899-DB4436-nodesc</styleUrl>
        <Point>
          <coordinates>
            100.073266,-0.429536,0
          </coordinates>
        </Point>
      </Placemark>
      <Placemark>
        <name>Untitled Placemark</name>
        <styleUrl>#icon-1899-DB4436-nodesc</styleUrl>
        <Point>
          <coordinates>
            100.053684,-0.421077,0
          </coordinates>
        </Point>
      </Placemark>
      <Placemark>
        <name>Untitled Placemark</name>
        <styleUrl>#icon-1899-DB4436-nodesc</styleUrl>
        <Point>
          <coordinates>
            100.060025,-0.418546,0
          </coordinates>
        </Point>
      </Placemark>
      <Placemark>
        <name>Untitled Placemark</name>
        <styleUrl>#icon-1899-DB4436-nodesc</styleUrl>
        <Point>
          <coordinates>
            100.049625,-0.424788,0
          </coordinates>
        </Point>
      </Placemark>
      <Placemark>
        <name>Untitled Placemark</name>
        <styleUrl>#icon-1899-DB4436-nodesc</styleUrl>
        <Point>
          <coordinates>
            100.055409,-0.421205,0
          </coordinates>
        </Point>
      </Placemark>
      <Placemark>
        <name>Untitled Placemark</name>
        <styleUrl>#icon-1899-DB4436-nodesc</styleUrl>
        <Point>
          <coordinates>
            100.04066,-0.43207,0
          </coordinates>
        </Point>
      </Placemark>
      <Placemark>
        <name>Untitled Placemark</name>
        <styleUrl>#icon-1899-DB4436-nodesc</styleUrl>
        <Point>
          <coordinates>
            100.039685,-0.433209,0
          </coordinates>
        </Point>
      </Placemark>
      <Placemark>
        <name>Untitled Placemark</name>
        <styleUrl>#icon-1899-DB4436-nodesc</styleUrl>
        <Point>
          <coordinates>
            100.077436,-0.3973,0
          </coordinates>
        </Point>
      </Placemark>
      <Placemark>
        <name>Untitled Placemark</name>
        <styleUrl>#icon-1899-DB4436-nodesc</styleUrl>
        <Point>
          <coordinates>
            100.086318,-0.417239,0
          </coordinates>
        </Point>
      </Placemark>
      <Placemark>
        <name>Untitled Placemark</name>
        <styleUrl>#icon-1899-DB4436-nodesc</styleUrl>
        <Point>
          <coordinates>
            100.086192,-0.420557,0
          </coordinates>
        </Point>
      </Placemark>
      <Placemark>
        <name>Untitled Placemark</name>
        <styleUrl>#icon-1899-DB4436-nodesc</styleUrl>
        <Point>
          <coordinates>
            100.049038,-0.421964,0
          </coordinates>
        </Point>
      </Placemark>
      <Placemark>
        <name>Untitled Placemark</name>
        <styleUrl>#icon-1899-DB4436-nodesc</styleUrl>
        <Point>
          <coordinates>
            100.087177,-0.420361,0
          </coordinates>
        </Point>
      </Placemark>
      <Placemark>
        <name>Untitled Placemark</name>
        <styleUrl>#icon-1899-DB4436-nodesc</styleUrl>
        <Point>
          <coordinates>
            100.088534,-0.415197,0
          </coordinates>
        </Point>
      </Placemark>
      <Placemark>
        <name>Untitled Placemark</name>
        <styleUrl>#icon-1899-DB4436-nodesc</styleUrl>
        <Point>
          <coordinates>
            100.083676,-0.410318,0
          </coordinates>
        </Point>
      </Placemark>
      <Placemark>
        <name>Untitled Placemark</name>
        <styleUrl>#icon-1899-DB4436-nodesc</styleUrl>
        <Point>
          <coordinates>
            100.080037,-0.423641,0
          </coordinates>
        </Point>
      </Placemark>
      <Placemark>
        <name>Untitled Placemark</name>
        <styleUrl>#icon-1899-DB4436-nodesc</styleUrl>
        <Point>
          <coordinates>
            100.071232,-0.430395,0
          </coordinates>
        </Point>
      </Placemark>
      <Placemark>
        <name>Untitled Placemark</name>
        <styleUrl>#icon-1899-DB4436-nodesc</styleUrl>
        <Point>
          <coordinates>
            100.110167,-0.404122,0
          </coordinates>
        </Point>
      </Placemark>
      <Placemark>
        <name>Untitled Placemark</name>
        <styleUrl>#icon-1899-DB4436-nodesc</styleUrl>
        <Point>
          <coordinates>
            100.075892,-0.397482,0
          </coordinates>
        </Point>
      </Placemark>
      <Placemark>
        <name>Untitled Placemark</name>
        <styleUrl>#icon-1899-DB4436-nodesc</styleUrl>
        <Point>
          <coordinates>
            100.08372,-0.418513,0
          </coordinates>
        </Point>
      </Placemark>
      <Placemark>
        <name>Untitled Placemark</name>
        <styleUrl>#icon-1899-DB4436-nodesc</styleUrl>
        <Point>
          <coordinates>
            100.077693,-0.425232,0
          </coordinates>
        </Point>
      </Placemark>
      <Placemark>
        <name>Untitled Placemark</name>
        <styleUrl>#icon-1899-DB4436-nodesc</styleUrl>
        <Point>
          <coordinates>
            100.068046,-0.433968,0
          </coordinates>
        </Point>
      </Placemark>
      <Placemark>
        <name>Untitled Placemark</name>
        <styleUrl>#icon-1899-DB4436-nodesc</styleUrl>
        <Point>
          <coordinates>
            100.096505,-0.406304,0
          </coordinates>
        </Point>
      </Placemark>
      <Placemark>
        <name>Untitled Placemark</name>
        <styleUrl>#icon-1899-DB4436-nodesc</styleUrl>
        <Point>
          <coordinates>
            100.113787,-0.403994,0
          </coordinates>
        </Point>
      </Placemark>
      <Placemark>
        <name>Untitled Placemark</name>
        <styleUrl>#icon-1899-DB4436-nodesc</styleUrl>
        <Point>
          <coordinates>
            100.073647,-0.397034,0
          </coordinates>
        </Point>
      </Placemark>
      <Placemark>
        <name>Untitled Placemark</name>
        <styleUrl>#icon-1899-DB4436-nodesc</styleUrl>
        <Point>
          <coordinates>
            100.08411,-0.420001,0
          </coordinates>
        </Point>
      </Placemark>
      <Placemark>
        <name>Untitled Placemark</name>
        <styleUrl>#icon-1899-DB4436-nodesc</styleUrl>
        <Point>
          <coordinates>
            100.075709,-0.427326,0
          </coordinates>
        </Point>
      </Placemark>
      <Placemark>
        <name>Untitled Placemark</name>
        <styleUrl>#icon-1899-DB4436-nodesc</styleUrl>
        <Point>
          <coordinates>
            100.11566,-0.403069,0
          </coordinates>
        </Point>
      </Placemark>
      <Placemark>
        <name>Untitled Placemark</name>
        <styleUrl>#icon-1899-DB4436-nodesc</styleUrl>
        <Point>
          <coordinates>
            100.093288,-0.406455,0
          </coordinates>
        </Point>
      </Placemark>
      <Placemark>
        <name>Untitled Placemark</name>
        <styleUrl>#icon-1899-DB4436-nodesc</styleUrl>
        <Point>
          <coordinates>
            100.072831,-0.397076,0
          </coordinates>
        </Point>
      </Placemark>
      <Placemark>
        <name>Untitled Placemark</name>
        <styleUrl>#icon-1899-DB4436-nodesc</styleUrl>
        <Point>
          <coordinates>
            100.064732,-0.439642,0
          </coordinates>
        </Point>
      </Placemark>
      <Placemark>
        <name>Untitled Placemark</name>
        <styleUrl>#icon-1899-DB4436-nodesc</styleUrl>
        <Point>
          <coordinates>
            100.093525,-0.407908,0
          </coordinates>
        </Point>
      </Placemark>
      <Placemark>
        <name>Untitled Placemark</name>
        <styleUrl>#icon-1899-DB4436-nodesc</styleUrl>
        <Point>
          <coordinates>
            100.069118,-0.39687,0
          </coordinates>
        </Point>
      </Placemark>
      <Placemark>
        <name>Untitled Placemark</name>
        <styleUrl>#icon-1899-DB4436-nodesc</styleUrl>
        <Point>
          <coordinates>
            100.064131,-0.441633,0
          </coordinates>
        </Point>
      </Placemark>
      <Placemark>
        <name>Untitled Placemark</name>
        <styleUrl>#icon-1899-DB4436-nodesc</styleUrl>
        <Point>
          <coordinates>
            100.090966,-0.40906,0
          </coordinates>
        </Point>
      </Placemark>
      <Placemark>
        <name>Untitled Placemark</name>
        <styleUrl>#icon-1899-DB4436-nodesc</styleUrl>
        <Point>
          <coordinates>
            100.062058,-0.443018,0
          </coordinates>
        </Point>
      </Placemark>
      <Placemark>
        <name>Untitled Placemark</name>
        <styleUrl>#icon-1899-DB4436-nodesc</styleUrl>
        <Point>
          <coordinates>
            100.075007,-0.430824,0
          </coordinates>
        </Point>
      </Placemark>
      <Placemark>
        <name>Untitled Placemark</name>
        <styleUrl>#icon-1899-DB4436-nodesc</styleUrl>
        <Point>
          <coordinates>
            100.082875,-0.425201,0
          </coordinates>
        </Point>
      </Placemark>
      <Placemark>
        <name>Untitled Placemark</name>
        <styleUrl>#icon-1899-DB4436-nodesc</styleUrl>
        <Point>
          <coordinates>
            100.071311,-0.434331,0
          </coordinates>
        </Point>
      </Placemark>
      <Placemark>
        <name>Untitled Placemark</name>
        <styleUrl>#icon-1899-DB4436-nodesc</styleUrl>
        <Point>
          <coordinates>
            100.067676,-0.414419,0
          </coordinates>
        </Point>
      </Placemark>
      <Placemark>
        <name>Untitled Placemark</name>
        <styleUrl>#icon-1899-DB4436-nodesc</styleUrl>
        <Point>
          <coordinates>
            100.080421,-0.427342,0
          </coordinates>
        </Point>
      </Placemark>
      <Placemark>
        <name>Untitled Placemark</name>
        <styleUrl>#icon-1899-DB4436-nodesc</styleUrl>
        <Point>
          <coordinates>
            100.064766,-0.416564,0
          </coordinates>
        </Point>
      </Placemark>
      <Placemark>
        <name>Untitled Placemark</name>
        <styleUrl>#icon-1899-DB4436-nodesc</styleUrl>
        <Point>
          <coordinates>
            100.044745,-0.426188,0
          </coordinates>
        </Point>
      </Placemark>
      <Placemark>
        <name>Untitled Placemark</name>
        <styleUrl>#icon-1899-DB4436-nodesc</styleUrl>
        <Point>
          <coordinates>
            100.069933,-0.438306,0
          </coordinates>
        </Point>
      </Placemark>
      <Placemark>
        <name>Untitled Placemark</name>
        <styleUrl>#icon-1899-DB4436-nodesc</styleUrl>
        <Point>
          <coordinates>
            100.065776,-0.445847,0
          </coordinates>
        </Point>
      </Placemark>
      <Placemark>
        <name>Untitled Placemark</name>
        <styleUrl>#icon-1899-DB4436-nodesc</styleUrl>
        <Point>
          <coordinates>
            100.062935,-0.447747,0
          </coordinates>
        </Point>
      </Placemark>
      <Placemark>
        <name>Untitled Placemark</name>
        <styleUrl>#icon-1899-DB4436-nodesc</styleUrl>
        <Point>
          <coordinates>
            100.059662,-0.450592,0
          </coordinates>
        </Point>
      </Placemark>
      <Placemark>
        <name>Untitled Placemark</name>
        <styleUrl>#icon-1899-DB4436-nodesc</styleUrl>
        <Point>
          <coordinates>
            100.058749,-0.453249,0
          </coordinates>
        </Point>
      </Placemark>
      <Placemark>
        <name>Untitled Placemark</name>
        <styleUrl>#icon-1899-DB4436-nodesc</styleUrl>
        <Point>
          <coordinates>
            100.120506,-0.401578,0
          </coordinates>
        </Point>
      </Placemark>
      <Placemark>
        <name>Untitled Placemark</name>
        <styleUrl>#icon-1899-DB4436-nodesc</styleUrl>
        <Point>
          <coordinates>
            100.118145,-0.402462,0
          </coordinates>
        </Point>
      </Placemark>
      <Placemark>
        <name>Untitled Placemark</name>
        <styleUrl>#icon-1899-DB4436-nodesc</styleUrl>
        <Point>
          <coordinates>
            100.133987,-0.413544,0
          </coordinates>
        </Point>
      </Placemark>
      <Placemark>
        <name>Untitled Placemark</name>
        <styleUrl>#icon-1899-DB4436-nodesc</styleUrl>
        <Point>
          <coordinates>
            100.13056,-0.414886,0
          </coordinates>
        </Point>
      </Placemark>
      <Placemark>
        <name>Untitled Placemark</name>
        <styleUrl>#icon-1899-DB4436-nodesc</styleUrl>
        <Point>
          <coordinates>
            100.128332,-0.414786,0
          </coordinates>
        </Point>
      </Placemark>
      <Placemark>
        <name>Untitled Placemark</name>
        <styleUrl>#icon-1899-DB4436-nodesc</styleUrl>
        <Point>
          <coordinates>
            100.126671,-0.415417,0
          </coordinates>
        </Point>
      </Placemark>
      <Placemark>
        <name>Untitled Placemark</name>
        <styleUrl>#icon-1899-DB4436-nodesc</styleUrl>
        <Point>
          <coordinates>
            100.125354,-0.416205,0
          </coordinates>
        </Point>
      </Placemark>
      <Placemark>
        <name>Untitled Placemark</name>
        <styleUrl>#icon-1899-DB4436-nodesc</styleUrl>
        <Point>
          <coordinates>
            100.126701,-0.41807,0
          </coordinates>
        </Point>
      </Placemark>
      <Placemark>
        <name>Untitled Placemark</name>
        <styleUrl>#icon-1899-DB4436-nodesc</styleUrl>
        <Point>
          <coordinates>
            100.123544,-0.417053,0
          </coordinates>
        </Point>
      </Placemark>
      <Placemark>
        <name>Untitled Placemark</name>
        <styleUrl>#icon-1899-DB4436-nodesc</styleUrl>
        <Point>
          <coordinates>
            100.122324,-0.417777,0
          </coordinates>
        </Point>
      </Placemark>
      <Placemark>
        <name>Untitled Placemark</name>
        <styleUrl>#icon-1899-DB4436-nodesc</styleUrl>
        <Point>
          <coordinates>
            100.119647,-0.41778,0
          </coordinates>
        </Point>
      </Placemark>
      <Placemark>
        <name>Untitled Placemark</name>
        <styleUrl>#icon-1899-DB4436-nodesc</styleUrl>
        <Point>
          <coordinates>
            100.116846,-0.419246,0
          </coordinates>
        </Point>
      </Placemark>
      <Placemark>
        <name>Untitled Placemark</name>
        <styleUrl>#icon-1899-DB4436-nodesc</styleUrl>
        <Point>
          <coordinates>
            100.115533,-0.419637,0
          </coordinates>
        </Point>
      </Placemark>
      <Placemark>
        <name>Untitled Placemark</name>
        <styleUrl>#icon-1899-DB4436-nodesc</styleUrl>
        <Point>
          <coordinates>
            100.113935,-0.420718,0
          </coordinates>
        </Point>
      </Placemark>
      <Placemark>
        <name>Untitled Placemark</name>
        <styleUrl>#icon-1899-DB4436-nodesc</styleUrl>
        <Point>
          <coordinates>
            100.11206,-0.419448,0
          </coordinates>
        </Point>
      </Placemark>
      <Placemark>
        <name>Untitled Placemark</name>
        <styleUrl>#icon-1899-DB4436-nodesc</styleUrl>
        <Point>
          <coordinates>
            100.1095,-0.421726,0
          </coordinates>
        </Point>
      </Placemark>
      <Placemark>
        <name>Untitled Placemark</name>
        <styleUrl>#icon-1899-DB4436-nodesc</styleUrl>
        <Point>
          <coordinates>
            100.108391,-0.423804,0
          </coordinates>
        </Point>
      </Placemark>
      <Placemark>
        <name>Untitled Placemark</name>
        <styleUrl>#icon-1899-DB4436-nodesc</styleUrl>
        <Point>
          <coordinates>
            100.107687,-0.425836,0
          </coordinates>
        </Point>
      </Placemark>
      <Placemark>
        <name>Untitled Placemark</name>
        <styleUrl>#icon-1899-DB4436-nodesc</styleUrl>
        <Point>
          <coordinates>
            100.104705,-0.429353,0
          </coordinates>
        </Point>
      </Placemark>
      <Placemark>
        <name>Untitled Placemark</name>
        <styleUrl>#icon-1899-DB4436-nodesc</styleUrl>
        <Point>
          <coordinates>
            100.102852,-0.431173,0
          </coordinates>
        </Point>
      </Placemark>
      <Placemark>
        <name>Untitled Placemark</name>
        <styleUrl>#icon-1899-DB4436-nodesc</styleUrl>
        <Point>
          <coordinates>
            100.099792,-0.434559,0
          </coordinates>
        </Point>
      </Placemark>
      <Placemark>
        <name>Untitled Placemark</name>
        <styleUrl>#icon-1899-DB4436-nodesc</styleUrl>
        <Point>
          <coordinates>
            100.09795,-0.436765,0
          </coordinates>
        </Point>
      </Placemark>
      <Placemark>
        <name>Untitled Placemark</name>
        <styleUrl>#icon-1899-DB4436-nodesc</styleUrl>
        <Point>
          <coordinates>
            100.094945,-0.439527,0
          </coordinates>
        </Point>
      </Placemark>
      <Placemark>
        <name>Untitled Placemark</name>
        <styleUrl>#icon-1899-DB4436-nodesc</styleUrl>
        <Point>
          <coordinates>
            100.093842,-0.44383,0
          </coordinates>
        </Point>
      </Placemark>
      <Placemark>
        <name>Untitled Placemark</name>
        <styleUrl>#icon-1899-DB4436-nodesc</styleUrl>
        <Point>
          <coordinates>
            100.092163,-0.447653,0
          </coordinates>
        </Point>
      </Placemark>
      <Placemark>
        <name>Untitled Placemark</name>
        <styleUrl>#icon-1899-DB4436-nodesc</styleUrl>
        <Point>
          <coordinates>
            100.092502,-0.451074,0
          </coordinates>
        </Point>
      </Placemark>
      <Placemark>
        <name>Untitled Placemark</name>
        <styleUrl>#icon-1899-DB4436-nodesc</styleUrl>
        <Point>
          <coordinates>
            100.092651,-0.454462,0
          </coordinates>
        </Point>
      </Placemark>
      <Placemark>
        <name>Untitled Placemark</name>
        <styleUrl>#icon-1899-DB4436-nodesc</styleUrl>
        <Point>
          <coordinates>
            100.098099,-0.410553,0
          </coordinates>
        </Point>
      </Placemark>
      <Placemark>
        <name>Untitled Placemark</name>
        <styleUrl>#icon-1899-DB4436-nodesc</styleUrl>
        <Point>
          <coordinates>
            100.095802,-0.411758,0
          </coordinates>
        </Point>
      </Placemark>
      <Placemark>
        <name>Kalawi - Sungai Rantai 4,5 KM</name>
        <styleUrl>#line-FF0000-2000-nodesc</styleUrl>
        <LineString>
          <tessellate>1</tessellate>
          <coordinates>
            100.108849,-0.423036,0
            100.11004,-0.423723,0
            100.1107,-0.424889,0
            100.111213,-0.426236,0
            100.111741,-0.427159,0
            100.112581,-0.427643,0
            100.11336,-0.427166,0
            100.113878,-0.427095,0
            100.114937,-0.428053,0
            100.117215,-0.428158,0
            100.119176,-0.427994,0
            100.122145,-0.427969,0
            100.122087,-0.42919,0
            100.123749,-0.430639,0
            100.124652,-0.431368,0
            100.126269,-0.430476,0
            100.131234,-0.431983,0
            100.133322,-0.432856,0
            100.134153,-0.434021,0
            100.135254,-0.433311,0
            100.136336,-0.433829,0
            100.137547,-0.433815,0
            100.138661,-0.434673,0
            100.139425,-0.435713,0
            100.139974,-0.436263,0
            100.139628,-0.436616,0
          </coordinates>
        </LineString>
      </Placemark>
      <Placemark>
        <name>Koto Bangko - Simp Durian Taba 2km</name>
        <styleUrl>#line-FF0000-2000-nodesc</styleUrl>
        <LineString>
          <tessellate>1</tessellate>
          <coordinates>
            100.124348,-0.447241,0
            100.124746,-0.444849,0
            100.125104,-0.44094,0
            100.12585,-0.437744,0
            100.126271,-0.435552,0
            100.124811,-0.431521,0
          </coordinates>
        </LineString>
      </Placemark>
      <Placemark>
        <name>FO Kalawi - K Dadok 4km</name>
        <styleUrl>#line-FF0000-2000-nodesc</styleUrl>
        <LineString>
          <tessellate>1</tessellate>
          <coordinates>
            100.108913,-0.422887,0
            100.107864,-0.424758,0
            100.107766,-0.425815,0
            100.106421,-0.42819,0
            100.105551,-0.428691,0
            100.103545,-0.430481,0
            100.102769,-0.431328,0
            100.101847,-0.432703,0
            100.101632,-0.433353,0
            100.101152,-0.433978,0
            100.100471,-0.434155,0
            100.100031,-0.434487,0
            100.099509,-0.434826,0
            100.099324,-0.435342,0
            100.099218,-0.4364,0
            100.098231,-0.436853,0
            100.097231,-0.437089,0
            100.096559,-0.43769,0
            100.095098,-0.439188,0
            100.094315,-0.440319,0
            100.09401,-0.440804,0
            100.093951,-0.44138,0
            100.094161,-0.441949,0
            100.094345,-0.44261,0
            100.094106,-0.443152,0
            100.093851,-0.44367,0
            100.094564,-0.444267,0
            100.09523,-0.444167,0
            100.09564,-0.444563,0
            100.095914,-0.44511,0
            100.096551,-0.4456,0
            100.097181,-0.446378,0
            100.097754,-0.44686,0
            100.097599,-0.447453,0
          </coordinates>
        </LineString>
      </Placemark>
      <Placemark>
        <name>48 Core Pasar Suger - Simp Tj Alai</name>
        <styleUrl>#line-FF0000-2000-nodesc</styleUrl>
        <LineString>
          <tessellate>1</tessellate>
          <coordinates>
            100.086548,-0.422341,0
            100.08667,-0.423442,0
            100.086612,-0.423788,0
            100.086509,-0.424078,0
            100.086111,-0.424494,0
            100.086018,-0.424806,0
            100.086513,-0.425489,0
            100.086844,-0.425962,0
            100.086652,-0.42641,0
            100.086299,-0.426501,0
            100.086193,-0.427023,0
            100.086689,-0.428775,0
            100.086684,-0.431064,0
            100.086579,-0.433509,0
            100.086595,-0.435044,0
            100.086373,-0.435938,0
            100.086128,-0.436169,0
            100.085832,-0.43686,0
            100.085514,-0.437495,0
            100.08569,-0.438054,0
            100.085345,-0.438552,0
            100.085454,-0.439151,0
            100.086137,-0.439939,0
          </coordinates>
        </LineString>
      </Placemark>
      <Placemark>
        <name>24 Core Simp Tj Alai - Kalawi 4km</name>
        <styleUrl>#line-FF0000-2000-nodesc</styleUrl>
        <LineString>
          <tessellate>1</tessellate>
          <coordinates>
            100.108869,-0.422868,0
            100.108188,-0.422069,0
            100.107994,-0.421339,0
            100.107313,-0.421977,0
            100.106185,-0.421414,0
            100.106031,-0.421093,0
            100.105694,-0.421019,0
            100.102729,-0.4218,0
            100.100881,-0.421809,0
            100.099877,-0.420861,0
            100.098205,-0.421128,0
            100.096529,-0.422304,0
            100.094466,-0.425241,0
            100.092991,-0.428297,0
            100.091618,-0.43211,0
            100.089434,-0.435763,0
            100.087381,-0.437673,0
            100.086477,-0.438285,0
            100.086205,-0.438978,0
            100.086154,-0.439517,0
            100.086138,-0.439938,0
          </coordinates>
        </LineString>
      </Placemark>
    </Folder>
    <Folder>
      <name>Golden Net Biaro</name>
      <Placemark>
        <name/>
        <description><![CDATA[nama: 48 3300 Simp Biaro - Simp Tj Alam<br>deskripsi: Jumlah Core : 48 Core<br>Jumlah Core Terpakai : 24 Core<br>Klasifikasi Kabel : Backbone<br>Letak Kabel : Udara]]></description>
        <styleUrl>#line-000000-1200</styleUrl>
        <ExtendedData>
          <Data name="nama">
            <value>48 3300 Simp Biaro - Simp Tj Alam</value>
          </Data>
          <Data name="deskripsi">
            <value>Jumlah Core : 48 Core
Jumlah Core Terpakai : 24 Core
Klasifikasi Kabel : Backbone
Letak Kabel : Udara</value>
          </Data>
        </ExtendedData>
        <LineString>
          <tessellate>1</tessellate>
          <coordinates>
            100.43034,-0.284858,0
            100.431006,-0.284904,0
            100.431051,-0.286063,0
            100.431079,-0.287326,0
            100.431149,-0.288624,0
            100.430669,-0.288639,0
            100.42955,-0.288838,0
            100.427969,-0.289153,0
            100.426407,-0.289486,0
            100.424996,-0.289794,0
            100.423033,-0.290239,0
            100.421494,-0.290519,0
            100.419667,-0.29086,0
            100.417535,-0.291299,0
            100.415634,-0.291687,0
            100.414226,-0.291991,0
            100.412688,-0.292282,0
            100.41102,-0.29263,0
            100.409336,-0.292994,0
          </coordinates>
        </LineString>
      </Placemark>
      <Placemark>
        <name/>
        <description><![CDATA[nama: 24 1600 Simp Mandiangin - BTS Bukittinggi<br>deskripsi: Jumlah Core : 24 Core<br>Jumlah Core Terpakai : 12 Core<br>Klasifikasi Kabel : Backbone<br>Letak Kabel : Udara]]></description>
        <styleUrl>#line-000000-1200</styleUrl>
        <ExtendedData>
          <Data name="nama">
            <value>24 1600 Simp Mandiangin - BTS Bukittinggi</value>
          </Data>
          <Data name="deskripsi">
            <value>Jumlah Core : 24 Core
Jumlah Core Terpakai : 12 Core
Klasifikasi Kabel : Backbone
Letak Kabel : Udara</value>
          </Data>
        </ExtendedData>
        <LineString>
          <tessellate>1</tessellate>
          <coordinates>
            100.377194,-0.299105,0
            100.376619,-0.299223,0
            100.375769,-0.299469,0
            100.375387,-0.29965,0
            100.374028,-0.300434,0
            100.373414,-0.30081,0
            100.372794,-0.30128,0
            100.372178,-0.301683,0
            100.371502,-0.302156,0
            100.371282,-0.302286,0
            100.370985,-0.302088,0
            100.370919,-0.301676,0
            100.370977,-0.30142,0
            100.371168,-0.30118,0
            100.371469,-0.301003,0
            100.371583,-0.300815,0
            100.371655,-0.300587,0
            100.370983,-0.300534,0
            100.371009,-0.30077,0
            100.370443,-0.300926,0
            100.369973,-0.300999,0
            100.369723,-0.301272,0
            100.369604,-0.301602,0
            100.369596,-0.301986,0
            100.36981,-0.302421,0
            100.369932,-0.302776,0
            100.369955,-0.302953,0
            100.369979,-0.303107,0
            100.369874,-0.303256,0
            100.369653,-0.303272,0
          </coordinates>
        </LineString>
      </Placemark>
      <Placemark>
        <name/>
        <description><![CDATA[nama: 12 1000 Simp Mandiangin SMAN 1 Bukittinggi<br>deskripsi: Jumlah Core : 12 Core<br>Jumlah Core Terpakai : 12 Core<br>Klasifikasi Kabel : Distribusi<br>Letak Kabel : Udara]]></description>
        <styleUrl>#line-000000-1200</styleUrl>
        <ExtendedData>
          <Data name="nama">
            <value>12 1000 Simp Mandiangin SMAN 1 Bukittinggi</value>
          </Data>
          <Data name="deskripsi">
            <value>Jumlah Core : 12 Core
Jumlah Core Terpakai : 12 Core
Klasifikasi Kabel : Distribusi
Letak Kabel : Udara</value>
          </Data>
        </ExtendedData>
        <LineString>
          <tessellate>1</tessellate>
          <coordinates>
            100.377182,-0.29913,0
            100.376165,-0.299395,0
            100.375383,-0.299699,0
            100.374626,-0.300133,0
            100.375521,-0.301864,0
            100.376078,-0.30282,0
            100.376361,-0.303211,0
            100.375488,-0.303449,0
            100.374859,-0.303587,0
            100.374526,-0.303585,0
            100.373965,-0.303457,0
            100.373693,-0.30343,0
            100.373415,-0.303422,0
          </coordinates>
        </LineString>
      </Placemark>
      <Placemark>
        <name/>
        <description><![CDATA[nama: 12 Core BTS Bukittinggi - RSAM<br>deskripsi: Jumlah Core : 12 Core<br>Jumlah Core Terpakai : 6 Core<br>Klasifikasi Kabel : Distribusi<br>Letak Kabel : Udara]]></description>
        <styleUrl>#line-000000-1200</styleUrl>
        <ExtendedData>
          <Data name="nama">
            <value>12 Core BTS Bukittinggi - RSAM</value>
          </Data>
          <Data name="deskripsi">
            <value>Jumlah Core : 12 Core
Jumlah Core Terpakai : 6 Core
Klasifikasi Kabel : Distribusi
Letak Kabel : Udara</value>
          </Data>
        </ExtendedData>
        <LineString>
          <tessellate>1</tessellate>
          <coordinates>
            100.371006,-0.300723,0
            100.371014,-0.30053,0
            100.37165,-0.300583,0
            100.371742,-0.300358,0
            100.370434,-0.299561,0
            100.369771,-0.299417,0
            100.368841,-0.299369,0
            100.368211,-0.298957,0
            100.367013,-0.299406,0
            100.366478,-0.299807,0
          </coordinates>
        </LineString>
      </Placemark>
      <Placemark>
        <name/>
        <description><![CDATA[nama: 12 Core RSAM - Ranjau<br>deskripsi: Jumlah Core : 12 Core<br>Jumlah Core Terpakai : 6 Core<br>Klasifikasi Kabel : Distribusi<br>Letak Kabel : Udara]]></description>
        <styleUrl>#line-000000-1200</styleUrl>
        <ExtendedData>
          <Data name="nama">
            <value>12 Core RSAM - Ranjau</value>
          </Data>
          <Data name="deskripsi">
            <value>Jumlah Core : 12 Core
Jumlah Core Terpakai : 6 Core
Klasifikasi Kabel : Distribusi
Letak Kabel : Udara</value>
          </Data>
        </ExtendedData>
        <LineString>
          <tessellate>1</tessellate>
          <coordinates>
            100.366479,-0.29979,0
            100.366652,-0.299175,0
            100.365229,-0.298629,0
            100.36526,-0.297873,0
            100.365054,-0.297332,0
            100.363472,-0.297075,0
            100.362095,-0.296268,0
            100.360629,-0.295429,0
            100.360062,-0.294853,0
            100.359442,-0.294431,0
            100.35916,-0.294107,0
            100.358749,-0.293938,0
            100.358271,-0.294409,0
            100.357656,-0.294583,0
            100.357044,-0.294668,0
            100.356419,-0.294846,0
            100.355368,-0.295286,0
            100.354623,-0.295872,0
            100.353751,-0.296373,0
          </coordinates>
        </LineString>
      </Placemark>
      <Placemark>
        <name/>
        <description><![CDATA[nama: 4 Core PMI<br>deskripsi: Jumlah Core : 4 Core<br>Jumlah Core Terpakai : 2 Core<br>Klasifikasi Kabel : Distribusi<br>Letak Kabel : Udara]]></description>
        <styleUrl>#line-000000-1200</styleUrl>
        <ExtendedData>
          <Data name="nama">
            <value>4 Core PMI</value>
          </Data>
          <Data name="deskripsi">
            <value>Jumlah Core : 4 Core
Jumlah Core Terpakai : 2 Core
Klasifikasi Kabel : Distribusi
Letak Kabel : Udara</value>
          </Data>
        </ExtendedData>
        <LineString>
          <tessellate>1</tessellate>
          <coordinates>
            100.366479,-0.299785,0
            100.366114,-0.301137,0
            100.365912,-0.301679,0
          </coordinates>
        </LineString>
      </Placemark>
      <Placemark>
        <name/>
        <description><![CDATA[nama: 12 Core Padang Hijau<br>deskripsi: Jumlah Core : 12 Core<br>Jumlah Core Terpakai : 6 Core<br>Klasifikasi Kabel : Distribusi<br>Letak Kabel : Udara]]></description>
        <styleUrl>#line-000000-1200</styleUrl>
        <ExtendedData>
          <Data name="nama">
            <value>12 Core Padang Hijau</value>
          </Data>
          <Data name="deskripsi">
            <value>Jumlah Core : 12 Core
Jumlah Core Terpakai : 6 Core
Klasifikasi Kabel : Distribusi
Letak Kabel : Udara</value>
          </Data>
        </ExtendedData>
        <LineString>
          <tessellate>1</tessellate>
          <coordinates>
            100.379113,-0.298687,0
            100.378557,-0.297659,0
            100.377406,-0.296481,0
            100.376777,-0.295485,0
            100.375899,-0.293428,0
            100.375209,-0.291224,0
            100.374345,-0.288682,0
            100.373077,-0.286612,0
            100.371289,-0.284739,0
            100.369502,-0.282944,0
            100.367326,-0.280785,0
            100.365995,-0.27954,0
            100.366376,-0.278457,0
            100.366978,-0.2781,0
            100.367005,-0.277241,0
            100.368249,-0.275173,0
            100.369739,-0.271802,0
            100.366397,-0.27126,0
            100.362677,-0.270884,0
            100.359562,-0.270995,0
            100.358764,-0.270889,0
            100.356989,-0.269,0
            100.356473,-0.265988,0
            100.355982,-0.264073,0
            100.355398,-0.26353,0
            100.35534,-0.262886,0
            100.354666,-0.262065,0
            100.353678,-0.261915,0
          </coordinates>
        </LineString>
      </Placemark>
      <Placemark>
        <name/>
        <description><![CDATA[nama: POP Bukittinggi<br>deskripsi: ]]></description>
        <styleUrl>#icon-1899-0288D1</styleUrl>
        <ExtendedData>
          <Data name="nama">
            <value>POP Bukittinggi</value>
          </Data>
          <Data name="deskripsi">
            <value/>
          </Data>
        </ExtendedData>
        <Point>
          <coordinates>
            100.369632,-0.303353,0
          </coordinates>
        </Point>
      </Placemark>
      <Placemark>
        <name/>
        <description><![CDATA[nama: A5-BKT1<br>deskripsi: ]]></description>
        <styleUrl>#icon-1899-0288D1</styleUrl>
        <ExtendedData>
          <Data name="nama">
            <value>A5-BKT1</value>
          </Data>
          <Data name="deskripsi">
            <value/>
          </Data>
        </ExtendedData>
        <Point>
          <coordinates>
            100.373481,-0.303423,0
          </coordinates>
        </Point>
      </Placemark>
      <Placemark>
        <name/>
        <description><![CDATA[nama: A5-BKT2<br>deskripsi: ]]></description>
        <styleUrl>#icon-1899-0288D1</styleUrl>
        <ExtendedData>
          <Data name="nama">
            <value>A5-BKT2</value>
          </Data>
          <Data name="deskripsi">
            <value/>
          </Data>
        </ExtendedData>
        <Point>
          <coordinates>
            100.376099,-0.302897,0
          </coordinates>
        </Point>
      </Placemark>
      <Placemark>
        <name/>
        <description><![CDATA[nama: A5-BKT4<br>deskripsi: ]]></description>
        <styleUrl>#icon-1899-0288D1</styleUrl>
        <ExtendedData>
          <Data name="nama">
            <value>A5-BKT4</value>
          </Data>
          <Data name="deskripsi">
            <value/>
          </Data>
        </ExtendedData>
        <Point>
          <coordinates>
            100.375617,-0.308182,0
          </coordinates>
        </Point>
      </Placemark>
      <Placemark>
        <name/>
        <description><![CDATA[nama: A5-BKT3<br>deskripsi: ]]></description>
        <styleUrl>#icon-1899-0288D1</styleUrl>
        <ExtendedData>
          <Data name="nama">
            <value>A5-BKT3</value>
          </Data>
          <Data name="deskripsi">
            <value/>
          </Data>
        </ExtendedData>
        <Point>
          <coordinates>
            100.375255,-0.301399,0
          </coordinates>
        </Point>
      </Placemark>
      <Placemark>
        <name/>
        <description><![CDATA[nama: A6-BKT1<br>deskripsi: ]]></description>
        <styleUrl>#icon-1899-0288D1</styleUrl>
        <ExtendedData>
          <Data name="nama">
            <value>A6-BKT1</value>
          </Data>
          <Data name="deskripsi">
            <value/>
          </Data>
        </ExtendedData>
        <Point>
          <coordinates>
            100.366486,-0.299817,0
          </coordinates>
        </Point>
      </Placemark>
      <Placemark>
        <name/>
        <description><![CDATA[nama: A6-BKT2<br>deskripsi: ]]></description>
        <styleUrl>#icon-1899-0288D1</styleUrl>
        <ExtendedData>
          <Data name="nama">
            <value>A6-BKT2</value>
          </Data>
          <Data name="deskripsi">
            <value/>
          </Data>
        </ExtendedData>
        <Point>
          <coordinates>
            100.36592,-0.301707,0
          </coordinates>
        </Point>
      </Placemark>
      <Placemark>
        <name/>
        <description><![CDATA[nama: A6-BKT3<br>deskripsi: ]]></description>
        <styleUrl>#icon-1899-0288D1</styleUrl>
        <ExtendedData>
          <Data name="nama">
            <value>A6-BKT3</value>
          </Data>
          <Data name="deskripsi">
            <value/>
          </Data>
        </ExtendedData>
        <Point>
          <coordinates>
            100.360751,-0.295431,0
          </coordinates>
        </Point>
      </Placemark>
      <Placemark>
        <name/>
        <description><![CDATA[nama: A3-BKT3<br>deskripsi: ]]></description>
        <styleUrl>#icon-1899-0288D1</styleUrl>
        <ExtendedData>
          <Data name="nama">
            <value>A3-BKT3</value>
          </Data>
          <Data name="deskripsi">
            <value/>
          </Data>
        </ExtendedData>
        <Point>
          <coordinates>
            100.362966,-0.296766,0
          </coordinates>
        </Point>
      </Placemark>
      <Placemark>
        <name/>
        <description><![CDATA[nama: A6-BKT4<br>deskripsi: ]]></description>
        <styleUrl>#icon-1899-0288D1</styleUrl>
        <ExtendedData>
          <Data name="nama">
            <value>A6-BKT4</value>
          </Data>
          <Data name="deskripsi">
            <value/>
          </Data>
        </ExtendedData>
        <Point>
          <coordinates>
            100.353753,-0.296307,0
          </coordinates>
        </Point>
      </Placemark>
      <Placemark>
        <name/>
        <description><![CDATA[nama: A25-BKT1<br>deskripsi: ]]></description>
        <styleUrl>#icon-1899-0288D1</styleUrl>
        <ExtendedData>
          <Data name="nama">
            <value>A25-BKT1</value>
          </Data>
          <Data name="deskripsi">
            <value/>
          </Data>
        </ExtendedData>
        <Point>
          <coordinates>
            100.378553,-0.297652,0
          </coordinates>
        </Point>
      </Placemark>
      <Placemark>
        <name/>
        <description><![CDATA[nama: A25-BKT2<br>deskripsi: ]]></description>
        <styleUrl>#icon-1899-0288D1</styleUrl>
        <ExtendedData>
          <Data name="nama">
            <value>A25-BKT2</value>
          </Data>
          <Data name="deskripsi">
            <value/>
          </Data>
        </ExtendedData>
        <Point>
          <coordinates>
            100.377426,-0.296508,0
          </coordinates>
        </Point>
      </Placemark>
      <Placemark>
        <name/>
        <description><![CDATA[nama: A25-BKT3<br>deskripsi: ]]></description>
        <styleUrl>#icon-1899-0288D1</styleUrl>
        <ExtendedData>
          <Data name="nama">
            <value>A25-BKT3</value>
          </Data>
          <Data name="deskripsi">
            <value/>
          </Data>
        </ExtendedData>
        <Point>
          <coordinates>
            100.380193,-0.294647,0
          </coordinates>
        </Point>
      </Placemark>
      <Placemark>
        <name/>
        <description><![CDATA[nama: A26-BKT1<br>deskripsi: ]]></description>
        <styleUrl>#icon-1899-0288D1</styleUrl>
        <ExtendedData>
          <Data name="nama">
            <value>A26-BKT1</value>
          </Data>
          <Data name="deskripsi">
            <value/>
          </Data>
        </ExtendedData>
        <Point>
          <coordinates>
            100.374528,-0.288996,0
          </coordinates>
        </Point>
      </Placemark>
      <Placemark>
        <name/>
        <description><![CDATA[nama: A26-BKT2<br>deskripsi: ]]></description>
        <styleUrl>#icon-1899-0288D1</styleUrl>
        <ExtendedData>
          <Data name="nama">
            <value>A26-BKT2</value>
          </Data>
          <Data name="deskripsi">
            <value/>
          </Data>
        </ExtendedData>
        <Point>
          <coordinates>
            100.370735,-0.284136,0
          </coordinates>
        </Point>
      </Placemark>
      <Placemark>
        <name/>
        <description><![CDATA[nama: A26-BKT3<br>deskripsi: ]]></description>
        <styleUrl>#icon-1899-0288D1</styleUrl>
        <ExtendedData>
          <Data name="nama">
            <value>A26-BKT3</value>
          </Data>
          <Data name="deskripsi">
            <value/>
          </Data>
        </ExtendedData>
        <Point>
          <coordinates>
            100.368623,-0.282054,0
          </coordinates>
        </Point>
      </Placemark>
      <Placemark>
        <name/>
        <description><![CDATA[nama: A27-BKT1<br>deskripsi: ]]></description>
        <styleUrl>#icon-1899-0288D1</styleUrl>
        <ExtendedData>
          <Data name="nama">
            <value>A27-BKT1</value>
          </Data>
          <Data name="deskripsi">
            <value/>
          </Data>
        </ExtendedData>
        <Point>
          <coordinates>
            100.368555,-0.271604,0
          </coordinates>
        </Point>
      </Placemark>
      <Placemark>
        <name/>
        <description><![CDATA[nama: A27-BKT2<br>deskripsi: ]]></description>
        <styleUrl>#icon-1899-0288D1</styleUrl>
        <ExtendedData>
          <Data name="nama">
            <value>A27-BKT2</value>
          </Data>
          <Data name="deskripsi">
            <value/>
          </Data>
        </ExtendedData>
        <Point>
          <coordinates>
            100.364691,-0.271142,0
          </coordinates>
        </Point>
      </Placemark>
      <Placemark>
        <name/>
        <description><![CDATA[nama: A27-BKT3<br>deskripsi: ]]></description>
        <styleUrl>#icon-1899-0288D1</styleUrl>
        <ExtendedData>
          <Data name="nama">
            <value>A27-BKT3</value>
          </Data>
          <Data name="deskripsi">
            <value/>
          </Data>
        </ExtendedData>
        <Point>
          <coordinates>
            100.361551,-0.270988,0
          </coordinates>
        </Point>
      </Placemark>
      <Placemark>
        <name/>
        <description><![CDATA[nama: A5-BKT4<br>deskripsi: ]]></description>
        <styleUrl>#icon-1899-0288D1</styleUrl>
        <ExtendedData>
          <Data name="nama">
            <value>A5-BKT4</value>
          </Data>
          <Data name="deskripsi">
            <value/>
          </Data>
        </ExtendedData>
        <Point>
          <coordinates>
            100.37602,-0.30012,0
          </coordinates>
        </Point>
      </Placemark>
      <Placemark>
        <name/>
        <description><![CDATA[nama: 4 Core Guguak Bulek<br>deskripsi: Jumlah Core : 4 Core<br>Jumlah Core Terpakai : 1 Core<br>Klasifikasi Kabel : Distribusi<br>Letak Kabel : Udara]]></description>
        <styleUrl>#line-000000-1200</styleUrl>
        <ExtendedData>
          <Data name="nama">
            <value>4 Core Guguak Bulek</value>
          </Data>
          <Data name="deskripsi">
            <value>Jumlah Core : 4 Core
Jumlah Core Terpakai : 1 Core
Klasifikasi Kabel : Distribusi
Letak Kabel : Udara</value>
          </Data>
        </ExtendedData>
        <LineString>
          <tessellate>1</tessellate>
          <coordinates>
            100.376832,-0.295469,0
            100.3785,-0.295203,0
            100.378943,-0.295535,0
            100.379548,-0.295248,0
            100.380231,-0.294586,0
          </coordinates>
        </LineString>
      </Placemark>
      <Placemark>
        <name/>
        <description><![CDATA[nama: Path Measure<br>deskripsi: ]]></description>
        <styleUrl>#line-000000-1200</styleUrl>
        <ExtendedData>
          <Data name="nama">
            <value>Path Measure</value>
          </Data>
          <Data name="deskripsi">
            <value/>
          </Data>
        </ExtendedData>
        <LineString>
          <tessellate>1</tessellate>
          <coordinates>
            100.374634,-0.30013,0
            100.375457,-0.299666,0
            100.375597,-0.300183,0
            100.376007,-0.300135,0
          </coordinates>
        </LineString>
      </Placemark>
      <Placemark>
        <name/>
        <description><![CDATA[nama: 24 3800 Simp Tj Alam - Simp Bukik Batabuah<br>deskripsi: Jumlah Core : 24 Core<br>Jumlah Core Terpakai : 12 Core<br>Klasifikasi Kabel : Backbone dan Distribusi<br>Letak Kabel : Udara]]></description>
        <styleUrl>#line-000000-1200</styleUrl>
        <ExtendedData>
          <Data name="nama">
            <value>24 3800 Simp Tj Alam - Simp Bukik Batabuah</value>
          </Data>
          <Data name="deskripsi">
            <value>Jumlah Core : 24 Core
Jumlah Core Terpakai : 12 Core
Klasifikasi Kabel : Backbone dan Distribusi
Letak Kabel : Udara</value>
          </Data>
        </ExtendedData>
        <LineString>
          <tessellate>1</tessellate>
          <coordinates>
            100.409326,-0.293023,0
            100.409662,-0.29509,0
            100.409699,-0.296647,0
            100.40971,-0.298051,0
            100.410535,-0.30093,0
            100.411021,-0.303174,0
            100.412201,-0.307626,0
            100.412683,-0.310203,0
            100.413165,-0.312504,0
            100.41334,-0.314501,0
            100.413576,-0.316281,0
            100.413337,-0.318612,0
            100.413065,-0.320255,0
            100.412473,-0.324135,0
            100.41217,-0.325198,0
          </coordinates>
        </LineString>
      </Placemark>
      <Placemark>
        <name/>
        <description><![CDATA[nama: 4 Core Aia Tabik<br>deskripsi: Jumlah Core : 4 Core<br>Jumlah Core Terpakai : 4 Core<br>Klasifikasi Kabel : Distribusi<br>Letak Kabel : Udara]]></description>
        <styleUrl>#line-000000-1200</styleUrl>
        <ExtendedData>
          <Data name="nama">
            <value>4 Core Aia Tabik</value>
          </Data>
          <Data name="deskripsi">
            <value>Jumlah Core : 4 Core
Jumlah Core Terpakai : 4 Core
Klasifikasi Kabel : Distribusi
Letak Kabel : Udara</value>
          </Data>
        </ExtendedData>
        <LineString>
          <tessellate>1</tessellate>
          <coordinates>
            100.409635,-0.295206,0
            100.409698,-0.296089,0
            100.408905,-0.296115,0
          </coordinates>
        </LineString>
      </Placemark>
      <Placemark>
        <name/>
        <description><![CDATA[nama: 4 Core Perum Lansano<br>deskripsi: Jumlah Core : 4 Core<br>Jumlah Core Terpakai : 4 Core<br>Klasifikasi Kabel : Distribusi<br>Letak Kabel : Udara]]></description>
        <styleUrl>#line-000000-1200</styleUrl>
        <ExtendedData>
          <Data name="nama">
            <value>4 Core Perum Lansano</value>
          </Data>
          <Data name="deskripsi">
            <value>Jumlah Core : 4 Core
Jumlah Core Terpakai : 4 Core
Klasifikasi Kabel : Distribusi
Letak Kabel : Udara</value>
          </Data>
        </ExtendedData>
        <LineString>
          <tessellate>1</tessellate>
          <coordinates>
            100.409653,-0.295222,0
            100.410315,-0.295175,0
            100.41034,-0.294244,0
          </coordinates>
        </LineString>
      </Placemark>
      <Placemark>
        <name/>
        <description><![CDATA[nama: 12 Core Amapng Gadang<br>deskripsi: Jumlah Core : 12 Core<br>Jumlah Core Terpakai : 12 Core<br>Klasifikasi Kabel : Distribusi<br>Letak Kabel : Udara]]></description>
        <styleUrl>#line-000000-1200</styleUrl>
        <ExtendedData>
          <Data name="nama">
            <value>12 Core Amapng Gadang</value>
          </Data>
          <Data name="deskripsi">
            <value>Jumlah Core : 12 Core
Jumlah Core Terpakai : 12 Core
Klasifikasi Kabel : Distribusi
Letak Kabel : Udara</value>
          </Data>
        </ExtendedData>
        <LineString>
          <tessellate>1</tessellate>
          <coordinates>
            100.41101,-0.303134,0
            100.411996,-0.303036,0
            100.413151,-0.302928,0
            100.413789,-0.302708,0
            100.415357,-0.302152,0
            100.417316,-0.301711,0
            100.41881,-0.301378,0
            100.419505,-0.301277,0
            100.420325,-0.30126,0
            100.42115,-0.301347,0
            100.422477,-0.301638,0
          </coordinates>
        </LineString>
      </Placemark>
      <Placemark>
        <name/>
        <description><![CDATA[nama: A31-ODP0<br>deskripsi: [K=24C-4T]-[T2-C1-2]]]></description>
        <styleUrl>#icon-1899-0288D1</styleUrl>
        <ExtendedData>
          <Data name="nama">
            <value>A31-ODP0</value>
          </Data>
          <Data name="deskripsi">
            <value>[K=24C-4T]-[T2-C1-2]</value>
          </Data>
        </ExtendedData>
        <Point>
          <coordinates>
            100.409655,-0.295224,0
          </coordinates>
        </Point>
      </Placemark>
      <Placemark>
        <name/>
        <description><![CDATA[nama: A31-ODP1<br>deskripsi: ]]></description>
        <styleUrl>#icon-1899-0288D1</styleUrl>
        <ExtendedData>
          <Data name="nama">
            <value>A31-ODP1</value>
          </Data>
          <Data name="deskripsi">
            <value/>
          </Data>
        </ExtendedData>
        <Point>
          <coordinates>
            100.408885,-0.29614,0
          </coordinates>
        </Point>
      </Placemark>
      <Placemark>
        <name/>
        <description><![CDATA[nama: A31-ODP2<br>deskripsi: ]]></description>
        <styleUrl>#icon-1899-0288D1</styleUrl>
        <ExtendedData>
          <Data name="nama">
            <value>A31-ODP2</value>
          </Data>
          <Data name="deskripsi">
            <value/>
          </Data>
        </ExtendedData>
        <Point>
          <coordinates>
            100.410346,-0.294244,0
          </coordinates>
        </Point>
      </Placemark>
      <Placemark>
        <name/>
        <description><![CDATA[nama: A31-ODP3<br>deskripsi: ]]></description>
        <styleUrl>#icon-1899-0288D1</styleUrl>
        <ExtendedData>
          <Data name="nama">
            <value>A31-ODP3</value>
          </Data>
          <Data name="deskripsi">
            <value/>
          </Data>
        </ExtendedData>
        <Point>
          <coordinates>
            100.409707,-0.298061,0
          </coordinates>
        </Point>
      </Placemark>
      <Placemark>
        <name/>
        <description><![CDATA[nama: A33-ODP1<br>deskripsi: ]]></description>
        <styleUrl>#icon-1899-0288D1</styleUrl>
        <ExtendedData>
          <Data name="nama">
            <value>A33-ODP1</value>
          </Data>
          <Data name="deskripsi">
            <value/>
          </Data>
        </ExtendedData>
        <Point>
          <coordinates>
            100.41184,-0.30303,0
          </coordinates>
        </Point>
      </Placemark>
      <Placemark>
        <name/>
        <description><![CDATA[nama: A33-ODP2<br>deskripsi: ]]></description>
        <styleUrl>#icon-1899-0288D1</styleUrl>
        <ExtendedData>
          <Data name="nama">
            <value>A33-ODP2</value>
          </Data>
          <Data name="deskripsi">
            <value/>
          </Data>
        </ExtendedData>
        <Point>
          <coordinates>
            100.412422,-0.302948,0
          </coordinates>
        </Point>
      </Placemark>
      <Placemark>
        <name/>
        <description><![CDATA[nama: A33-ODP3<br>deskripsi: ]]></description>
        <styleUrl>#icon-1899-0288D1</styleUrl>
        <ExtendedData>
          <Data name="nama">
            <value>A33-ODP3</value>
          </Data>
          <Data name="deskripsi">
            <value/>
          </Data>
        </ExtendedData>
        <Point>
          <coordinates>
            100.413073,-0.302913,0
          </coordinates>
        </Point>
      </Placemark>
      <Placemark>
        <name/>
        <description><![CDATA[nama: A33-ODP4<br>deskripsi: ]]></description>
        <styleUrl>#icon-1899-0288D1</styleUrl>
        <ExtendedData>
          <Data name="nama">
            <value>A33-ODP4</value>
          </Data>
          <Data name="deskripsi">
            <value/>
          </Data>
        </ExtendedData>
        <Point>
          <coordinates>
            100.413803,-0.30272,0
          </coordinates>
        </Point>
      </Placemark>
      <Placemark>
        <name/>
        <description><![CDATA[nama: A33-ODP5<br>deskripsi: ]]></description>
        <styleUrl>#icon-1899-0288D1</styleUrl>
        <ExtendedData>
          <Data name="nama">
            <value>A33-ODP5</value>
          </Data>
          <Data name="deskripsi">
            <value/>
          </Data>
        </ExtendedData>
        <Point>
          <coordinates>
            100.414909,-0.302306,0
          </coordinates>
        </Point>
      </Placemark>
      <Placemark>
        <name/>
        <description><![CDATA[nama: A33-ODP6<br>deskripsi: ]]></description>
        <styleUrl>#icon-1899-0288D1</styleUrl>
        <ExtendedData>
          <Data name="nama">
            <value>A33-ODP6</value>
          </Data>
          <Data name="deskripsi">
            <value/>
          </Data>
        </ExtendedData>
        <Point>
          <coordinates>
            100.418822,-0.301357,0
          </coordinates>
        </Point>
      </Placemark>
      <Placemark>
        <name/>
        <description><![CDATA[nama: A33-ODP7<br>deskripsi: ]]></description>
        <styleUrl>#icon-1899-0288D1</styleUrl>
        <ExtendedData>
          <Data name="nama">
            <value>A33-ODP7</value>
          </Data>
          <Data name="deskripsi">
            <value/>
          </Data>
        </ExtendedData>
        <Point>
          <coordinates>
            100.42248,-0.301647,0
          </coordinates>
        </Point>
      </Placemark>
      <Placemark>
        <name/>
        <description><![CDATA[nama: A33-ODP0<br>deskripsi: [K=24C-4T]-[T2-C3-6]]]></description>
        <styleUrl>#icon-1899-0288D1</styleUrl>
        <ExtendedData>
          <Data name="nama">
            <value>A33-ODP0</value>
          </Data>
          <Data name="deskripsi">
            <value>[K=24C-4T]-[T2-C3-6]</value>
          </Data>
        </ExtendedData>
        <Point>
          <coordinates>
            100.410983,-0.303145,0
          </coordinates>
        </Point>
      </Placemark>
      <Placemark>
        <name/>
        <description><![CDATA[nama: A43-ODP1<br>deskripsi: [K=24C-4T]-[T2-C1]]]></description>
        <styleUrl>#icon-1899-0288D1</styleUrl>
        <ExtendedData>
          <Data name="nama">
            <value>A43-ODP1</value>
          </Data>
          <Data name="deskripsi">
            <value>[K=24C-4T]-[T2-C1]</value>
          </Data>
        </ExtendedData>
        <Point>
          <coordinates>
            100.412307,-0.30814,0
          </coordinates>
        </Point>
      </Placemark>
      <Placemark>
        <name/>
        <description><![CDATA[nama: A43-ODP2<br>deskripsi: [K=24C-4T]-[T2-C2]]]></description>
        <styleUrl>#icon-1899-0288D1</styleUrl>
        <ExtendedData>
          <Data name="nama">
            <value>A43-ODP2</value>
          </Data>
          <Data name="deskripsi">
            <value>[K=24C-4T]-[T2-C2]</value>
          </Data>
        </ExtendedData>
        <Point>
          <coordinates>
            100.412496,-0.309511,0
          </coordinates>
        </Point>
      </Placemark>
      <Placemark>
        <name/>
        <description><![CDATA[nama: A43-ODP3<br>deskripsi: [K=24C-4T]-[T2-C3]]]></description>
        <styleUrl>#icon-1899-0288D1</styleUrl>
        <ExtendedData>
          <Data name="nama">
            <value>A43-ODP3</value>
          </Data>
          <Data name="deskripsi">
            <value>[K=24C-4T]-[T2-C3]</value>
          </Data>
        </ExtendedData>
        <Point>
          <coordinates>
            100.412634,-0.310259,0
          </coordinates>
        </Point>
      </Placemark>
      <Placemark>
        <name/>
        <description><![CDATA[nama: A43-ODP4<br>deskripsi: [K=24C-4T]-[T2-C4]]]></description>
        <styleUrl>#icon-1899-0288D1</styleUrl>
        <ExtendedData>
          <Data name="nama">
            <value>A43-ODP4</value>
          </Data>
          <Data name="deskripsi">
            <value>[K=24C-4T]-[T2-C4]</value>
          </Data>
        </ExtendedData>
        <Point>
          <coordinates>
            100.412884,-0.311433,0
          </coordinates>
        </Point>
      </Placemark>
      <Placemark>
        <name/>
        <description><![CDATA[nama: A44-ODP1<br>deskripsi: [K=24C-4T]-[T2-C5]]]></description>
        <styleUrl>#icon-1899-0288D1</styleUrl>
        <ExtendedData>
          <Data name="nama">
            <value>A44-ODP1</value>
          </Data>
          <Data name="deskripsi">
            <value>[K=24C-4T]-[T2-C5]</value>
          </Data>
        </ExtendedData>
        <Point>
          <coordinates>
            100.413183,-0.312867,0
          </coordinates>
        </Point>
      </Placemark>
      <Placemark>
        <name/>
        <description><![CDATA[nama: A44-ODP0<br>deskripsi: ]]></description>
        <styleUrl>#icon-1899-0288D1</styleUrl>
        <ExtendedData>
          <Data name="nama">
            <value>A44-ODP0</value>
          </Data>
          <Data name="deskripsi">
            <value/>
          </Data>
        </ExtendedData>
        <Point>
          <coordinates>
            100.413333,-0.314508,0
          </coordinates>
        </Point>
      </Placemark>
      <Placemark>
        <name/>
        <description><![CDATA[nama: A45-ODP1<br>deskripsi: ]]></description>
        <styleUrl>#icon-1899-0288D1</styleUrl>
        <ExtendedData>
          <Data name="nama">
            <value>A45-ODP1</value>
          </Data>
          <Data name="deskripsi">
            <value/>
          </Data>
        </ExtendedData>
        <Point>
          <coordinates>
            100.413573,-0.315809,0
          </coordinates>
        </Point>
      </Placemark>
      <Placemark>
        <name/>
        <description><![CDATA[nama: A45-ODP2<br>deskripsi: ]]></description>
        <styleUrl>#icon-1899-0288D1</styleUrl>
        <ExtendedData>
          <Data name="nama">
            <value>A45-ODP2</value>
          </Data>
          <Data name="deskripsi">
            <value/>
          </Data>
        </ExtendedData>
        <Point>
          <coordinates>
            100.41359,-0.316487,0
          </coordinates>
        </Point>
      </Placemark>
      <Placemark>
        <name/>
        <description><![CDATA[nama: A45-ODP3<br>deskripsi: ]]></description>
        <styleUrl>#icon-1899-0288D1</styleUrl>
        <ExtendedData>
          <Data name="nama">
            <value>A45-ODP3</value>
          </Data>
          <Data name="deskripsi">
            <value/>
          </Data>
        </ExtendedData>
        <Point>
          <coordinates>
            100.413492,-0.317476,0
          </coordinates>
        </Point>
      </Placemark>
      <Placemark>
        <name/>
        <description><![CDATA[nama: A45-ODP4<br>deskripsi: ]]></description>
        <styleUrl>#icon-1899-0288D1</styleUrl>
        <ExtendedData>
          <Data name="nama">
            <value>A45-ODP4</value>
          </Data>
          <Data name="deskripsi">
            <value/>
          </Data>
        </ExtendedData>
        <Point>
          <coordinates>
            100.41323,-0.319358,0
          </coordinates>
        </Point>
      </Placemark>
      <Placemark>
        <name/>
        <description><![CDATA[nama: A46-ODP1<br>deskripsi: [K=12C-1T-C1]]]></description>
        <styleUrl>#icon-1899-0288D1</styleUrl>
        <ExtendedData>
          <Data name="nama">
            <value>A46-ODP1</value>
          </Data>
          <Data name="deskripsi">
            <value>[K=12C-1T-C1]</value>
          </Data>
        </ExtendedData>
        <Point>
          <coordinates>
            100.410323,-0.307308,0
          </coordinates>
        </Point>
      </Placemark>
      <Placemark>
        <name/>
        <description><![CDATA[nama: A46-ODP0<br>deskripsi: ]]></description>
        <styleUrl>#icon-1899-0288D1</styleUrl>
        <ExtendedData>
          <Data name="nama">
            <value>A46-ODP0</value>
          </Data>
          <Data name="deskripsi">
            <value/>
          </Data>
        </ExtendedData>
        <Point>
          <coordinates>
            100.411897,-0.306467,0
          </coordinates>
        </Point>
      </Placemark>
      <Placemark>
        <name/>
        <description><![CDATA[nama: A46-ODP1-1<br>deskripsi: ]]></description>
        <styleUrl>#icon-1899-0288D1</styleUrl>
        <ExtendedData>
          <Data name="nama">
            <value>A46-ODP1-1</value>
          </Data>
          <Data name="deskripsi">
            <value/>
          </Data>
        </ExtendedData>
        <Point>
          <coordinates>
            100.411874,-0.306645,0
          </coordinates>
        </Point>
      </Placemark>
      <Placemark>
        <name/>
        <description><![CDATA[nama: A46-ODP1-2<br>deskripsi: ]]></description>
        <styleUrl>#icon-1899-0288D1</styleUrl>
        <ExtendedData>
          <Data name="nama">
            <value>A46-ODP1-2</value>
          </Data>
          <Data name="deskripsi">
            <value/>
          </Data>
        </ExtendedData>
        <Point>
          <coordinates>
            100.411619,-0.305395,0
          </coordinates>
        </Point>
      </Placemark>
      <Placemark>
        <name/>
        <description><![CDATA[nama: A46-ODP2<br>deskripsi: [K=12C-1T-C2]]]></description>
        <styleUrl>#icon-1899-0288D1</styleUrl>
        <ExtendedData>
          <Data name="nama">
            <value>A46-ODP2</value>
          </Data>
          <Data name="deskripsi">
            <value>[K=12C-1T-C2]</value>
          </Data>
        </ExtendedData>
        <Point>
          <coordinates>
            100.409376,-0.307806,0
          </coordinates>
        </Point>
      </Placemark>
      <Placemark>
        <name/>
        <description><![CDATA[nama: A46-ODP3<br>deskripsi: [K=12C-1T-C3]]]></description>
        <styleUrl>#icon-1899-0288D1</styleUrl>
        <ExtendedData>
          <Data name="nama">
            <value>A46-ODP3</value>
          </Data>
          <Data name="deskripsi">
            <value>[K=12C-1T-C3]</value>
          </Data>
        </ExtendedData>
        <Point>
          <coordinates>
            100.408319,-0.308283,0
          </coordinates>
        </Point>
      </Placemark>
      <Placemark>
        <name/>
        <description><![CDATA[nama: A46-ODP3-1<br>deskripsi: ]]></description>
        <styleUrl>#icon-1899-0288D1</styleUrl>
        <ExtendedData>
          <Data name="nama">
            <value>A46-ODP3-1</value>
          </Data>
          <Data name="deskripsi">
            <value/>
          </Data>
        </ExtendedData>
        <Point>
          <coordinates>
            100.406049,-0.309131,0
          </coordinates>
        </Point>
      </Placemark>
      <Placemark>
        <name/>
        <description><![CDATA[nama: A47-ODP1<br>deskripsi: [K=12C-1T-C4]]]></description>
        <styleUrl>#icon-1899-0288D1</styleUrl>
        <ExtendedData>
          <Data name="nama">
            <value>A47-ODP1</value>
          </Data>
          <Data name="deskripsi">
            <value>[K=12C-1T-C4]</value>
          </Data>
        </ExtendedData>
        <Point>
          <coordinates>
            100.408296,-0.310037,0
          </coordinates>
        </Point>
      </Placemark>
      <Placemark>
        <name/>
        <description><![CDATA[nama: A47-ODP2<br>deskripsi: [K=12C-1T-C5]]]></description>
        <styleUrl>#icon-1899-0288D1</styleUrl>
        <ExtendedData>
          <Data name="nama">
            <value>A47-ODP2</value>
          </Data>
          <Data name="deskripsi">
            <value>[K=12C-1T-C5]</value>
          </Data>
        </ExtendedData>
        <Point>
          <coordinates>
            100.408476,-0.310592,0
          </coordinates>
        </Point>
      </Placemark>
      <Placemark>
        <name/>
        <description><![CDATA[nama: A47-ODP3<br>deskripsi: [K=12C-1T-C6]]]></description>
        <styleUrl>#icon-1899-0288D1</styleUrl>
        <ExtendedData>
          <Data name="nama">
            <value>A47-ODP3</value>
          </Data>
          <Data name="deskripsi">
            <value>[K=12C-1T-C6]</value>
          </Data>
        </ExtendedData>
        <Point>
          <coordinates>
            100.408281,-0.312286,0
          </coordinates>
        </Point>
      </Placemark>
      <Placemark>
        <name/>
        <description><![CDATA[nama: A47-ODP4<br>deskripsi: [K=12C-1T-C7]]]></description>
        <styleUrl>#icon-1899-0288D1</styleUrl>
        <ExtendedData>
          <Data name="nama">
            <value>A47-ODP4</value>
          </Data>
          <Data name="deskripsi">
            <value>[K=12C-1T-C7]</value>
          </Data>
        </ExtendedData>
        <Point>
          <coordinates>
            100.408426,-0.313076,0
          </coordinates>
        </Point>
      </Placemark>
      <Placemark>
        <name/>
        <description><![CDATA[nama: A48-ODP1<br>deskripsi: [K=12C-1T-C8]]]></description>
        <styleUrl>#icon-1899-0288D1</styleUrl>
        <ExtendedData>
          <Data name="nama">
            <value>A48-ODP1</value>
          </Data>
          <Data name="deskripsi">
            <value>[K=12C-1T-C8]</value>
          </Data>
        </ExtendedData>
        <Point>
          <coordinates>
            100.408622,-0.314535,0
          </coordinates>
        </Point>
      </Placemark>
      <Placemark>
        <name/>
        <description><![CDATA[nama: A48-ODP2<br>deskripsi: [K=12C-1T-C9]]]></description>
        <styleUrl>#icon-1899-0288D1</styleUrl>
        <ExtendedData>
          <Data name="nama">
            <value>A48-ODP2</value>
          </Data>
          <Data name="deskripsi">
            <value>[K=12C-1T-C9]</value>
          </Data>
        </ExtendedData>
        <Point>
          <coordinates>
            100.410009,-0.314586,0
          </coordinates>
        </Point>
      </Placemark>
      <Placemark>
        <name/>
        <description><![CDATA[nama: A25-ODP2<br>deskripsi: [K=12C-1T-C1]]]></description>
        <styleUrl>#icon-1899-0288D1</styleUrl>
        <ExtendedData>
          <Data name="nama">
            <value>A25-ODP2</value>
          </Data>
          <Data name="deskripsi">
            <value>[K=12C-1T-C1]</value>
          </Data>
        </ExtendedData>
        <Point>
          <coordinates>
            100.412467,-0.324171,0
          </coordinates>
        </Point>
      </Placemark>
      <Placemark>
        <name/>
        <description><![CDATA[nama: A25-ODP3<br>deskripsi: [K=12C-1T-C2]]]></description>
        <styleUrl>#icon-1899-0288D1</styleUrl>
        <ExtendedData>
          <Data name="nama">
            <value>A25-ODP3</value>
          </Data>
          <Data name="deskripsi">
            <value>[K=12C-1T-C2]</value>
          </Data>
        </ExtendedData>
        <Point>
          <coordinates>
            100.411413,-0.324035,0
          </coordinates>
        </Point>
      </Placemark>
      <Placemark>
        <name/>
        <description><![CDATA[nama: A26-ODP1<br>deskripsi: [K=12C-1T-C3]]]></description>
        <styleUrl>#icon-1899-0288D1</styleUrl>
        <ExtendedData>
          <Data name="nama">
            <value>A26-ODP1</value>
          </Data>
          <Data name="deskripsi">
            <value>[K=12C-1T-C3]</value>
          </Data>
        </ExtendedData>
        <Point>
          <coordinates>
            100.410032,-0.323845,0
          </coordinates>
        </Point>
      </Placemark>
      <Placemark>
        <name/>
        <description><![CDATA[nama: A26-ODP2<br>deskripsi: ]]></description>
        <styleUrl>#icon-1899-0288D1</styleUrl>
        <ExtendedData>
          <Data name="nama">
            <value>A26-ODP2</value>
          </Data>
          <Data name="deskripsi">
            <value/>
          </Data>
        </ExtendedData>
        <Point>
          <coordinates>
            100.408693,-0.323746,0
          </coordinates>
        </Point>
      </Placemark>
      <Placemark>
        <name/>
        <description><![CDATA[nama: A26-ODP3<br>deskripsi: ]]></description>
        <styleUrl>#icon-1899-0288D1</styleUrl>
        <ExtendedData>
          <Data name="nama">
            <value>A26-ODP3</value>
          </Data>
          <Data name="deskripsi">
            <value/>
          </Data>
        </ExtendedData>
        <Point>
          <coordinates>
            100.407787,-0.320849,0
          </coordinates>
        </Point>
      </Placemark>
      <Placemark>
        <name/>
        <description><![CDATA[nama: A26-ODP4<br>deskripsi: ]]></description>
        <styleUrl>#icon-1899-0288D1</styleUrl>
        <ExtendedData>
          <Data name="nama">
            <value>A26-ODP4</value>
          </Data>
          <Data name="deskripsi">
            <value/>
          </Data>
        </ExtendedData>
        <Point>
          <coordinates>
            100.40603,-0.317389,0
          </coordinates>
        </Point>
      </Placemark>
      <Placemark>
        <name/>
        <description><![CDATA[nama: A25-ODP4<br>deskripsi: [K=12C-1T-C4]]]></description>
        <styleUrl>#icon-1899-0288D1</styleUrl>
        <ExtendedData>
          <Data name="nama">
            <value>A25-ODP4</value>
          </Data>
          <Data name="deskripsi">
            <value>[K=12C-1T-C4]</value>
          </Data>
        </ExtendedData>
        <Point>
          <coordinates>
            100.410041,-0.320573,0
          </coordinates>
        </Point>
      </Placemark>
      <Placemark>
        <name/>
        <description><![CDATA[nama: A48-ODP3<br>deskripsi: [K=12C-1T-C10]]]></description>
        <styleUrl>#icon-1899-0288D1</styleUrl>
        <ExtendedData>
          <Data name="nama">
            <value>A48-ODP3</value>
          </Data>
          <Data name="deskripsi">
            <value>[K=12C-1T-C10]</value>
          </Data>
        </ExtendedData>
        <Point>
          <coordinates>
            100.410974,-0.314659,0
          </coordinates>
        </Point>
      </Placemark>
      <Placemark>
        <name/>
        <description><![CDATA[nama: A48-ODP4<br>deskripsi: [K=12C-1T-C11]]]></description>
        <styleUrl>#icon-1899-0288D1</styleUrl>
        <ExtendedData>
          <Data name="nama">
            <value>A48-ODP4</value>
          </Data>
          <Data name="deskripsi">
            <value>[K=12C-1T-C11]</value>
          </Data>
        </ExtendedData>
        <Point>
          <coordinates>
            100.412115,-0.314594,0
          </coordinates>
        </Point>
      </Placemark>
      <Placemark>
        <name/>
        <description><![CDATA[nama: A27-ODP1<br>deskripsi: [K=12C-1T-C5]]]></description>
        <styleUrl>#icon-1899-0288D1</styleUrl>
        <ExtendedData>
          <Data name="nama">
            <value>A27-ODP1</value>
          </Data>
          <Data name="deskripsi">
            <value>[K=12C-1T-C5]</value>
          </Data>
        </ExtendedData>
        <Point>
          <coordinates>
            100.40963,-0.318688,0
          </coordinates>
        </Point>
      </Placemark>
      <Placemark>
        <name/>
        <description><![CDATA[nama: A27-ODP2<br>deskripsi: [K=12C-1T-C6]]]></description>
        <styleUrl>#icon-1899-0288D1</styleUrl>
        <ExtendedData>
          <Data name="nama">
            <value>A27-ODP2</value>
          </Data>
          <Data name="deskripsi">
            <value>[K=12C-1T-C6]</value>
          </Data>
        </ExtendedData>
        <Point>
          <coordinates>
            100.409036,-0.316992,0
          </coordinates>
        </Point>
      </Placemark>
      <Placemark>
        <name/>
        <description><![CDATA[nama: A27-ODP3<br>deskripsi: [K=12C-1T-C7]]]></description>
        <styleUrl>#icon-1899-0288D1</styleUrl>
        <ExtendedData>
          <Data name="nama">
            <value>A27-ODP3</value>
          </Data>
          <Data name="deskripsi">
            <value>[K=12C-1T-C7]</value>
          </Data>
        </ExtendedData>
        <Point>
          <coordinates>
            100.408397,-0.31568,0
          </coordinates>
        </Point>
      </Placemark>
      <Placemark>
        <name/>
        <description><![CDATA[nama: A27-ODP4<br>deskripsi: [K=12C-1T-C8]]]></description>
        <styleUrl>#icon-1899-0288D1</styleUrl>
        <ExtendedData>
          <Data name="nama">
            <value>A27-ODP4</value>
          </Data>
          <Data name="deskripsi">
            <value>[K=12C-1T-C8]</value>
          </Data>
        </ExtendedData>
        <Point>
          <coordinates>
            100.40775,-0.314672,0
          </coordinates>
        </Point>
      </Placemark>
      <Placemark>
        <name/>
        <description><![CDATA[nama: A28-ODP1<br>deskripsi: ]]></description>
        <styleUrl>#icon-1899-0288D1</styleUrl>
        <ExtendedData>
          <Data name="nama">
            <value>A28-ODP1</value>
          </Data>
          <Data name="deskripsi">
            <value/>
          </Data>
        </ExtendedData>
        <Point>
          <coordinates>
            100.412758,-0.32162,0
          </coordinates>
        </Point>
      </Placemark>
      <Placemark>
        <name/>
        <description><![CDATA[nama: A25-ODP0<br>deskripsi: ]]></description>
        <styleUrl>#icon-1899-0288D1</styleUrl>
        <ExtendedData>
          <Data name="nama">
            <value>A25-ODP0</value>
          </Data>
          <Data name="deskripsi">
            <value/>
          </Data>
        </ExtendedData>
        <Point>
          <coordinates>
            100.41216,-0.325199,0
          </coordinates>
        </Point>
      </Placemark>
      <Placemark>
        <name/>
        <description><![CDATA[nama: A37-ODP1<br>deskripsi: ]]></description>
        <styleUrl>#icon-1899-0288D1</styleUrl>
        <ExtendedData>
          <Data name="nama">
            <value>A37-ODP1</value>
          </Data>
          <Data name="deskripsi">
            <value/>
          </Data>
        </ExtendedData>
        <Point>
          <coordinates>
            100.412203,-0.329623,0
          </coordinates>
        </Point>
      </Placemark>
      <Placemark>
        <name/>
        <description><![CDATA[nama: A29-ODP1<br>deskripsi: ]]></description>
        <styleUrl>#icon-1899-0288D1</styleUrl>
        <ExtendedData>
          <Data name="nama">
            <value>A29-ODP1</value>
          </Data>
          <Data name="deskripsi">
            <value/>
          </Data>
        </ExtendedData>
        <Point>
          <coordinates>
            100.410026,-0.325234,0
          </coordinates>
        </Point>
      </Placemark>
      <Placemark>
        <name/>
        <description><![CDATA[nama: A38-ODP0<br>deskripsi: ]]></description>
        <styleUrl>#icon-1899-0288D1</styleUrl>
        <ExtendedData>
          <Data name="nama">
            <value>A38-ODP0</value>
          </Data>
          <Data name="deskripsi">
            <value/>
          </Data>
        </ExtendedData>
        <Point>
          <coordinates>
            100.413474,-0.330266,0
          </coordinates>
        </Point>
      </Placemark>
      <Placemark>
        <name/>
        <description><![CDATA[nama: A38-ODP1<br>deskripsi: ]]></description>
        <styleUrl>#icon-1899-0288D1</styleUrl>
        <ExtendedData>
          <Data name="nama">
            <value>A38-ODP1</value>
          </Data>
          <Data name="deskripsi">
            <value/>
          </Data>
        </ExtendedData>
        <Point>
          <coordinates>
            100.414079,-0.332449,0
          </coordinates>
        </Point>
      </Placemark>
      <Placemark>
        <name/>
        <description><![CDATA[nama: A38-ODP2<br>deskripsi: ]]></description>
        <styleUrl>#icon-1899-0288D1</styleUrl>
        <ExtendedData>
          <Data name="nama">
            <value>A38-ODP2</value>
          </Data>
          <Data name="deskripsi">
            <value/>
          </Data>
        </ExtendedData>
        <Point>
          <coordinates>
            100.414869,-0.329982,0
          </coordinates>
        </Point>
      </Placemark>
      <Placemark>
        <name/>
        <description><![CDATA[nama: A38-ODP3<br>deskripsi: ]]></description>
        <styleUrl>#icon-1899-0288D1</styleUrl>
        <ExtendedData>
          <Data name="nama">
            <value>A38-ODP3</value>
          </Data>
          <Data name="deskripsi">
            <value/>
          </Data>
        </ExtendedData>
        <Point>
          <coordinates>
            100.416552,-0.330132,0
          </coordinates>
        </Point>
      </Placemark>
      <Placemark>
        <name/>
        <description><![CDATA[nama: A38-ODP4<br>deskripsi: ]]></description>
        <styleUrl>#icon-1899-0288D1</styleUrl>
        <ExtendedData>
          <Data name="nama">
            <value>A38-ODP4</value>
          </Data>
          <Data name="deskripsi">
            <value/>
          </Data>
        </ExtendedData>
        <Point>
          <coordinates>
            100.418472,-0.331711,0
          </coordinates>
        </Point>
      </Placemark>
      <Placemark>
        <name/>
        <description><![CDATA[nama: A38-ODP5<br>deskripsi: ]]></description>
        <styleUrl>#icon-1899-0288D1</styleUrl>
        <ExtendedData>
          <Data name="nama">
            <value>A38-ODP5</value>
          </Data>
          <Data name="deskripsi">
            <value/>
          </Data>
        </ExtendedData>
        <Point>
          <coordinates>
            100.420193,-0.333112,0
          </coordinates>
        </Point>
      </Placemark>
      <Placemark>
        <name/>
        <description><![CDATA[nama: A38-ODP6<br>deskripsi: ]]></description>
        <styleUrl>#icon-1899-0288D1</styleUrl>
        <ExtendedData>
          <Data name="nama">
            <value>A38-ODP6</value>
          </Data>
          <Data name="deskripsi">
            <value/>
          </Data>
        </ExtendedData>
        <Point>
          <coordinates>
            100.421331,-0.333536,0
          </coordinates>
        </Point>
      </Placemark>
      <Placemark>
        <name/>
        <description><![CDATA[nama: 12 Core Pasia - Batu Taba<br>deskripsi: Jumlah Core : 12Core<br>Jumlah Core Terpakai : 12 Core<br>Klasifikasi Kabel : Distribusi<br>Letak Kabel : Udara]]></description>
        <styleUrl>#line-000000-1200</styleUrl>
        <ExtendedData>
          <Data name="nama">
            <value>12 Core Pasia - Batu Taba</value>
          </Data>
          <Data name="deskripsi">
            <value>Jumlah Core : 12Core
Jumlah Core Terpakai : 12 Core
Klasifikasi Kabel : Distribusi
Letak Kabel : Udara</value>
          </Data>
        </ExtendedData>
        <LineString>
          <tessellate>1</tessellate>
          <coordinates>
            100.4119,-0.306453,0
            100.410804,-0.306958,0
            100.410326,-0.307295,0
            100.409944,-0.307526,0
            100.409381,-0.307812,0
            100.408323,-0.30829,0
            100.408101,-0.308458,0
            100.408103,-0.308687,0
            100.408253,-0.309096,0
            100.408297,-0.310009,0
            100.408502,-0.31013,0
            100.408479,-0.310577,0
            100.40829,-0.312279,0
            100.40843,-0.31262,0
            100.408419,-0.312925,0
            100.408438,-0.313072,0
            100.408567,-0.313541,0
            100.408632,-0.314529,0
            100.407754,-0.314668,0
            100.408396,-0.315672,0
            100.409051,-0.316976,0
            100.409325,-0.31782,0
            100.409638,-0.318679,0
            100.410005,-0.319992,0
            100.41005,-0.320568,0
            100.410143,-0.321605,0
            100.410121,-0.322126,0
            100.410061,-0.323336,0
            100.410026,-0.323817,0
            100.410922,-0.324053,0
            100.411408,-0.324039,0
            100.412489,-0.324151,0
            100.412188,-0.325179,0
          </coordinates>
        </LineString>
      </Placemark>
      <Placemark>
        <name/>
        <description><![CDATA[nama: 12 Core Batu Taba<br>deskripsi: Jumlah Core : 12 Core<br>Jumlah Core Terpakai : 4 Core<br>Klasifikasi Kabel : Distribusi<br>Letak Kabel : Udara]]></description>
        <styleUrl>#line-000000-1200</styleUrl>
        <ExtendedData>
          <Data name="nama">
            <value>12 Core Batu Taba</value>
          </Data>
          <Data name="deskripsi">
            <value>Jumlah Core : 12 Core
Jumlah Core Terpakai : 4 Core
Klasifikasi Kabel : Distribusi
Letak Kabel : Udara</value>
          </Data>
        </ExtendedData>
        <LineString>
          <tessellate>1</tessellate>
          <coordinates>
            100.408634,-0.314531,0
            100.410015,-0.314574,0
            100.410375,-0.314595,0
            100.411564,-0.314668,0
            100.412437,-0.314585,0
            100.413338,-0.314529,0
          </coordinates>
        </LineString>
      </Placemark>
      <Placemark>
        <name/>
        <description><![CDATA[nama: Path Measure<br>deskripsi: ]]></description>
        <styleUrl>#line-000000-1200</styleUrl>
        <ExtendedData>
          <Data name="nama">
            <value>Path Measure</value>
          </Data>
          <Data name="deskripsi">
            <value/>
          </Data>
        </ExtendedData>
        <LineString>
          <tessellate>1</tessellate>
          <coordinates>
            100.40832,-0.308275,0
            100.407629,-0.308515,0
            100.406043,-0.309124,0
          </coordinates>
        </LineString>
      </Placemark>
      <Placemark>
        <name/>
        <description><![CDATA[nama: 4 Core Jorong 3 Jorong<br>deskripsi: ]]></description>
        <styleUrl>#line-000000-1200</styleUrl>
        <ExtendedData>
          <Data name="nama">
            <value>4 Core Jorong 3 Jorong</value>
          </Data>
          <Data name="deskripsi">
            <value/>
          </Data>
        </ExtendedData>
        <LineString>
          <tessellate>1</tessellate>
          <coordinates>
            100.410028,-0.323815,0
            100.408689,-0.323705,0
            100.408406,-0.32298,0
            100.408034,-0.321447,0
            100.407777,-0.320823,0
            100.406872,-0.31939,0
            100.406691,-0.319199,0
            100.406526,-0.318926,0
            100.406019,-0.3175,0
            100.406004,-0.317397,0
          </coordinates>
        </LineString>
      </Placemark>
      <Placemark>
        <name/>
        <description><![CDATA[nama: Path Measure<br>deskripsi: ]]></description>
        <styleUrl>#line-000000-1200</styleUrl>
        <ExtendedData>
          <Data name="nama">
            <value>Path Measure</value>
          </Data>
          <Data name="deskripsi">
            <value/>
          </Data>
        </ExtendedData>
        <LineString>
          <tessellate>1</tessellate>
          <coordinates>
            100.412164,-0.325208,0
            100.411691,-0.325197,0
            100.411321,-0.325177,0
            100.410921,-0.325172,0
            100.410432,-0.325184,0
            100.410025,-0.325232,0
          </coordinates>
        </LineString>
      </Placemark>
      <Placemark>
        <name/>
        <description><![CDATA[nama: Path Measure<br>deskripsi: ]]></description>
        <styleUrl>#line-000000-1200</styleUrl>
        <ExtendedData>
          <Data name="nama">
            <value>Path Measure</value>
          </Data>
          <Data name="deskripsi">
            <value/>
          </Data>
        </ExtendedData>
        <LineString>
          <tessellate>1</tessellate>
          <coordinates>
            100.413491,-0.330219,0
            100.413941,-0.331753,0
            100.414052,-0.332387,0
          </coordinates>
        </LineString>
      </Placemark>
      <Placemark>
        <name/>
        <description><![CDATA[nama: Path Measure<br>deskripsi: ]]></description>
        <styleUrl>#line-000000-1200</styleUrl>
        <ExtendedData>
          <Data name="nama">
            <value>Path Measure</value>
          </Data>
          <Data name="deskripsi">
            <value/>
          </Data>
        </ExtendedData>
        <LineString>
          <tessellate>1</tessellate>
          <coordinates>
            100.412182,-0.325182,0
            100.41175,-0.326187,0
            100.411685,-0.326511,0
            100.411867,-0.327563,0
            100.411957,-0.3283,0
            100.412236,-0.329792,0
            100.412325,-0.330392,0
            100.413477,-0.330216,0
            100.414856,-0.329939,0
            100.416551,-0.330156,0
            100.416901,-0.330602,0
            100.418499,-0.331678,0
            100.419437,-0.332357,0
            100.41988,-0.332632,0
            100.420223,-0.333083,0
            100.420665,-0.333664,0
            100.420842,-0.333692,0
            100.421339,-0.333517,0
          </coordinates>
        </LineString>
      </Placemark>
      <Placemark>
        <name/>
        <description><![CDATA[nama: A28-ODP2<br>deskripsi: ]]></description>
        <styleUrl>#icon-1899-0288D1</styleUrl>
        <ExtendedData>
          <Data name="nama">
            <value>A28-ODP2</value>
          </Data>
          <Data name="deskripsi">
            <value/>
          </Data>
        </ExtendedData>
        <Point>
          <coordinates>
            100.414297,-0.319009,0
          </coordinates>
        </Point>
      </Placemark>
      <Placemark>
        <name/>
        <description><![CDATA[nama: 12 Core Simp Bukik - Lasi<br>deskripsi: Jumlah Core : 12 Core<br>Jumlah Core Terpakai : 8 Core<br>Klasifikasi Kabel : Backbone dan Distribusi<br>Letak Kabel : Udara]]></description>
        <styleUrl>#line-000000-1200</styleUrl>
        <ExtendedData>
          <Data name="nama">
            <value>12 Core Simp Bukik - Lasi</value>
          </Data>
          <Data name="deskripsi">
            <value>Jumlah Core : 12 Core
Jumlah Core Terpakai : 8 Core
Klasifikasi Kabel : Backbone dan Distribusi
Letak Kabel : Udara</value>
          </Data>
        </ExtendedData>
        <LineString>
          <tessellate>1</tessellate>
          <coordinates>
            100.412177,-0.3252,0
            100.414838,-0.324866,0
            100.416559,-0.324344,0
            100.419115,-0.323731,0
            100.420296,-0.323316,0
            100.422877,-0.322329,0
            100.425909,-0.320903,0
            100.427308,-0.319855,0
            100.427994,-0.319808,0
            100.429921,-0.319482,0
            100.431306,-0.319321,0
            100.433225,-0.318941,0
            100.434556,-0.318376,0
            100.436514,-0.317208,0
          </coordinates>
        </LineString>
      </Placemark>
      <Placemark>
        <name/>
        <description><![CDATA[nama: 4 Core Bukik Batabuah<br>deskripsi: Jumlah Core : 12 Core<br>Jumlah Core Terpakai : 8 Core<br>Klasifikasi Kabel : Distribusi<br>Letak Kabel : Udara]]></description>
        <styleUrl>#line-000000-1200</styleUrl>
        <ExtendedData>
          <Data name="nama">
            <value>4 Core Bukik Batabuah</value>
          </Data>
          <Data name="deskripsi">
            <value>Jumlah Core : 12 Core
Jumlah Core Terpakai : 8 Core
Klasifikasi Kabel : Distribusi
Letak Kabel : Udara</value>
          </Data>
        </ExtendedData>
        <LineString>
          <tessellate>1</tessellate>
          <coordinates>
            100.418954,-0.3238,0
            100.421252,-0.329594,0
            100.422615,-0.331782,0
            100.42456,-0.333217,0
            100.42536,-0.334131,0
            100.425895,-0.335079,0
            100.428045,-0.335677,0
            100.428273,-0.336019,0
            100.428643,-0.336953,0
            100.429218,-0.33816,0
            100.429924,-0.339026,0
            100.429941,-0.339311,0
            100.430416,-0.340128,0
            100.430896,-0.340548,0
            100.431007,-0.340791,0
            100.431117,-0.341203,0
            100.431601,-0.341961,0
            100.431583,-0.342202,0
            100.431361,-0.342535,0
            100.431571,-0.343015,0
            100.431783,-0.343575,0
            100.431853,-0.343967,0
            100.431944,-0.344267,0
            100.432169,-0.344985,0
            100.432348,-0.345402,0
            100.432739,-0.345836,0
            100.432845,-0.346256,0
            100.433012,-0.346949,0
            100.433586,-0.348116,0
            100.433789,-0.348634,0
          </coordinates>
        </LineString>
      </Placemark>
      <Placemark>
        <name/>
        <description><![CDATA[nama: 4 Core Bukik Batabuah2<br>deskripsi: Jumlah Core : 4 Core<br>Jumlah Core Terpakai : 4 Core<br>Klasifikasi Kabel : Distribusi<br>Letak Kabel : Udara]]></description>
        <styleUrl>#line-000000-1200</styleUrl>
        <ExtendedData>
          <Data name="nama">
            <value>4 Core Bukik Batabuah2</value>
          </Data>
          <Data name="deskripsi">
            <value>Jumlah Core : 4 Core
Jumlah Core Terpakai : 4 Core
Klasifikasi Kabel : Distribusi
Letak Kabel : Udara</value>
          </Data>
        </ExtendedData>
        <LineString>
          <tessellate>1</tessellate>
          <coordinates>
            100.424251,-0.332985,0
            100.426178,-0.332096,0
          </coordinates>
        </LineString>
      </Placemark>
      <Placemark>
        <name/>
        <description><![CDATA[nama: 4 Core Bukik Batabuah3<br>deskripsi: Jumlah Core : 4 Core<br>Jumlah Core Terpakai : 1 Core<br>Klasifikasi Kabel : Distribusi<br>Letak Kabel : Udara]]></description>
        <styleUrl>#line-000000-1200</styleUrl>
        <ExtendedData>
          <Data name="nama">
            <value>4 Core Bukik Batabuah3</value>
          </Data>
          <Data name="deskripsi">
            <value>Jumlah Core : 4 Core
Jumlah Core Terpakai : 1 Core
Klasifikasi Kabel : Distribusi
Letak Kabel : Udara</value>
          </Data>
        </ExtendedData>
        <LineString>
          <tessellate>1</tessellate>
          <coordinates>
            100.426995,-0.335881,0
            100.42772,-0.335874,0
            100.428245,-0.336034,0
            100.428053,-0.335702,0
          </coordinates>
        </LineString>
      </Placemark>
      <Placemark>
        <name/>
        <description><![CDATA[nama: 4 Core Pasanehan<br>deskripsi: Jumlah Core : 4 Core<br>Jumlah Core Terpakai : 2 Core<br>Klasifikasi Kabel : Distribusi<br>Letak Kabel : Udara]]></description>
        <styleUrl>#line-000000-1200</styleUrl>
        <ExtendedData>
          <Data name="nama">
            <value>4 Core Pasanehan</value>
          </Data>
          <Data name="deskripsi">
            <value>Jumlah Core : 4 Core
Jumlah Core Terpakai : 2 Core
Klasifikasi Kabel : Distribusi
Letak Kabel : Udara</value>
          </Data>
        </ExtendedData>
        <LineString>
          <tessellate>1</tessellate>
          <coordinates>
            100.432726,-0.318979,0
            100.431264,-0.319311,0
            100.431456,-0.321026,0
            100.431717,-0.32322,0
            100.431909,-0.325143,0
            100.432163,-0.325851,0
          </coordinates>
        </LineString>
      </Placemark>
      <Placemark>
        <name/>
        <description><![CDATA[nama: 4 Core Kayu Rantingan<br>deskripsi: Jumlah Core : 2 Core<br>Jumlah Core Terpakai : 1 Core<br>Klasifikasi Kabel : Distribusi<br>Letak Kabel : Udara]]></description>
        <styleUrl>#line-000000-1200</styleUrl>
        <ExtendedData>
          <Data name="nama">
            <value>4 Core Kayu Rantingan</value>
          </Data>
          <Data name="deskripsi">
            <value>Jumlah Core : 2 Core
Jumlah Core Terpakai : 1 Core
Klasifikasi Kabel : Distribusi
Letak Kabel : Udara</value>
          </Data>
        </ExtendedData>
        <LineString>
          <tessellate>1</tessellate>
          <coordinates>
            100.425933,-0.320857,0
            100.426402,-0.322009,0
          </coordinates>
        </LineString>
      </Placemark>
      <Placemark>
        <name/>
        <description><![CDATA[nama: 4 Core Gobah<br>deskripsi: Jumlah Core : 4 Core<br>Jumlah Core Terpakai : 4 Core<br>Klasifikasi Kabel : Distribusi<br>Letak Kabel : Udara]]></description>
        <styleUrl>#line-000000-1200</styleUrl>
        <ExtendedData>
          <Data name="nama">
            <value>4 Core Gobah</value>
          </Data>
          <Data name="deskripsi">
            <value>Jumlah Core : 4 Core
Jumlah Core Terpakai : 4 Core
Klasifikasi Kabel : Distribusi
Letak Kabel : Udara</value>
          </Data>
        </ExtendedData>
        <LineString>
          <tessellate>1</tessellate>
          <coordinates>
            100.428085,-0.335721,0
            100.428529,-0.335341,0
            100.429005,-0.334893,0
            100.428962,-0.334314,0
            100.429091,-0.333863,0
            100.428871,-0.332613,0
            100.428683,-0.332174,0
            100.428606,-0.33136,0
            100.428378,-0.330557,0
          </coordinates>
        </LineString>
      </Placemark>
      <Placemark>
        <name/>
        <description><![CDATA[nama: 4 Core Kubu Pisang<br>deskripsi: Jumlah Core : 4 Core<br>Jumlah Core Terpakai : 2 Core<br>Klasifikasi Kabel : Distribusi<br>Letak Kabel : Udara]]></description>
        <styleUrl>#line-000000-1200</styleUrl>
        <ExtendedData>
          <Data name="nama">
            <value>4 Core Kubu Pisang</value>
          </Data>
          <Data name="deskripsi">
            <value>Jumlah Core : 4 Core
Jumlah Core Terpakai : 2 Core
Klasifikasi Kabel : Distribusi
Letak Kabel : Udara</value>
          </Data>
        </ExtendedData>
        <LineString>
          <tessellate>1</tessellate>
          <coordinates>
            100.418959,-0.323692,0
            100.420199,-0.323401,0
            100.420279,-0.322592,0
            100.420984,-0.320398,0
            100.421362,-0.319173,0
            100.421613,-0.317887,0
          </coordinates>
        </LineString>
      </Placemark>
      <Placemark>
        <name/>
        <description><![CDATA[nama: D5-ODP1<br>deskripsi: ]]></description>
        <styleUrl>#icon-1899-0288D1</styleUrl>
        <ExtendedData>
          <Data name="nama">
            <value>D5-ODP1</value>
          </Data>
          <Data name="deskripsi">
            <value/>
          </Data>
        </ExtendedData>
        <Point>
          <coordinates>
            100.436553,-0.317162,0
          </coordinates>
        </Point>
      </Placemark>
      <Placemark>
        <name/>
        <description><![CDATA[nama: D5-ODP2<br>deskripsi: ]]></description>
        <styleUrl>#icon-1899-0288D1</styleUrl>
        <ExtendedData>
          <Data name="nama">
            <value>D5-ODP2</value>
          </Data>
          <Data name="deskripsi">
            <value/>
          </Data>
        </ExtendedData>
        <Point>
          <coordinates>
            100.432754,-0.318984,0
          </coordinates>
        </Point>
      </Placemark>
      <Placemark>
        <name/>
        <description><![CDATA[nama: D5-ODP3<br>deskripsi: ]]></description>
        <styleUrl>#icon-1899-0288D1</styleUrl>
        <ExtendedData>
          <Data name="nama">
            <value>D5-ODP3</value>
          </Data>
          <Data name="deskripsi">
            <value/>
          </Data>
        </ExtendedData>
        <Point>
          <coordinates>
            100.429429,-0.319546,0
          </coordinates>
        </Point>
      </Placemark>
      <Placemark>
        <name/>
        <description><![CDATA[nama: D5-ODP4<br>deskripsi: ]]></description>
        <styleUrl>#icon-1899-0288D1</styleUrl>
        <ExtendedData>
          <Data name="nama">
            <value>D5-ODP4</value>
          </Data>
          <Data name="deskripsi">
            <value/>
          </Data>
        </ExtendedData>
        <Point>
          <coordinates>
            100.428009,-0.319783,0
          </coordinates>
        </Point>
      </Placemark>
      <Placemark>
        <name/>
        <description><![CDATA[nama: D5-ODP5<br>deskripsi: ]]></description>
        <styleUrl>#icon-1899-0288D1</styleUrl>
        <ExtendedData>
          <Data name="nama">
            <value>D5-ODP5</value>
          </Data>
          <Data name="deskripsi">
            <value/>
          </Data>
        </ExtendedData>
        <Point>
          <coordinates>
            100.425928,-0.32091,0
          </coordinates>
        </Point>
      </Placemark>
      <Placemark>
        <name/>
        <description><![CDATA[nama: D5-ODP6<br>deskripsi: ]]></description>
        <styleUrl>#icon-1899-0288D1</styleUrl>
        <ExtendedData>
          <Data name="nama">
            <value>D5-ODP6</value>
          </Data>
          <Data name="deskripsi">
            <value/>
          </Data>
        </ExtendedData>
        <Point>
          <coordinates>
            100.4264,-0.322026,0
          </coordinates>
        </Point>
      </Placemark>
      <Placemark>
        <name/>
        <description><![CDATA[nama: D7-ODP1<br>deskripsi: ]]></description>
        <styleUrl>#icon-1899-0288D1</styleUrl>
        <ExtendedData>
          <Data name="nama">
            <value>D7-ODP1</value>
          </Data>
          <Data name="deskripsi">
            <value/>
          </Data>
        </ExtendedData>
        <Point>
          <coordinates>
            100.418988,-0.323693,0
          </coordinates>
        </Point>
      </Placemark>
      <Placemark>
        <name/>
        <description><![CDATA[nama: D7-ODP2<br>deskripsi: ]]></description>
        <styleUrl>#icon-1899-0288D1</styleUrl>
        <ExtendedData>
          <Data name="nama">
            <value>D7-ODP2</value>
          </Data>
          <Data name="deskripsi">
            <value/>
          </Data>
        </ExtendedData>
        <Point>
          <coordinates>
            100.420938,-0.320455,0
          </coordinates>
        </Point>
      </Placemark>
      <Placemark>
        <name/>
        <description><![CDATA[nama: D7-ODP3<br>deskripsi: ]]></description>
        <styleUrl>#icon-1899-0288D1</styleUrl>
        <ExtendedData>
          <Data name="nama">
            <value>D7-ODP3</value>
          </Data>
          <Data name="deskripsi">
            <value/>
          </Data>
        </ExtendedData>
        <Point>
          <coordinates>
            100.421602,-0.317929,0
          </coordinates>
        </Point>
      </Placemark>
      <Placemark>
        <name/>
        <description><![CDATA[nama: D7-ODP4<br>deskripsi: ]]></description>
        <styleUrl>#icon-1899-0288D1</styleUrl>
        <ExtendedData>
          <Data name="nama">
            <value>D7-ODP4</value>
          </Data>
          <Data name="deskripsi">
            <value/>
          </Data>
        </ExtendedData>
        <Point>
          <coordinates>
            100.421687,-0.322803,0
          </coordinates>
        </Point>
      </Placemark>
      <Placemark>
        <name/>
        <description><![CDATA[nama: D7-ODP5<br>deskripsi: ]]></description>
        <styleUrl>#icon-1899-0288D1</styleUrl>
        <ExtendedData>
          <Data name="nama">
            <value>D7-ODP5</value>
          </Data>
          <Data name="deskripsi">
            <value/>
          </Data>
        </ExtendedData>
        <Point>
          <coordinates>
            100.416463,-0.32434,0
          </coordinates>
        </Point>
      </Placemark>
      <Placemark>
        <name/>
        <description><![CDATA[nama: D8-ODP1<br>deskripsi: ]]></description>
        <styleUrl>#icon-1899-0288D1</styleUrl>
        <ExtendedData>
          <Data name="nama">
            <value>D8-ODP1</value>
          </Data>
          <Data name="deskripsi">
            <value/>
          </Data>
        </ExtendedData>
        <Point>
          <coordinates>
            100.422458,-0.331529,0
          </coordinates>
        </Point>
      </Placemark>
      <Placemark>
        <name/>
        <description><![CDATA[nama: D8-ODP2<br>deskripsi: ]]></description>
        <styleUrl>#icon-1899-0288D1</styleUrl>
        <ExtendedData>
          <Data name="nama">
            <value>D8-ODP2</value>
          </Data>
          <Data name="deskripsi">
            <value/>
          </Data>
        </ExtendedData>
        <Point>
          <coordinates>
            100.424143,-0.332886,0
          </coordinates>
        </Point>
      </Placemark>
      <Placemark>
        <name/>
        <description><![CDATA[nama: D8-ODP3<br>deskripsi: ]]></description>
        <styleUrl>#icon-1899-0288D1</styleUrl>
        <ExtendedData>
          <Data name="nama">
            <value>D8-ODP3</value>
          </Data>
          <Data name="deskripsi">
            <value/>
          </Data>
        </ExtendedData>
        <Point>
          <coordinates>
            100.426187,-0.332064,0
          </coordinates>
        </Point>
      </Placemark>
      <Placemark>
        <name/>
        <description><![CDATA[nama: D9-ODP1<br>deskripsi: ]]></description>
        <styleUrl>#icon-1899-0288D1</styleUrl>
        <ExtendedData>
          <Data name="nama">
            <value>D9-ODP1</value>
          </Data>
          <Data name="deskripsi">
            <value/>
          </Data>
        </ExtendedData>
        <Point>
          <coordinates>
            100.428021,-0.335716,0
          </coordinates>
        </Point>
      </Placemark>
      <Placemark>
        <name/>
        <description><![CDATA[nama: D9-ODP2<br>deskripsi: ]]></description>
        <styleUrl>#icon-1899-0288D1</styleUrl>
        <ExtendedData>
          <Data name="nama">
            <value>D9-ODP2</value>
          </Data>
          <Data name="deskripsi">
            <value/>
          </Data>
        </ExtendedData>
        <Point>
          <coordinates>
            100.426975,-0.335879,0
          </coordinates>
        </Point>
      </Placemark>
      <Placemark>
        <name/>
        <description><![CDATA[nama: D9-ODP3<br>deskripsi: ]]></description>
        <styleUrl>#icon-1899-0288D1</styleUrl>
        <ExtendedData>
          <Data name="nama">
            <value>D9-ODP3</value>
          </Data>
          <Data name="deskripsi">
            <value/>
          </Data>
        </ExtendedData>
        <Point>
          <coordinates>
            100.428692,-0.332285,0
          </coordinates>
        </Point>
      </Placemark>
      <Placemark>
        <name/>
        <description><![CDATA[nama: D9-ODP4<br>deskripsi: ]]></description>
        <styleUrl>#icon-1899-0288D1</styleUrl>
        <ExtendedData>
          <Data name="nama">
            <value>D9-ODP4</value>
          </Data>
          <Data name="deskripsi">
            <value/>
          </Data>
        </ExtendedData>
        <Point>
          <coordinates>
            100.42837,-0.33059,0
          </coordinates>
        </Point>
      </Placemark>
      <Placemark>
        <name/>
        <description><![CDATA[nama: D11-ODP1<br>deskripsi: ]]></description>
        <styleUrl>#icon-1899-0288D1</styleUrl>
        <ExtendedData>
          <Data name="nama">
            <value>D11-ODP1</value>
          </Data>
          <Data name="deskripsi">
            <value/>
          </Data>
        </ExtendedData>
        <Point>
          <coordinates>
            100.429908,-0.33904,0
          </coordinates>
        </Point>
      </Placemark>
      <Placemark>
        <name/>
        <description><![CDATA[nama: D11-ODP2<br>deskripsi: ]]></description>
        <styleUrl>#icon-1899-0288D1</styleUrl>
        <ExtendedData>
          <Data name="nama">
            <value>D11-ODP2</value>
          </Data>
          <Data name="deskripsi">
            <value/>
          </Data>
        </ExtendedData>
        <Point>
          <coordinates>
            100.431851,-0.34374,0
          </coordinates>
        </Point>
      </Placemark>
      <Placemark>
        <name/>
        <description><![CDATA[nama: D11-ODP3<br>deskripsi: ]]></description>
        <styleUrl>#icon-1899-0288D1</styleUrl>
        <ExtendedData>
          <Data name="nama">
            <value>D11-ODP3</value>
          </Data>
          <Data name="deskripsi">
            <value/>
          </Data>
        </ExtendedData>
        <Point>
          <coordinates>
            100.432865,-0.34637,0
          </coordinates>
        </Point>
      </Placemark>
      <Placemark>
        <name/>
        <description><![CDATA[nama: D11-ODP4<br>deskripsi: ]]></description>
        <styleUrl>#icon-1899-0288D1</styleUrl>
        <ExtendedData>
          <Data name="nama">
            <value>D11-ODP4</value>
          </Data>
          <Data name="deskripsi">
            <value/>
          </Data>
        </ExtendedData>
        <Point>
          <coordinates>
            100.43379,-0.348636,0
          </coordinates>
        </Point>
      </Placemark>
      <Placemark>
        <name/>
        <description><![CDATA[nama: D12-ODP1<br>deskripsi: ]]></description>
        <styleUrl>#icon-1899-0288D1</styleUrl>
        <ExtendedData>
          <Data name="nama">
            <value>D12-ODP1</value>
          </Data>
          <Data name="deskripsi">
            <value/>
          </Data>
        </ExtendedData>
        <Point>
          <coordinates>
            100.431641,-0.322629,0
          </coordinates>
        </Point>
      </Placemark>
      <Placemark>
        <name/>
        <description><![CDATA[nama: D12-ODP2<br>deskripsi: ]]></description>
        <styleUrl>#icon-1899-0288D1</styleUrl>
        <ExtendedData>
          <Data name="nama">
            <value>D12-ODP2</value>
          </Data>
          <Data name="deskripsi">
            <value/>
          </Data>
        </ExtendedData>
        <Point>
          <coordinates>
            100.432162,-0.325865,0
          </coordinates>
        </Point>
      </Placemark>
      <Placemark>
        <name/>
        <description><![CDATA[nama: D12-ODP3<br>deskripsi: ]]></description>
        <styleUrl>#icon-1899-0288D1</styleUrl>
        <ExtendedData>
          <Data name="nama">
            <value>D12-ODP3</value>
          </Data>
          <Data name="deskripsi">
            <value/>
          </Data>
        </ExtendedData>
        <Point>
          <coordinates>
            100.432624,-0.321189,0
          </coordinates>
        </Point>
      </Placemark>
      <Placemark>
        <name/>
        <description><![CDATA[nama: D13-ODP7<br>deskripsi: ]]></description>
        <styleUrl>#icon-1899-0288D1</styleUrl>
        <ExtendedData>
          <Data name="nama">
            <value>D13-ODP7</value>
          </Data>
          <Data name="deskripsi">
            <value/>
          </Data>
        </ExtendedData>
        <Point>
          <coordinates>
            100.435066,-0.31615,0
          </coordinates>
        </Point>
      </Placemark>
      <Placemark>
        <name/>
        <description><![CDATA[nama: A25-ODP1<br>deskripsi: ]]></description>
        <styleUrl>#icon-1899-0288D1</styleUrl>
        <ExtendedData>
          <Data name="nama">
            <value>A25-ODP1</value>
          </Data>
          <Data name="deskripsi">
            <value/>
          </Data>
        </ExtendedData>
        <Point>
          <coordinates>
            100.414621,-0.32487,0
          </coordinates>
        </Point>
      </Placemark>
      <Placemark>
        <name/>
        <description><![CDATA[nama: 48 3700 Biaro - Simp Canduang<br>deskripsi: Jumlah Core : 48 Core<br>Jumlah Core Terpakai : 24 Core<br>Klasifikasi Kabel : Backbone dan Distribusi<br>Letak Kabel : Udara]]></description>
        <styleUrl>#line-000000-1200</styleUrl>
        <ExtendedData>
          <Data name="nama">
            <value>48 3700 Biaro - Simp Canduang</value>
          </Data>
          <Data name="deskripsi">
            <value>Jumlah Core : 48 Core
Jumlah Core Terpakai : 24 Core
Klasifikasi Kabel : Backbone dan Distribusi
Letak Kabel : Udara</value>
          </Data>
        </ExtendedData>
        <LineString>
          <tessellate>1</tessellate>
          <coordinates>
            100.430224,-0.284864,0
            100.431029,-0.284921,0
            100.431148,-0.288602,0
            100.434773,-0.288382,0
            100.436466,-0.2883,0
            100.438129,-0.287768,0
            100.441848,-0.286192,0
            100.4429,-0.285992,0
            100.445055,-0.285964,0
            100.451972,-0.285889,0
            100.455153,-0.285757,0
            100.457674,-0.285724,0
            100.458929,-0.285939,0
          </coordinates>
        </LineString>
      </Placemark>
      <Placemark>
        <name/>
        <description><![CDATA[nama: 4 Core Lundang<br>deskripsi: Jumlah Core : 4 Core<br>Jumlah Core Terpakai : 4 Core<br>Klasifikasi Kabel : Distribusi<br>Letak Kabel : Udara]]></description>
        <styleUrl>#line-000000-1200</styleUrl>
        <ExtendedData>
          <Data name="nama">
            <value>4 Core Lundang</value>
          </Data>
          <Data name="deskripsi">
            <value>Jumlah Core : 4 Core
Jumlah Core Terpakai : 4 Core
Klasifikasi Kabel : Distribusi
Letak Kabel : Udara</value>
          </Data>
        </ExtendedData>
        <LineString>
          <tessellate>1</tessellate>
          <coordinates>
            100.444505,-0.285978,0
            100.4448,-0.283692,0
            100.4451,-0.282188,0
            100.445233,-0.28181,0
            100.445711,-0.280638,0
            100.445941,-0.279526,0
            100.445802,-0.277984,0
            100.445802,-0.277289,0
            100.445699,-0.276588,0
            100.445725,-0.27602,0
            100.445753,-0.275638,0
            100.446129,-0.275617,0
            100.446472,-0.275757,0
            100.446834,-0.275713,0
            100.447455,-0.275402,0
            100.447447,-0.275169,0
            100.44749,-0.274953,0
          </coordinates>
        </LineString>
      </Placemark>
      <Placemark>
        <name/>
        <description><![CDATA[nama: 4 Core Lundang 1<br>deskripsi: Jumlah Core : 4 Core<br>Jumlah Core Terpakai : 1 Core<br>Klasifikasi Kabel : Distribusi<br>Letak Kabel : Udara]]></description>
        <styleUrl>#line-000000-1200</styleUrl>
        <ExtendedData>
          <Data name="nama">
            <value>4 Core Lundang 1</value>
          </Data>
          <Data name="deskripsi">
            <value>Jumlah Core : 4 Core
Jumlah Core Terpakai : 1 Core
Klasifikasi Kabel : Distribusi
Letak Kabel : Udara</value>
          </Data>
        </ExtendedData>
        <LineString>
          <tessellate>1</tessellate>
          <coordinates>
            100.444735,-0.284328,0
            100.445866,-0.284573,0
          </coordinates>
        </LineString>
      </Placemark>
      <Placemark>
        <name/>
        <description><![CDATA[nama: 4 Core Lundang 2<br>deskripsi: Jumlah Core : 4 Core<br>Jumlah Core Terpakai : 1 Core<br>Klasifikasi Kabel : Distribusi<br>Letak Kabel : Udara]]></description>
        <styleUrl>#line-000000-1200</styleUrl>
        <ExtendedData>
          <Data name="nama">
            <value>4 Core Lundang 2</value>
          </Data>
          <Data name="deskripsi">
            <value>Jumlah Core : 4 Core
Jumlah Core Terpakai : 1 Core
Klasifikasi Kabel : Distribusi
Letak Kabel : Udara</value>
          </Data>
        </ExtendedData>
        <LineString>
          <tessellate>1</tessellate>
          <coordinates>
            100.445207,-0.281859,0
            100.444986,-0.281817,0
            100.444302,-0.280643,0
          </coordinates>
        </LineString>
      </Placemark>
      <Placemark>
        <name/>
        <description><![CDATA[nama: 4 Core Banda Pili<br>deskripsi: Jumlah Core : 4 Core<br>Jumlah Core Terpakai : 2 Core<br>Klasifikasi Kabel : Distribusi<br>Letak Kabel : Udara]]></description>
        <styleUrl>#line-000000-1200</styleUrl>
        <ExtendedData>
          <Data name="nama">
            <value>4 Core Banda Pili</value>
          </Data>
          <Data name="deskripsi">
            <value>Jumlah Core : 4 Core
Jumlah Core Terpakai : 2 Core
Klasifikasi Kabel : Distribusi
Letak Kabel : Udara</value>
          </Data>
        </ExtendedData>
        <LineString>
          <tessellate>1</tessellate>
          <coordinates>
            100.439064,-0.287306,0
            100.439235,-0.287451,0
            100.439306,-0.287932,0
            100.439146,-0.288634,0
            100.439259,-0.288659,0
            100.439422,-0.288834,0
            100.439557,-0.289528,0
            100.43951,-0.289754,0
            100.440007,-0.289812,0
            100.440427,-0.290037,0
            100.440823,-0.290123,0
            100.441195,-0.290274,0
          </coordinates>
        </LineString>
      </Placemark>
      <Placemark>
        <name/>
        <description><![CDATA[nama: 4 Core Simp Gelanggang<br>deskripsi: Jumlah Core : 4 Core<br>Jumlah Core Terpakai : 4 Core<br>Klasifikasi Kabel : Distribusi<br>Letak Kabel : Udara]]></description>
        <styleUrl>#line-000000-1200</styleUrl>
        <ExtendedData>
          <Data name="nama">
            <value>4 Core Simp Gelanggang</value>
          </Data>
          <Data name="deskripsi">
            <value>Jumlah Core : 4 Core
Jumlah Core Terpakai : 4 Core
Klasifikasi Kabel : Distribusi
Letak Kabel : Udara</value>
          </Data>
        </ExtendedData>
        <LineString>
          <tessellate>1</tessellate>
          <coordinates>
            100.4529,-0.285857,0
            100.453441,-0.288419,0
            100.453833,-0.289447,0
            100.45267,-0.289994,0
            100.452465,-0.289092,0
          </coordinates>
        </LineString>
      </Placemark>
      <Placemark>
        <name/>
        <description><![CDATA[nama: 4 Core Simp KUD<br>deskripsi: Jumlah Core : 4 Core<br>Jumlah Core Terpakai : 4 Core<br>Klasifikasi Kabel : Distribusi<br>Letak Kabel : Udara]]></description>
        <styleUrl>#line-000000-1200</styleUrl>
        <ExtendedData>
          <Data name="nama">
            <value>4 Core Simp KUD</value>
          </Data>
          <Data name="deskripsi">
            <value>Jumlah Core : 4 Core
Jumlah Core Terpakai : 4 Core
Klasifikasi Kabel : Distribusi
Letak Kabel : Udara</value>
          </Data>
        </ExtendedData>
        <LineString>
          <tessellate>1</tessellate>
          <coordinates>
            100.454761,-0.285764,0
            100.454591,-0.28525,0
            100.45441,-0.284218,0
            100.453982,-0.282496,0
          </coordinates>
        </LineString>
      </Placemark>
      <Placemark>
        <name/>
        <description><![CDATA[nama: Path Measure<br>deskripsi: ]]></description>
        <styleUrl>#line-000000-1200</styleUrl>
        <ExtendedData>
          <Data name="nama">
            <value>Path Measure</value>
          </Data>
          <Data name="deskripsi">
            <value/>
          </Data>
        </ExtendedData>
        <LineString>
          <tessellate>1</tessellate>
          <coordinates>
            100.458921,-0.285896,0
            100.45867,-0.284687,0
            100.458325,-0.283846,0
            100.457609,-0.282922,0
            100.456514,-0.281302,0
          </coordinates>
        </LineString>
      </Placemark>
      <Placemark>
        <name/>
        <description><![CDATA[nama: Path Measure<br>deskripsi: ]]></description>
        <styleUrl>#line-000000-1200</styleUrl>
        <ExtendedData>
          <Data name="nama">
            <value>Path Measure</value>
          </Data>
          <Data name="deskripsi">
            <value/>
          </Data>
        </ExtendedData>
        <LineString>
          <tessellate>1</tessellate>
          <coordinates>
            100.435413,-0.288338,0
            100.435665,-0.287583,0
            100.43587,-0.287077,0
            100.435859,-0.286478,0
            100.4353,-0.285708,0
            100.435481,-0.285162,0
            100.435399,-0.284836,0
            100.435734,-0.283966,0
            100.43654,-0.284414,0
            100.436932,-0.283711,0
            100.43717,-0.283816,0
            100.437418,-0.283449,0
            100.437689,-0.283475,0
            100.437957,-0.28316,0
            100.438172,-0.282832,0
            100.438273,-0.282335,0
          </coordinates>
        </LineString>
      </Placemark>
      <Placemark>
        <name/>
        <description><![CDATA[nama: B13-ODP1<br>deskripsi: ]]></description>
        <styleUrl>#icon-1899-0288D1</styleUrl>
        <ExtendedData>
          <Data name="nama">
            <value>B13-ODP1</value>
          </Data>
          <Data name="deskripsi">
            <value/>
          </Data>
        </ExtendedData>
        <Point>
          <coordinates>
            100.435441,-0.288247,0
          </coordinates>
        </Point>
      </Placemark>
      <Placemark>
        <name/>
        <description><![CDATA[nama: B13-ODP2<br>deskripsi: ]]></description>
        <styleUrl>#icon-1899-0288D1</styleUrl>
        <ExtendedData>
          <Data name="nama">
            <value>B13-ODP2</value>
          </Data>
          <Data name="deskripsi">
            <value/>
          </Data>
        </ExtendedData>
        <Point>
          <coordinates>
            100.435331,-0.285717,0
          </coordinates>
        </Point>
      </Placemark>
      <Placemark>
        <name/>
        <description><![CDATA[nama: B13-ODP3<br>deskripsi: ]]></description>
        <styleUrl>#icon-1899-0288D1</styleUrl>
        <ExtendedData>
          <Data name="nama">
            <value>B13-ODP3</value>
          </Data>
          <Data name="deskripsi">
            <value/>
          </Data>
        </ExtendedData>
        <Point>
          <coordinates>
            100.436982,-0.283698,0
          </coordinates>
        </Point>
      </Placemark>
      <Placemark>
        <name/>
        <description><![CDATA[nama: B13-ODP4<br>deskripsi: ]]></description>
        <styleUrl>#icon-1899-0288D1</styleUrl>
        <ExtendedData>
          <Data name="nama">
            <value>B13-ODP4</value>
          </Data>
          <Data name="deskripsi">
            <value/>
          </Data>
        </ExtendedData>
        <Point>
          <coordinates>
            100.438257,-0.282356,0
          </coordinates>
        </Point>
      </Placemark>
      <Placemark>
        <name/>
        <description><![CDATA[nama: B14-ODP1<br>deskripsi: ]]></description>
        <styleUrl>#icon-1899-0288D1</styleUrl>
        <ExtendedData>
          <Data name="nama">
            <value>B14-ODP1</value>
          </Data>
          <Data name="deskripsi">
            <value/>
          </Data>
        </ExtendedData>
        <Point>
          <coordinates>
            100.439019,-0.287341,0
          </coordinates>
        </Point>
      </Placemark>
      <Placemark>
        <name/>
        <description><![CDATA[nama: B14-ODP2<br>deskripsi: ]]></description>
        <styleUrl>#icon-1899-0288D1</styleUrl>
        <ExtendedData>
          <Data name="nama">
            <value>B14-ODP2</value>
          </Data>
          <Data name="deskripsi">
            <value/>
          </Data>
        </ExtendedData>
        <Point>
          <coordinates>
            100.440419,-0.290054,0
          </coordinates>
        </Point>
      </Placemark>
      <Placemark>
        <name/>
        <description><![CDATA[nama: B14-ODP3<br>deskripsi: ]]></description>
        <styleUrl>#icon-1899-0288D1</styleUrl>
        <ExtendedData>
          <Data name="nama">
            <value>B14-ODP3</value>
          </Data>
          <Data name="deskripsi">
            <value/>
          </Data>
        </ExtendedData>
        <Point>
          <coordinates>
            100.441205,-0.290266,0
          </coordinates>
        </Point>
      </Placemark>
      <Placemark>
        <name/>
        <description><![CDATA[nama: B15-ODP1<br>deskripsi: ]]></description>
        <styleUrl>#icon-1899-0288D1</styleUrl>
        <ExtendedData>
          <Data name="nama">
            <value>B15-ODP1</value>
          </Data>
          <Data name="deskripsi">
            <value/>
          </Data>
        </ExtendedData>
        <Point>
          <coordinates>
            100.444431,-0.28597,0
          </coordinates>
        </Point>
      </Placemark>
      <Placemark>
        <name/>
        <description><![CDATA[nama: B15-ODP2<br>deskripsi: ]]></description>
        <styleUrl>#icon-1899-0288D1</styleUrl>
        <ExtendedData>
          <Data name="nama">
            <value>B15-ODP2</value>
          </Data>
          <Data name="deskripsi">
            <value/>
          </Data>
        </ExtendedData>
        <Point>
          <coordinates>
            100.444825,-0.283717,0
          </coordinates>
        </Point>
      </Placemark>
      <Placemark>
        <name/>
        <description><![CDATA[nama: B15-ODP3<br>deskripsi: ]]></description>
        <styleUrl>#icon-1899-0288D1</styleUrl>
        <ExtendedData>
          <Data name="nama">
            <value>B15-ODP3</value>
          </Data>
          <Data name="deskripsi">
            <value/>
          </Data>
        </ExtendedData>
        <Point>
          <coordinates>
            100.445201,-0.281889,0
          </coordinates>
        </Point>
      </Placemark>
      <Placemark>
        <name/>
        <description><![CDATA[nama: B15-ODP4<br>deskripsi: ]]></description>
        <styleUrl>#icon-1899-0288D1</styleUrl>
        <ExtendedData>
          <Data name="nama">
            <value>B15-ODP4</value>
          </Data>
          <Data name="deskripsi">
            <value/>
          </Data>
        </ExtendedData>
        <Point>
          <coordinates>
            100.445676,-0.280695,0
          </coordinates>
        </Point>
      </Placemark>
      <Placemark>
        <name/>
        <description><![CDATA[nama: B15-ODP5<br>deskripsi: ]]></description>
        <styleUrl>#icon-1899-0288D1</styleUrl>
        <ExtendedData>
          <Data name="nama">
            <value>B15-ODP5</value>
          </Data>
          <Data name="deskripsi">
            <value/>
          </Data>
        </ExtendedData>
        <Point>
          <coordinates>
            100.445935,-0.279544,0
          </coordinates>
        </Point>
      </Placemark>
      <Placemark>
        <name/>
        <description><![CDATA[nama: B15-ODP6<br>deskripsi: ]]></description>
        <styleUrl>#icon-1899-0288D1</styleUrl>
        <ExtendedData>
          <Data name="nama">
            <value>B15-ODP6</value>
          </Data>
          <Data name="deskripsi">
            <value/>
          </Data>
        </ExtendedData>
        <Point>
          <coordinates>
            100.445794,-0.277333,0
          </coordinates>
        </Point>
      </Placemark>
      <Placemark>
        <name/>
        <description><![CDATA[nama: B15-ODP7<br>deskripsi: ]]></description>
        <styleUrl>#icon-1899-0288D1</styleUrl>
        <ExtendedData>
          <Data name="nama">
            <value>B15-ODP7</value>
          </Data>
          <Data name="deskripsi">
            <value/>
          </Data>
        </ExtendedData>
        <Point>
          <coordinates>
            100.445736,-0.276025,0
          </coordinates>
        </Point>
      </Placemark>
      <Placemark>
        <name/>
        <description><![CDATA[nama: B15-ODP8<br>deskripsi: ]]></description>
        <styleUrl>#icon-1899-0288D1</styleUrl>
        <ExtendedData>
          <Data name="nama">
            <value>B15-ODP8</value>
          </Data>
          <Data name="deskripsi">
            <value/>
          </Data>
        </ExtendedData>
        <Point>
          <coordinates>
            100.447522,-0.274928,0
          </coordinates>
        </Point>
      </Placemark>
      <Placemark>
        <name/>
        <description><![CDATA[nama: B15-ODP9<br>deskripsi: ]]></description>
        <styleUrl>#icon-1899-0288D1</styleUrl>
        <ExtendedData>
          <Data name="nama">
            <value>B15-ODP9</value>
          </Data>
          <Data name="deskripsi">
            <value/>
          </Data>
        </ExtendedData>
        <Point>
          <coordinates>
            100.446226,-0.280707,0
          </coordinates>
        </Point>
      </Placemark>
      <Placemark>
        <name/>
        <description><![CDATA[nama: B15-ODP10<br>deskripsi: ]]></description>
        <styleUrl>#icon-1899-0288D1</styleUrl>
        <ExtendedData>
          <Data name="nama">
            <value>B15-ODP10</value>
          </Data>
          <Data name="deskripsi">
            <value/>
          </Data>
        </ExtendedData>
        <Point>
          <coordinates>
            100.444346,-0.280638,0
          </coordinates>
        </Point>
      </Placemark>
      <Placemark>
        <name/>
        <description><![CDATA[nama: B15-ODP11<br>deskripsi: ]]></description>
        <styleUrl>#icon-1899-0288D1</styleUrl>
        <ExtendedData>
          <Data name="nama">
            <value>B15-ODP11</value>
          </Data>
          <Data name="deskripsi">
            <value/>
          </Data>
        </ExtendedData>
        <Point>
          <coordinates>
            100.445866,-0.284576,0
          </coordinates>
        </Point>
      </Placemark>
      <Placemark>
        <name/>
        <description><![CDATA[nama: B16-ODP4<br>deskripsi: ]]></description>
        <styleUrl>#icon-1899-0288D1</styleUrl>
        <ExtendedData>
          <Data name="nama">
            <value>B16-ODP4</value>
          </Data>
          <Data name="deskripsi">
            <value/>
          </Data>
        </ExtendedData>
        <Point>
          <coordinates>
            100.442401,-0.286096,0
          </coordinates>
        </Point>
      </Placemark>
      <Placemark>
        <name/>
        <description><![CDATA[nama: B17-ODP1<br>deskripsi: ]]></description>
        <styleUrl>#icon-1899-0288D1</styleUrl>
        <ExtendedData>
          <Data name="nama">
            <value>B17-ODP1</value>
          </Data>
          <Data name="deskripsi">
            <value/>
          </Data>
        </ExtendedData>
        <Point>
          <coordinates>
            100.446959,-0.286003,0
          </coordinates>
        </Point>
      </Placemark>
      <Placemark>
        <name/>
        <description><![CDATA[nama: B17-ODP2<br>deskripsi: ]]></description>
        <styleUrl>#icon-1899-0288D1</styleUrl>
        <ExtendedData>
          <Data name="nama">
            <value>B17-ODP2</value>
          </Data>
          <Data name="deskripsi">
            <value/>
          </Data>
        </ExtendedData>
        <Point>
          <coordinates>
            100.448626,-0.285929,0
          </coordinates>
        </Point>
      </Placemark>
      <Placemark>
        <name/>
        <description><![CDATA[nama: B19-ODP1<br>deskripsi: ]]></description>
        <styleUrl>#icon-1899-0288D1</styleUrl>
        <ExtendedData>
          <Data name="nama">
            <value>B19-ODP1</value>
          </Data>
          <Data name="deskripsi">
            <value/>
          </Data>
        </ExtendedData>
        <Point>
          <coordinates>
            100.452894,-0.285851,0
          </coordinates>
        </Point>
      </Placemark>
      <Placemark>
        <name/>
        <description><![CDATA[nama: B19-ODP2<br>deskripsi: ]]></description>
        <styleUrl>#icon-1899-0288D1</styleUrl>
        <ExtendedData>
          <Data name="nama">
            <value>B19-ODP2</value>
          </Data>
          <Data name="deskripsi">
            <value/>
          </Data>
        </ExtendedData>
        <Point>
          <coordinates>
            100.453414,-0.288452,0
          </coordinates>
        </Point>
      </Placemark>
      <Placemark>
        <name/>
        <description><![CDATA[nama: B19-ODP3<br>deskripsi: ]]></description>
        <styleUrl>#icon-1899-0288D1</styleUrl>
        <ExtendedData>
          <Data name="nama">
            <value>B19-ODP3</value>
          </Data>
          <Data name="deskripsi">
            <value/>
          </Data>
        </ExtendedData>
        <Point>
          <coordinates>
            100.45268,-0.290012,0
          </coordinates>
        </Point>
      </Placemark>
      <Placemark>
        <name/>
        <description><![CDATA[nama: B19-ODP4<br>deskripsi: ]]></description>
        <styleUrl>#icon-1899-0288D1</styleUrl>
        <ExtendedData>
          <Data name="nama">
            <value>B19-ODP4</value>
          </Data>
          <Data name="deskripsi">
            <value/>
          </Data>
        </ExtendedData>
        <Point>
          <coordinates>
            100.452474,-0.28912,0
          </coordinates>
        </Point>
      </Placemark>
      <Placemark>
        <name/>
        <description><![CDATA[nama: B21-ODP0<br>deskripsi: ]]></description>
        <styleUrl>#icon-1899-0288D1</styleUrl>
        <ExtendedData>
          <Data name="nama">
            <value>B21-ODP0</value>
          </Data>
          <Data name="deskripsi">
            <value/>
          </Data>
        </ExtendedData>
        <Point>
          <coordinates>
            100.454769,-0.285809,0
          </coordinates>
        </Point>
      </Placemark>
      <Placemark>
        <name/>
        <description><![CDATA[nama: B21-ODP1<br>deskripsi: ]]></description>
        <styleUrl>#icon-1899-0288D1</styleUrl>
        <ExtendedData>
          <Data name="nama">
            <value>B21-ODP1</value>
          </Data>
          <Data name="deskripsi">
            <value/>
          </Data>
        </ExtendedData>
        <Point>
          <coordinates>
            100.454194,-0.283464,0
          </coordinates>
        </Point>
      </Placemark>
      <Placemark>
        <name/>
        <description><![CDATA[nama: B21-ODP2<br>deskripsi: ]]></description>
        <styleUrl>#icon-1899-0288D1</styleUrl>
        <ExtendedData>
          <Data name="nama">
            <value>B21-ODP2</value>
          </Data>
          <Data name="deskripsi">
            <value/>
          </Data>
        </ExtendedData>
        <Point>
          <coordinates>
            100.453979,-0.282506,0
          </coordinates>
        </Point>
      </Placemark>
      <Placemark>
        <name/>
        <description><![CDATA[nama: B21-ODP3<br>deskripsi: ]]></description>
        <styleUrl>#icon-1899-0288D1</styleUrl>
        <ExtendedData>
          <Data name="nama">
            <value>B21-ODP3</value>
          </Data>
          <Data name="deskripsi">
            <value/>
          </Data>
        </ExtendedData>
        <Point>
          <coordinates>
            100.456336,-0.28572,0
          </coordinates>
        </Point>
      </Placemark>
      <Placemark>
        <name/>
        <description><![CDATA[nama: B23-ODP0<br>deskripsi: ]]></description>
        <styleUrl>#icon-1899-0288D1</styleUrl>
        <ExtendedData>
          <Data name="nama">
            <value>B23-ODP0</value>
          </Data>
          <Data name="deskripsi">
            <value/>
          </Data>
        </ExtendedData>
        <Point>
          <coordinates>
            100.458905,-0.2859,0
          </coordinates>
        </Point>
      </Placemark>
      <Placemark>
        <name/>
        <description><![CDATA[nama: B23-ODP1<br>deskripsi: ]]></description>
        <styleUrl>#icon-1899-0288D1</styleUrl>
        <ExtendedData>
          <Data name="nama">
            <value>B23-ODP1</value>
          </Data>
          <Data name="deskripsi">
            <value/>
          </Data>
        </ExtendedData>
        <Point>
          <coordinates>
            100.457617,-0.282931,0
          </coordinates>
        </Point>
      </Placemark>
      <Placemark>
        <name/>
        <description><![CDATA[nama: B23-ODP2<br>deskripsi: ]]></description>
        <styleUrl>#icon-1899-0288D1</styleUrl>
        <ExtendedData>
          <Data name="nama">
            <value>B23-ODP2</value>
          </Data>
          <Data name="deskripsi">
            <value/>
          </Data>
        </ExtendedData>
        <Point>
          <coordinates>
            100.45653,-0.281308,0
          </coordinates>
        </Point>
      </Placemark>
      <Placemark>
        <name/>
        <description><![CDATA[nama: 12 5500 Simp Canduang - Lasi<br>deskripsi: Jumlah Core : 12 Core<br>Jumlah Core Terpakai : 8 Core<br>Klasifikasi Kabel : Backbone dan Distribusi<br>Letak Kabel : Udara]]></description>
        <styleUrl>#line-000000-1200</styleUrl>
        <ExtendedData>
          <Data name="nama">
            <value>12 5500 Simp Canduang - Lasi</value>
          </Data>
          <Data name="deskripsi">
            <value>Jumlah Core : 12 Core
Jumlah Core Terpakai : 8 Core
Klasifikasi Kabel : Backbone dan Distribusi
Letak Kabel : Udara</value>
          </Data>
        </ExtendedData>
        <LineString>
          <tessellate>1</tessellate>
          <coordinates>
            100.458932,-0.285939,0
            100.461723,-0.293557,0
            100.462636,-0.295461,0
            100.463668,-0.297212,0
            100.465007,-0.29989,0
            100.463837,-0.300645,0
            100.460909,-0.301422,0
            100.457949,-0.302306,0
            100.455816,-0.30301,0
            100.453265,-0.303983,0
            100.45186,-0.304602,0
            100.449446,-0.305566,0
            100.448788,-0.305979,0
            100.446672,-0.30897,0
            100.446474,-0.309232,0
            100.445838,-0.309604,0
            100.44484,-0.310126,0
            100.444304,-0.311015,0
            100.442923,-0.312249,0
            100.440038,-0.314333,0
            100.438938,-0.315227,0
            100.437173,-0.31662,0
            100.436513,-0.317199,0
          </coordinates>
        </LineString>
      </Placemark>
      <Placemark>
        <name/>
        <description><![CDATA[nama: Path Measure<br>deskripsi: ]]></description>
        <styleUrl>#line-000000-1200</styleUrl>
        <ExtendedData>
          <Data name="nama">
            <value>Path Measure</value>
          </Data>
          <Data name="deskripsi">
            <value/>
          </Data>
        </ExtendedData>
        <LineString>
          <tessellate>1</tessellate>
          <coordinates>
            100.4323,-0.313595,0
            100.433222,-0.314759,0
            100.433572,-0.314998,0
            100.433845,-0.314437,0
            100.434607,-0.31445,0
          </coordinates>
        </LineString>
      </Placemark>
      <Placemark>
        <name/>
        <description><![CDATA[nama: 4 Core Pauh 3<br>deskripsi: Jumlah Core : 4 Core<br>Jumlah Core Terpakai : 4 Core<br>Klasifikasi Kabel : Distribusi<br>Letak Kabel : Udara]]></description>
        <styleUrl>#line-000000-1200</styleUrl>
        <ExtendedData>
          <Data name="nama">
            <value>4 Core Pauh 3</value>
          </Data>
          <Data name="deskripsi">
            <value>Jumlah Core : 4 Core
Jumlah Core Terpakai : 4 Core
Klasifikasi Kabel : Distribusi
Letak Kabel : Udara</value>
          </Data>
        </ExtendedData>
        <LineString>
          <tessellate>1</tessellate>
          <coordinates>
            100.465074,-0.299882,0
            100.464126,-0.300522,0
            100.46334,-0.303436,0
            100.463143,-0.306221,0
            100.462321,-0.306755,0
            100.462731,-0.307613,0
            100.462771,-0.308074,0
            100.463125,-0.308836,0
            100.463229,-0.30994,0
            100.463501,-0.312759,0
            100.463652,-0.314799,0
          </coordinates>
        </LineString>
      </Placemark>
      <Placemark>
        <name/>
        <description><![CDATA[nama: 4 Core Pulau Baringin<br>deskripsi: Jumlah Core : 4 Core<br>Jumlah Core Terpakai : 4 Core<br>Klasifikasi Kabel : Distribusi<br>Letak Kabel : Udara]]></description>
        <styleUrl>#line-000000-1200</styleUrl>
        <ExtendedData>
          <Data name="nama">
            <value>4 Core Pulau Baringin</value>
          </Data>
          <Data name="deskripsi">
            <value>Jumlah Core : 4 Core
Jumlah Core Terpakai : 4 Core
Klasifikasi Kabel : Distribusi
Letak Kabel : Udara</value>
          </Data>
        </ExtendedData>
        <LineString>
          <tessellate>1</tessellate>
          <coordinates>
            100.455945,-0.302948,0
            100.457397,-0.306129,0
            100.459071,-0.30969,0
            100.459273,-0.309869,0
            100.45933,-0.310153,0
            100.458938,-0.31024,0
            100.458808,-0.310527,0
            100.458563,-0.3111,0
            100.458179,-0.311417,0
            100.45669,-0.312043,0
            100.454455,-0.313295,0
            100.453704,-0.31237,0
            100.452843,-0.311169,0
            100.452272,-0.310432,0
          </coordinates>
        </LineString>
      </Placemark>
      <Placemark>
        <name/>
        <description><![CDATA[nama: 4 Core Lasi Mudo<br>deskripsi: Jumlah Core : 4 Core<br>Jumlah Core Terpakai : 3 Core<br>Klasifikasi Kabel : Distribusi<br>Letak Kabel : Udara]]></description>
        <styleUrl>#line-000000-1200</styleUrl>
        <ExtendedData>
          <Data name="nama">
            <value>4 Core Lasi Mudo</value>
          </Data>
          <Data name="deskripsi">
            <value>Jumlah Core : 4 Core
Jumlah Core Terpakai : 3 Core
Klasifikasi Kabel : Distribusi
Letak Kabel : Udara</value>
          </Data>
        </ExtendedData>
        <LineString>
          <tessellate>1</tessellate>
          <coordinates>
            100.444396,-0.310753,0
            100.444626,-0.310743,0
            100.445145,-0.31173,0
            100.445685,-0.31246,0
          </coordinates>
        </LineString>
      </Placemark>
      <Placemark>
        <name/>
        <description><![CDATA[nama: 4 Core 3 Suku<br>deskripsi: Jumlah Core : 4 Core<br>Jumlah Core Terpakai : 4 Core<br>Klasifikasi Kabel : Distribusi<br>Letak Kabel : Udara]]></description>
        <styleUrl>#line-000000-1200</styleUrl>
        <ExtendedData>
          <Data name="nama">
            <value>4 Core 3 Suku</value>
          </Data>
          <Data name="deskripsi">
            <value>Jumlah Core : 4 Core
Jumlah Core Terpakai : 4 Core
Klasifikasi Kabel : Distribusi
Letak Kabel : Udara</value>
          </Data>
        </ExtendedData>
        <LineString>
          <tessellate>1</tessellate>
          <coordinates>
            100.455934,-0.302932,0
            100.454612,-0.300212,0
            100.453012,-0.297388,0
            100.452089,-0.295393,0
            100.453837,-0.294073,0
          </coordinates>
        </LineString>
      </Placemark>
      <Placemark>
        <name/>
        <description><![CDATA[nama: 4 Core VI Kampung<br>deskripsi: Jumlah Core : 4 Core<br>Jumlah Core Terpakai : 4 Core<br>Klasifikasi Kabel : Distribusi<br>Letak Kabel : Udara]]></description>
        <styleUrl>#line-000000-1200</styleUrl>
        <ExtendedData>
          <Data name="nama">
            <value>4 Core VI Kampung</value>
          </Data>
          <Data name="deskripsi">
            <value>Jumlah Core : 4 Core
Jumlah Core Terpakai : 4 Core
Klasifikasi Kabel : Distribusi
Letak Kabel : Udara</value>
          </Data>
        </ExtendedData>
        <LineString>
          <tessellate>1</tessellate>
          <coordinates>
            100.452984,-0.297357,0
            100.451825,-0.298244,0
            100.450463,-0.29933,0
          </coordinates>
        </LineString>
      </Placemark>
      <Placemark>
        <name/>
        <description><![CDATA[nama: 4 Core Halaman Panjang<br>deskripsi: Jumlah Core : 4 Core<br>Jumlah Core Terpakai : 1 Core<br>Klasifikasi Kabel : Distribusi<br>Letak Kabel : Udara]]></description>
        <styleUrl>#line-000000-1200</styleUrl>
        <ExtendedData>
          <Data name="nama">
            <value>4 Core Halaman Panjang</value>
          </Data>
          <Data name="deskripsi">
            <value>Jumlah Core : 4 Core
Jumlah Core Terpakai : 1 Core
Klasifikasi Kabel : Distribusi
Letak Kabel : Udara</value>
          </Data>
        </ExtendedData>
        <LineString>
          <tessellate>1</tessellate>
          <coordinates>
            100.459783,-0.288289,0
            100.457426,-0.290267,0
            100.457294,-0.290352,0
          </coordinates>
        </LineString>
      </Placemark>
      <Placemark>
        <name/>
        <description><![CDATA[nama: 4 Core Simp Telkom<br>deskripsi: Jumlah Core : 4 Core<br>Jumlah Core Terpakai : 1 Core<br>Klasifikasi Kabel : Distribusi<br>Letak Kabel : Udara]]></description>
        <styleUrl>#line-000000-1200</styleUrl>
        <ExtendedData>
          <Data name="nama">
            <value>4 Core Simp Telkom</value>
          </Data>
          <Data name="deskripsi">
            <value>Jumlah Core : 4 Core
Jumlah Core Terpakai : 1 Core
Klasifikasi Kabel : Distribusi
Letak Kabel : Udara</value>
          </Data>
        </ExtendedData>
        <LineString>
          <tessellate>1</tessellate>
          <coordinates>
            100.459785,-0.288278,0
            100.459374,-0.287193,0
            100.458886,-0.287431,0
            100.458177,-0.288503,0
          </coordinates>
        </LineString>
      </Placemark>
      <Placemark>
        <name/>
        <description><![CDATA[nama: 4 Core 3 Kampung<br>deskripsi: Jumlah Core : 4 Core<br>Jumlah Core Terpakai : 1 Core<br>Klasifikasi Kabel : Distribusi<br>Letak Kabel : Udara]]></description>
        <styleUrl>#line-000000-1200</styleUrl>
        <ExtendedData>
          <Data name="nama">
            <value>4 Core 3 Kampung</value>
          </Data>
          <Data name="deskripsi">
            <value>Jumlah Core : 4 Core
Jumlah Core Terpakai : 1 Core
Klasifikasi Kabel : Distribusi
Letak Kabel : Udara</value>
          </Data>
        </ExtendedData>
        <LineString>
          <tessellate>1</tessellate>
          <coordinates>
            100.448655,-0.30609,0
            100.448802,-0.305998,0
            100.448284,-0.304634,0
            100.447829,-0.302725,0
          </coordinates>
        </LineString>
      </Placemark>
      <Placemark>
        <name/>
        <description><![CDATA[nama: Path Measure<br>deskripsi: ]]></description>
        <styleUrl>#line-000000-1200</styleUrl>
        <ExtendedData>
          <Data name="nama">
            <value>Path Measure</value>
          </Data>
          <Data name="deskripsi">
            <value/>
          </Data>
        </ExtendedData>
        <LineString>
          <tessellate>1</tessellate>
          <coordinates>
            100.462662,-0.295462,0
            100.462756,-0.2957,0
            100.462116,-0.296043,0
            100.46109,-0.296719,0
          </coordinates>
        </LineString>
      </Placemark>
      <Placemark>
        <name/>
        <description><![CDATA[nama: B1-ODP1<br>deskripsi: ]]></description>
        <styleUrl>#icon-1899-0288D1</styleUrl>
        <ExtendedData>
          <Data name="nama">
            <value>B1-ODP1</value>
          </Data>
          <Data name="deskripsi">
            <value/>
          </Data>
        </ExtendedData>
        <Point>
          <coordinates>
            100.463837,-0.301355,0
          </coordinates>
        </Point>
      </Placemark>
      <Placemark>
        <name/>
        <description><![CDATA[nama: B1-ODP2<br>deskripsi: ]]></description>
        <styleUrl>#icon-1899-0288D1</styleUrl>
        <ExtendedData>
          <Data name="nama">
            <value>B1-ODP2</value>
          </Data>
          <Data name="deskripsi">
            <value/>
          </Data>
        </ExtendedData>
        <Point>
          <coordinates>
            100.462314,-0.306774,0
          </coordinates>
        </Point>
      </Placemark>
      <Placemark>
        <name/>
        <description><![CDATA[nama: B1-ODP3<br>deskripsi: ]]></description>
        <styleUrl>#icon-1899-0288D1</styleUrl>
        <ExtendedData>
          <Data name="nama">
            <value>B1-ODP3</value>
          </Data>
          <Data name="deskripsi">
            <value/>
          </Data>
        </ExtendedData>
        <Point>
          <coordinates>
            100.463183,-0.310062,0
          </coordinates>
        </Point>
      </Placemark>
      <Placemark>
        <name/>
        <description><![CDATA[nama: B1-ODP4<br>deskripsi: ]]></description>
        <styleUrl>#icon-1899-0288D1</styleUrl>
        <ExtendedData>
          <Data name="nama">
            <value>B1-ODP4</value>
          </Data>
          <Data name="deskripsi">
            <value/>
          </Data>
        </ExtendedData>
        <Point>
          <coordinates>
            100.463657,-0.314839,0
          </coordinates>
        </Point>
      </Placemark>
      <Placemark>
        <name/>
        <description><![CDATA[nama: B2-ODP1<br>deskripsi: ]]></description>
        <styleUrl>#icon-1899-0288D1</styleUrl>
        <ExtendedData>
          <Data name="nama">
            <value>B2-ODP1</value>
          </Data>
          <Data name="deskripsi">
            <value/>
          </Data>
        </ExtendedData>
        <Point>
          <coordinates>
            100.465025,-0.299988,0
          </coordinates>
        </Point>
      </Placemark>
      <Placemark>
        <name/>
        <description><![CDATA[nama: B2-ODP2<br>deskripsi: ]]></description>
        <styleUrl>#icon-1899-0288D1</styleUrl>
        <ExtendedData>
          <Data name="nama">
            <value>B2-ODP2</value>
          </Data>
          <Data name="deskripsi">
            <value/>
          </Data>
        </ExtendedData>
        <Point>
          <coordinates>
            100.467383,-0.299663,0
          </coordinates>
        </Point>
      </Placemark>
      <Placemark>
        <name/>
        <description><![CDATA[nama: B2-ODP3<br>deskripsi: ]]></description>
        <styleUrl>#icon-1899-0288D1</styleUrl>
        <ExtendedData>
          <Data name="nama">
            <value>B2-ODP3</value>
          </Data>
          <Data name="deskripsi">
            <value/>
          </Data>
        </ExtendedData>
        <Point>
          <coordinates>
            100.463674,-0.297213,0
          </coordinates>
        </Point>
      </Placemark>
      <Placemark>
        <name/>
        <description><![CDATA[nama: B6-ODP0<br>deskripsi: ]]></description>
        <styleUrl>#icon-1899-0288D1</styleUrl>
        <ExtendedData>
          <Data name="nama">
            <value>B6-ODP0</value>
          </Data>
          <Data name="deskripsi">
            <value/>
          </Data>
        </ExtendedData>
        <Point>
          <coordinates>
            100.462642,-0.295456,0
          </coordinates>
        </Point>
      </Placemark>
      <Placemark>
        <name/>
        <description><![CDATA[nama: B6-ODP1<br>deskripsi: ]]></description>
        <styleUrl>#icon-1899-0288D1</styleUrl>
        <ExtendedData>
          <Data name="nama">
            <value>B6-ODP1</value>
          </Data>
          <Data name="deskripsi">
            <value/>
          </Data>
        </ExtendedData>
        <Point>
          <coordinates>
            100.461092,-0.296736,0
          </coordinates>
        </Point>
      </Placemark>
      <Placemark>
        <name/>
        <description><![CDATA[nama: B8-ODP0<br>deskripsi: ]]></description>
        <styleUrl>#icon-1899-0288D1</styleUrl>
        <ExtendedData>
          <Data name="nama">
            <value>B8-ODP0</value>
          </Data>
          <Data name="deskripsi">
            <value/>
          </Data>
        </ExtendedData>
        <Point>
          <coordinates>
            100.460248,-0.289625,0
          </coordinates>
        </Point>
      </Placemark>
      <Placemark>
        <name/>
        <description><![CDATA[nama: B8-ODP1<br>deskripsi: ]]></description>
        <styleUrl>#icon-1899-0288D1</styleUrl>
        <ExtendedData>
          <Data name="nama">
            <value>B8-ODP1</value>
          </Data>
          <Data name="deskripsi">
            <value/>
          </Data>
        </ExtendedData>
        <Point>
          <coordinates>
            100.459775,-0.288339,0
          </coordinates>
        </Point>
      </Placemark>
      <Placemark>
        <name/>
        <description><![CDATA[nama: B8-ODP2<br>deskripsi: ]]></description>
        <styleUrl>#icon-1899-0288D1</styleUrl>
        <ExtendedData>
          <Data name="nama">
            <value>B8-ODP2</value>
          </Data>
          <Data name="deskripsi">
            <value/>
          </Data>
        </ExtendedData>
        <Point>
          <coordinates>
            100.457282,-0.290354,0
          </coordinates>
        </Point>
      </Placemark>
      <Placemark>
        <name/>
        <description><![CDATA[nama: B8-ODP3<br>deskripsi: ]]></description>
        <styleUrl>#icon-1899-0288D1</styleUrl>
        <ExtendedData>
          <Data name="nama">
            <value>B8-ODP3</value>
          </Data>
          <Data name="deskripsi">
            <value/>
          </Data>
        </ExtendedData>
        <Point>
          <coordinates>
            100.458203,-0.288542,0
          </coordinates>
        </Point>
      </Placemark>
      <Placemark>
        <name/>
        <description><![CDATA[nama: D6-ODP1<br>deskripsi: ]]></description>
        <styleUrl>#icon-1899-0288D1</styleUrl>
        <ExtendedData>
          <Data name="nama">
            <value>D6-ODP1</value>
          </Data>
          <Data name="deskripsi">
            <value/>
          </Data>
        </ExtendedData>
        <Point>
          <coordinates>
            100.438425,-0.315597,0
          </coordinates>
        </Point>
      </Placemark>
      <Placemark>
        <name/>
        <description><![CDATA[nama: D6-ODP2<br>deskripsi: Core 5,6,7,8,9]]></description>
        <styleUrl>#icon-1899-0288D1</styleUrl>
        <ExtendedData>
          <Data name="nama">
            <value>D6-ODP2</value>
          </Data>
          <Data name="deskripsi">
            <value>Core 5,6,7,8,9</value>
          </Data>
        </ExtendedData>
        <Point>
          <coordinates>
            100.442878,-0.31219,0
          </coordinates>
        </Point>
      </Placemark>
      <Placemark>
        <name/>
        <description><![CDATA[nama: D6-ODP3<br>deskripsi: ]]></description>
        <styleUrl>#icon-1899-0288D1</styleUrl>
        <ExtendedData>
          <Data name="nama">
            <value>D6-ODP3</value>
          </Data>
          <Data name="deskripsi">
            <value/>
          </Data>
        </ExtendedData>
        <Point>
          <coordinates>
            100.44441,-0.310743,0
          </coordinates>
        </Point>
      </Placemark>
      <Placemark>
        <name/>
        <description><![CDATA[nama: D6-ODP4<br>deskripsi: ]]></description>
        <styleUrl>#icon-1899-0288D1</styleUrl>
        <ExtendedData>
          <Data name="nama">
            <value>D6-ODP4</value>
          </Data>
          <Data name="deskripsi">
            <value/>
          </Data>
        </ExtendedData>
        <Point>
          <coordinates>
            100.445145,-0.31177,0
          </coordinates>
        </Point>
      </Placemark>
      <Placemark>
        <name/>
        <description><![CDATA[nama: D6-ODP5<br>deskripsi: ]]></description>
        <styleUrl>#icon-1899-0288D1</styleUrl>
        <ExtendedData>
          <Data name="nama">
            <value>D6-ODP5</value>
          </Data>
          <Data name="deskripsi">
            <value/>
          </Data>
        </ExtendedData>
        <Point>
          <coordinates>
            100.445682,-0.312491,0
          </coordinates>
        </Point>
      </Placemark>
      <Placemark>
        <name/>
        <description><![CDATA[nama: D6-ODP6<br>deskripsi: ]]></description>
        <styleUrl>#icon-1899-0288D1</styleUrl>
        <ExtendedData>
          <Data name="nama">
            <value>D6-ODP6</value>
          </Data>
          <Data name="deskripsi">
            <value/>
          </Data>
        </ExtendedData>
        <Point>
          <coordinates>
            100.446667,-0.308978,0
          </coordinates>
        </Point>
      </Placemark>
      <Placemark>
        <name/>
        <description><![CDATA[nama: D6-ODP7<br>deskripsi: C3]]></description>
        <styleUrl>#icon-1899-0288D1</styleUrl>
        <ExtendedData>
          <Data name="nama">
            <value>D6-ODP7</value>
          </Data>
          <Data name="deskripsi">
            <value>C3</value>
          </Data>
        </ExtendedData>
        <Point>
          <coordinates>
            100.448618,-0.306142,0
          </coordinates>
        </Point>
      </Placemark>
      <Placemark>
        <name/>
        <description><![CDATA[nama: D6-ODP8<br>deskripsi: ]]></description>
        <styleUrl>#icon-1899-0288D1</styleUrl>
        <ExtendedData>
          <Data name="nama">
            <value>D6-ODP8</value>
          </Data>
          <Data name="deskripsi">
            <value/>
          </Data>
        </ExtendedData>
        <Point>
          <coordinates>
            100.447851,-0.302741,0
          </coordinates>
        </Point>
      </Placemark>
      <Placemark>
        <name/>
        <description><![CDATA[nama: D13-ODP8<br>deskripsi: ]]></description>
        <styleUrl>#icon-1899-0288D1</styleUrl>
        <ExtendedData>
          <Data name="nama">
            <value>D13-ODP8</value>
          </Data>
          <Data name="deskripsi">
            <value/>
          </Data>
        </ExtendedData>
        <Point>
          <coordinates>
            100.436559,-0.317102,0
          </coordinates>
        </Point>
      </Placemark>
      <Placemark>
        <name/>
        <description><![CDATA[nama: D23-ODP0<br>deskripsi: ]]></description>
        <styleUrl>#icon-1899-0288D1</styleUrl>
        <ExtendedData>
          <Data name="nama">
            <value>D23-ODP0</value>
          </Data>
          <Data name="deskripsi">
            <value/>
          </Data>
        </ExtendedData>
        <Point>
          <coordinates>
            100.456664,-0.312095,0
          </coordinates>
        </Point>
      </Placemark>
      <Placemark>
        <name/>
        <description><![CDATA[nama: D23-ODP1<br>deskripsi: ]]></description>
        <styleUrl>#icon-1899-0288D1</styleUrl>
        <ExtendedData>
          <Data name="nama">
            <value>D23-ODP1</value>
          </Data>
          <Data name="deskripsi">
            <value/>
          </Data>
        </ExtendedData>
        <Point>
          <coordinates>
            100.457529,-0.311664,0
          </coordinates>
        </Point>
      </Placemark>
      <Placemark>
        <name/>
        <description><![CDATA[nama: D23-ODP2<br>deskripsi: ]]></description>
        <styleUrl>#icon-1899-0288D1</styleUrl>
        <ExtendedData>
          <Data name="nama">
            <value>D23-ODP2</value>
          </Data>
          <Data name="deskripsi">
            <value/>
          </Data>
        </ExtendedData>
        <Point>
          <coordinates>
            100.459078,-0.309682,0
          </coordinates>
        </Point>
      </Placemark>
      <Placemark>
        <name/>
        <description><![CDATA[nama: D23-ODP3<br>deskripsi: ]]></description>
        <styleUrl>#icon-1899-0288D1</styleUrl>
        <ExtendedData>
          <Data name="nama">
            <value>D23-ODP3</value>
          </Data>
          <Data name="deskripsi">
            <value/>
          </Data>
        </ExtendedData>
        <Point>
          <coordinates>
            100.457396,-0.306129,0
          </coordinates>
        </Point>
      </Placemark>
      <Placemark>
        <name/>
        <description><![CDATA[nama: D23-ODP4<br>deskripsi: ]]></description>
        <styleUrl>#icon-1899-0288D1</styleUrl>
        <ExtendedData>
          <Data name="nama">
            <value>D23-ODP4</value>
          </Data>
          <Data name="deskripsi">
            <value/>
          </Data>
        </ExtendedData>
        <Point>
          <coordinates>
            100.454473,-0.313313,0
          </coordinates>
        </Point>
      </Placemark>
      <Placemark>
        <name/>
        <description><![CDATA[nama: D23-ODP5<br>deskripsi: ]]></description>
        <styleUrl>#icon-1899-0288D1</styleUrl>
        <ExtendedData>
          <Data name="nama">
            <value>D23-ODP5</value>
          </Data>
          <Data name="deskripsi">
            <value/>
          </Data>
        </ExtendedData>
        <Point>
          <coordinates>
            100.45231,-0.310475,0
          </coordinates>
        </Point>
      </Placemark>
      <Placemark>
        <name/>
        <description><![CDATA[nama: D24-ODP0<br>deskripsi: ]]></description>
        <styleUrl>#icon-1899-0288D1</styleUrl>
        <ExtendedData>
          <Data name="nama">
            <value>D24-ODP0</value>
          </Data>
          <Data name="deskripsi">
            <value/>
          </Data>
        </ExtendedData>
        <Point>
          <coordinates>
            100.455994,-0.303122,0
          </coordinates>
        </Point>
      </Placemark>
      <Placemark>
        <name/>
        <description><![CDATA[nama: D24-ODP1<br>deskripsi: ]]></description>
        <styleUrl>#icon-1899-0288D1</styleUrl>
        <ExtendedData>
          <Data name="nama">
            <value>D24-ODP1</value>
          </Data>
          <Data name="deskripsi">
            <value/>
          </Data>
        </ExtendedData>
        <Point>
          <coordinates>
            100.454568,-0.300222,0
          </coordinates>
        </Point>
      </Placemark>
      <Placemark>
        <name/>
        <description><![CDATA[nama: D24-ODP2<br>deskripsi: ]]></description>
        <styleUrl>#icon-1899-0288D1</styleUrl>
        <ExtendedData>
          <Data name="nama">
            <value>D24-ODP2</value>
          </Data>
          <Data name="deskripsi">
            <value/>
          </Data>
        </ExtendedData>
        <Point>
          <coordinates>
            100.453025,-0.29745,0
          </coordinates>
        </Point>
      </Placemark>
      <Placemark>
        <name/>
        <description><![CDATA[nama: D24-ODP3<br>deskripsi: ]]></description>
        <styleUrl>#icon-1899-0288D1</styleUrl>
        <ExtendedData>
          <Data name="nama">
            <value>D24-ODP3</value>
          </Data>
          <Data name="deskripsi">
            <value/>
          </Data>
        </ExtendedData>
        <Point>
          <coordinates>
            100.453761,-0.294238,0
          </coordinates>
        </Point>
      </Placemark>
      <Placemark>
        <name/>
        <description><![CDATA[nama: D24-ODP4<br>deskripsi: ]]></description>
        <styleUrl>#icon-1899-0288D1</styleUrl>
        <ExtendedData>
          <Data name="nama">
            <value>D24-ODP4</value>
          </Data>
          <Data name="deskripsi">
            <value/>
          </Data>
        </ExtendedData>
        <Point>
          <coordinates>
            100.450544,-0.299323,0
          </coordinates>
        </Point>
      </Placemark>
      <Placemark>
        <name/>
        <description><![CDATA[nama: D24-ODP5<br>deskripsi: ]]></description>
        <styleUrl>#icon-1899-0288D1</styleUrl>
        <ExtendedData>
          <Data name="nama">
            <value>D24-ODP5</value>
          </Data>
          <Data name="deskripsi">
            <value/>
          </Data>
        </ExtendedData>
        <Point>
          <coordinates>
            100.45282,-0.304188,0
          </coordinates>
        </Point>
      </Placemark>
      <Placemark>
        <name/>
        <description><![CDATA[nama: 24 1500 Simp Koto Tuo - Simp Batu Tagak<br>deskripsi: Jumlah Core : 24 Core<br>Jumlah Core Terpakai : 12 Core<br>Klasifikasi Kabel : Backbone dan Distribusi<br>Letak Kabel : Udara]]></description>
        <styleUrl>#line-000000-1200</styleUrl>
        <ExtendedData>
          <Data name="nama">
            <value>24 1500 Simp Koto Tuo - Simp Batu Tagak</value>
          </Data>
          <Data name="deskripsi">
            <value>Jumlah Core : 24 Core
Jumlah Core Terpakai : 12 Core
Klasifikasi Kabel : Backbone dan Distribusi
Letak Kabel : Udara</value>
          </Data>
        </ExtendedData>
        <LineString>
          <tessellate>1</tessellate>
          <coordinates>
            100.465018,-0.299924,0
            100.46739,-0.299633,0
            100.469113,-0.303661,0
            100.471291,-0.307839,0
            100.472156,-0.308062,0
            100.472237,-0.308245,0
          </coordinates>
        </LineString>
      </Placemark>
      <Placemark>
        <name/>
        <description><![CDATA[nama: 4 Core V Kampung<br>deskripsi: Jumlah Core : 4 Core<br>Jumlah Core Terpakai : 4 Core<br>Klasifikasi Kabel : Distribusi<br>Letak Kabel : Udara]]></description>
        <styleUrl>#line-000000-1200</styleUrl>
        <ExtendedData>
          <Data name="nama">
            <value>4 Core V Kampung</value>
          </Data>
          <Data name="deskripsi">
            <value>Jumlah Core : 4 Core
Jumlah Core Terpakai : 4 Core
Klasifikasi Kabel : Distribusi
Letak Kabel : Udara</value>
          </Data>
        </ExtendedData>
        <LineString>
          <tessellate>1</tessellate>
          <coordinates>
            100.472208,-0.308066,0
            100.472593,-0.30814,0
            100.472626,-0.307365,0
            100.472968,-0.307181,0
            100.473317,-0.306615,0
            100.473811,-0.306136,0
            100.474063,-0.305868,0
            100.474229,-0.305851,0
          </coordinates>
        </LineString>
      </Placemark>
      <Placemark>
        <name/>
        <description><![CDATA[nama: 4 Core Labuang<br>deskripsi: Jumlah Core : 4 Core<br>Jumlah Core Terpakai : 4 Core<br>Klasifikasi Kabel : Distribusi<br>Letak Kabel : Udara]]></description>
        <styleUrl>#line-000000-1200</styleUrl>
        <ExtendedData>
          <Data name="nama">
            <value>4 Core Labuang</value>
          </Data>
          <Data name="deskripsi">
            <value>Jumlah Core : 4 Core
Jumlah Core Terpakai : 4 Core
Klasifikasi Kabel : Distribusi
Letak Kabel : Udara</value>
          </Data>
        </ExtendedData>
        <LineString>
          <tessellate>1</tessellate>
          <coordinates>
            100.471448,-0.307936,0
            100.471938,-0.309595,0
            100.472411,-0.311807,0
            100.473178,-0.31524,0
            100.473555,-0.316514,0
            100.473834,-0.317971,0
          </coordinates>
        </LineString>
      </Placemark>
      <Placemark>
        <name/>
        <description><![CDATA[nama: 4 Core Labuang 1<br>deskripsi: Jumlah Core : 4 Core<br>Jumlah Core Terpakai : 4 Core<br>Klasifikasi Kabel : Distribusi<br>Letak Kabel : Udara]]></description>
        <styleUrl>#line-000000-1200</styleUrl>
        <ExtendedData>
          <Data name="nama">
            <value>4 Core Labuang 1</value>
          </Data>
          <Data name="deskripsi">
            <value>Jumlah Core : 4 Core
Jumlah Core Terpakai : 4 Core
Klasifikasi Kabel : Distribusi
Letak Kabel : Udara</value>
          </Data>
        </ExtendedData>
        <LineString>
          <tessellate>1</tessellate>
          <coordinates>
            100.473251,-0.315575,0
            100.472542,-0.315628,0
            100.472488,-0.315197,0
            100.471493,-0.314727,0
          </coordinates>
        </LineString>
      </Placemark>
      <Placemark>
        <name/>
        <description><![CDATA[nama: 4 Core Labuang 2<br>deskripsi: Jumlah Core : 4 Core<br>Jumlah Core Terpakai : 4 Core<br>Klasifikasi Kabel : Distribusi<br>Letak Kabel : Udara]]></description>
        <styleUrl>#line-000000-1200</styleUrl>
        <ExtendedData>
          <Data name="nama">
            <value>4 Core Labuang 2</value>
          </Data>
          <Data name="deskripsi">
            <value>Jumlah Core : 4 Core
Jumlah Core Terpakai : 4 Core
Klasifikasi Kabel : Distribusi
Letak Kabel : Udara</value>
          </Data>
        </ExtendedData>
        <LineString>
          <tessellate>1</tessellate>
          <coordinates>
            100.473191,-0.315187,0
            100.47351,-0.315305,0
            100.474439,-0.315831,0
            100.474871,-0.316144,0
          </coordinates>
        </LineString>
      </Placemark>
      <Placemark>
        <name/>
        <description><![CDATA[nama: 4 Core Bukik Bulek<br>deskripsi: Jumlah Core : 4 Core<br>Jumlah Core Terpakai : 1 Core<br>Klasifikasi Kabel : Distribusi<br>Letak Kabel : Udara]]></description>
        <styleUrl>#line-000000-1200</styleUrl>
        <ExtendedData>
          <Data name="nama">
            <value>4 Core Bukik Bulek</value>
          </Data>
          <Data name="deskripsi">
            <value>Jumlah Core : 4 Core
Jumlah Core Terpakai : 1 Core
Klasifikasi Kabel : Distribusi
Letak Kabel : Udara</value>
          </Data>
        </ExtendedData>
        <LineString>
          <tessellate>1</tessellate>
          <coordinates>
            100.472201,-0.3081,0
            100.472589,-0.308147,0
            100.473302,-0.308383,0
            100.473977,-0.308722,0
            100.474946,-0.30869,0
            100.476388,-0.308793,0
            100.476725,-0.308913,0
            100.477747,-0.309325,0
            100.478839,-0.309901,0
            100.47912,-0.310715,0
            100.479508,-0.311003,0
            100.479856,-0.310955,0
            100.480518,-0.311285,0
          </coordinates>
        </LineString>
      </Placemark>
      <Placemark>
        <name/>
        <description><![CDATA[nama: B9-ODP1<br>deskripsi: ]]></description>
        <styleUrl>#icon-1899-0288D1</styleUrl>
        <ExtendedData>
          <Data name="nama">
            <value>B9-ODP1</value>
          </Data>
          <Data name="deskripsi">
            <value/>
          </Data>
        </ExtendedData>
        <Point>
          <coordinates>
            100.47223,-0.308275,0
          </coordinates>
        </Point>
      </Placemark>
      <Placemark>
        <name/>
        <description><![CDATA[nama: B9-ODP2<br>deskripsi: ]]></description>
        <styleUrl>#icon-1899-0288D1</styleUrl>
        <ExtendedData>
          <Data name="nama">
            <value>B9-ODP2</value>
          </Data>
          <Data name="deskripsi">
            <value/>
          </Data>
        </ExtendedData>
        <Point>
          <coordinates>
            100.471248,-0.30783,0
          </coordinates>
        </Point>
      </Placemark>
      <Placemark>
        <name/>
        <description><![CDATA[nama: B9-ODP3<br>deskripsi: ]]></description>
        <styleUrl>#icon-1899-0288D1</styleUrl>
        <ExtendedData>
          <Data name="nama">
            <value>B9-ODP3</value>
          </Data>
          <Data name="deskripsi">
            <value/>
          </Data>
        </ExtendedData>
        <Point>
          <coordinates>
            100.470063,-0.305451,0
          </coordinates>
        </Point>
      </Placemark>
      <Placemark>
        <name/>
        <description><![CDATA[nama: B9-ODP4<br>deskripsi: ]]></description>
        <styleUrl>#icon-1899-0288D1</styleUrl>
        <ExtendedData>
          <Data name="nama">
            <value>B9-ODP4</value>
          </Data>
          <Data name="deskripsi">
            <value/>
          </Data>
        </ExtendedData>
        <Point>
          <coordinates>
            100.471703,-0.308527,0
          </coordinates>
        </Point>
      </Placemark>
      <Placemark>
        <name/>
        <description><![CDATA[nama: B9-ODP5<br>deskripsi: ]]></description>
        <styleUrl>#icon-1899-0288D1</styleUrl>
        <ExtendedData>
          <Data name="nama">
            <value>B9-ODP5</value>
          </Data>
          <Data name="deskripsi">
            <value/>
          </Data>
        </ExtendedData>
        <Point>
          <coordinates>
            100.471925,-0.309645,0
          </coordinates>
        </Point>
      </Placemark>
      <Placemark>
        <name/>
        <description><![CDATA[nama: B9-ODP6<br>deskripsi: ]]></description>
        <styleUrl>#icon-1899-0288D1</styleUrl>
        <ExtendedData>
          <Data name="nama">
            <value>B9-ODP6</value>
          </Data>
          <Data name="deskripsi">
            <value/>
          </Data>
        </ExtendedData>
        <Point>
          <coordinates>
            100.472375,-0.311626,0
          </coordinates>
        </Point>
      </Placemark>
      <Placemark>
        <name/>
        <description><![CDATA[nama: B10-ODP1<br>deskripsi: ]]></description>
        <styleUrl>#icon-1899-0288D1</styleUrl>
        <ExtendedData>
          <Data name="nama">
            <value>B10-ODP1</value>
          </Data>
          <Data name="deskripsi">
            <value/>
          </Data>
        </ExtendedData>
        <Point>
          <coordinates>
            100.472615,-0.30739,0
          </coordinates>
        </Point>
      </Placemark>
      <Placemark>
        <name/>
        <description><![CDATA[nama: B10-ODP2<br>deskripsi: ]]></description>
        <styleUrl>#icon-1899-0288D1</styleUrl>
        <ExtendedData>
          <Data name="nama">
            <value>B10-ODP2</value>
          </Data>
          <Data name="deskripsi">
            <value/>
          </Data>
        </ExtendedData>
        <Point>
          <coordinates>
            100.473008,-0.307119,0
          </coordinates>
        </Point>
      </Placemark>
      <Placemark>
        <name/>
        <description><![CDATA[nama: B10-ODP3<br>deskripsi: ]]></description>
        <styleUrl>#icon-1899-0288D1</styleUrl>
        <ExtendedData>
          <Data name="nama">
            <value>B10-ODP3</value>
          </Data>
          <Data name="deskripsi">
            <value/>
          </Data>
        </ExtendedData>
        <Point>
          <coordinates>
            100.474207,-0.305856,0
          </coordinates>
        </Point>
      </Placemark>
      <Placemark>
        <name/>
        <description><![CDATA[nama: B11-ODP1<br>deskripsi: ]]></description>
        <styleUrl>#icon-1899-0288D1</styleUrl>
        <ExtendedData>
          <Data name="nama">
            <value>B11-ODP1</value>
          </Data>
          <Data name="deskripsi">
            <value/>
          </Data>
        </ExtendedData>
        <Point>
          <coordinates>
            100.473309,-0.308364,0
          </coordinates>
        </Point>
      </Placemark>
      <Placemark>
        <name/>
        <description><![CDATA[nama: B11-ODP2<br>deskripsi: ]]></description>
        <styleUrl>#icon-1899-0288D1</styleUrl>
        <ExtendedData>
          <Data name="nama">
            <value>B11-ODP2</value>
          </Data>
          <Data name="deskripsi">
            <value/>
          </Data>
        </ExtendedData>
        <Point>
          <coordinates>
            100.476708,-0.308916,0
          </coordinates>
        </Point>
      </Placemark>
      <Placemark>
        <name/>
        <description><![CDATA[nama: B12-ODP1<br>deskripsi: ]]></description>
        <styleUrl>#icon-1899-0288D1</styleUrl>
        <ExtendedData>
          <Data name="nama">
            <value>B12-ODP1</value>
          </Data>
          <Data name="deskripsi">
            <value/>
          </Data>
        </ExtendedData>
        <Point>
          <coordinates>
            100.47317,-0.315245,0
          </coordinates>
        </Point>
      </Placemark>
      <Placemark>
        <name/>
        <description><![CDATA[nama: B12-ODP2<br>deskripsi: ]]></description>
        <styleUrl>#icon-1899-0288D1</styleUrl>
        <ExtendedData>
          <Data name="nama">
            <value>B12-ODP2</value>
          </Data>
          <Data name="deskripsi">
            <value/>
          </Data>
        </ExtendedData>
        <Point>
          <coordinates>
            100.474163,-0.31566,0
          </coordinates>
        </Point>
      </Placemark>
      <Placemark>
        <name/>
        <description><![CDATA[nama: B12-ODP3<br>deskripsi: ]]></description>
        <styleUrl>#icon-1899-0288D1</styleUrl>
        <ExtendedData>
          <Data name="nama">
            <value>B12-ODP3</value>
          </Data>
          <Data name="deskripsi">
            <value/>
          </Data>
        </ExtendedData>
        <Point>
          <coordinates>
            100.474837,-0.316185,0
          </coordinates>
        </Point>
      </Placemark>
      <Placemark>
        <name/>
        <description><![CDATA[nama: B12-ODP6<br>deskripsi: ]]></description>
        <styleUrl>#icon-1899-0288D1</styleUrl>
        <ExtendedData>
          <Data name="nama">
            <value>B12-ODP6</value>
          </Data>
          <Data name="deskripsi">
            <value/>
          </Data>
        </ExtendedData>
        <Point>
          <coordinates>
            100.473532,-0.31652,0
          </coordinates>
        </Point>
      </Placemark>
      <Placemark>
        <name/>
        <description><![CDATA[nama: B12-ODP4<br>deskripsi: ]]></description>
        <styleUrl>#icon-1899-0288D1</styleUrl>
        <ExtendedData>
          <Data name="nama">
            <value>B12-ODP4</value>
          </Data>
          <Data name="deskripsi">
            <value/>
          </Data>
        </ExtendedData>
        <Point>
          <coordinates>
            100.472552,-0.315632,0
          </coordinates>
        </Point>
      </Placemark>
      <Placemark>
        <name/>
        <description><![CDATA[nama: B12-ODP5<br>deskripsi: ]]></description>
        <styleUrl>#icon-1899-0288D1</styleUrl>
        <ExtendedData>
          <Data name="nama">
            <value>B12-ODP5</value>
          </Data>
          <Data name="deskripsi">
            <value/>
          </Data>
        </ExtendedData>
        <Point>
          <coordinates>
            100.471505,-0.31474,0
          </coordinates>
        </Point>
      </Placemark>
      <Placemark>
        <name/>
        <description><![CDATA[nama: B11-ODP3<br>deskripsi: ]]></description>
        <styleUrl>#icon-1899-0288D1</styleUrl>
        <ExtendedData>
          <Data name="nama">
            <value>B11-ODP3</value>
          </Data>
          <Data name="deskripsi">
            <value/>
          </Data>
        </ExtendedData>
        <Point>
          <coordinates>
            100.480524,-0.311294,0
          </coordinates>
        </Point>
      </Placemark>
      <Placemark>
        <name/>
        <description><![CDATA[nama: B12-ODP7<br>deskripsi: ]]></description>
        <styleUrl>#icon-1899-0288D1</styleUrl>
        <ExtendedData>
          <Data name="nama">
            <value>B12-ODP7</value>
          </Data>
          <Data name="deskripsi">
            <value/>
          </Data>
        </ExtendedData>
        <Point>
          <coordinates>
            100.47386,-0.318005,0
          </coordinates>
        </Point>
      </Placemark>
      <Placemark>
        <name/>
        <description><![CDATA[nama: 6 Core Perm Lambah Permai<br>deskripsi: Jumlah Core : 6 Core<br>Jumlah Core Terpakai : 6 Core<br>Klasifikasi Kabel : Distribusi<br>Letak Kabel : Udara]]></description>
        <styleUrl>#line-000000-1200</styleUrl>
        <ExtendedData>
          <Data name="nama">
            <value>6 Core Perm Lambah Permai</value>
          </Data>
          <Data name="deskripsi">
            <value>Jumlah Core : 6 Core
Jumlah Core Terpakai : 6 Core
Klasifikasi Kabel : Distribusi
Letak Kabel : Udara</value>
          </Data>
        </ExtendedData>
        <LineString>
          <tessellate>1</tessellate>
          <coordinates>
            100.431285,-0.282399,0
            100.430322,-0.282211,0
            100.430369,-0.282125,0
            100.429836,-0.282049,0
            100.429516,-0.282007,0
          </coordinates>
        </LineString>
      </Placemark>
      <Placemark>
        <name/>
        <description><![CDATA[nama: 12 Core NOC - Simp Perm Lambah Permai<br>deskripsi: Jumlah Core : 12 Core<br>Jumlah Core Terpakai : 12 Core<br>Klasifikasi Kabel : Backbone dan Distribusi<br>Letak Kabel : Udara]]></description>
        <styleUrl>#line-000000-1200</styleUrl>
        <ExtendedData>
          <Data name="nama">
            <value>12 Core NOC - Simp Perm Lambah Permai</value>
          </Data>
          <Data name="deskripsi">
            <value>Jumlah Core : 12 Core
Jumlah Core Terpakai : 12 Core
Klasifikasi Kabel : Backbone dan Distribusi
Letak Kabel : Udara</value>
          </Data>
        </ExtendedData>
        <LineString>
          <tessellate>1</tessellate>
          <coordinates>
            100.430418,-0.284837,0
            100.431037,-0.284844,0
            100.431081,-0.284284,0
            100.431126,-0.283774,0
            100.431184,-0.283308,0
            100.43131,-0.282406,0
          </coordinates>
        </LineString>
      </Placemark>
      <Placemark>
        <name/>
        <description><![CDATA[nama: 6 Core Perm Azzahra<br>deskripsi: Jumlah Core : 6 Core<br>Jumlah Core Terpakai : 4 Core<br>Klasifikasi Kabel : Distribusi<br>Letak Kabel : Udara]]></description>
        <styleUrl>#line-000000-1200</styleUrl>
        <ExtendedData>
          <Data name="nama">
            <value>6 Core Perm Azzahra</value>
          </Data>
          <Data name="deskripsi">
            <value>Jumlah Core : 6 Core
Jumlah Core Terpakai : 4 Core
Klasifikasi Kabel : Distribusi
Letak Kabel : Udara</value>
          </Data>
        </ExtendedData>
        <LineString>
          <tessellate>1</tessellate>
          <coordinates>
            100.431196,-0.283315,0
            100.431682,-0.283367,0
            100.432429,-0.283281,0
            100.432624,-0.283259,0
            100.432657,-0.282993,0
            100.432388,-0.283008,0
          </coordinates>
        </LineString>
      </Placemark>
      <Placemark>
        <name/>
        <description><![CDATA[nama: 6 Core Lambah Puhun<br>deskripsi: Jumlah Core : 6 Core<br>Jumlah Core Terpakai : 6 Core<br>Klasifikasi Kabel : Distribusi<br>Letak Kabel : Udara]]></description>
        <styleUrl>#line-000000-1200</styleUrl>
        <ExtendedData>
          <Data name="nama">
            <value>6 Core Lambah Puhun</value>
          </Data>
          <Data name="deskripsi">
            <value>Jumlah Core : 6 Core
Jumlah Core Terpakai : 6 Core
Klasifikasi Kabel : Distribusi
Letak Kabel : Udara</value>
          </Data>
        </ExtendedData>
        <LineString>
          <tessellate>1</tessellate>
          <coordinates>
            100.43037,-0.284818,0
            100.4298,-0.28474,0
            100.429284,-0.284601,0
            100.42886,-0.284381,0
            100.428407,-0.284316,0
            100.427933,-0.284169,0
          </coordinates>
        </LineString>
      </Placemark>
      <Placemark>
        <name/>
        <description><![CDATA[nama: 6 Core Biaro<br>deskripsi: Jumlah Core : 6 Core<br>Jumlah Core Terpakai : 6 Core<br>Klasifikasi Kabel : Distribusi<br>Letak Kabel : Udara]]></description>
        <styleUrl>#line-000000-1200</styleUrl>
        <ExtendedData>
          <Data name="nama">
            <value>6 Core Biaro</value>
          </Data>
          <Data name="deskripsi">
            <value>Jumlah Core : 6 Core
Jumlah Core Terpakai : 6 Core
Klasifikasi Kabel : Distribusi
Letak Kabel : Udara</value>
          </Data>
        </ExtendedData>
        <LineString>
          <tessellate>1</tessellate>
          <coordinates>
            100.43044,-0.284833,0
            100.431054,-0.284842,0
            100.431052,-0.285868,0
            100.431061,-0.28662,0
            100.431074,-0.287441,0
            100.431084,-0.288295,0
          </coordinates>
        </LineString>
      </Placemark>
      <Placemark>
        <name/>
        <description><![CDATA[nama: 6 Core Koto Marapak<br>deskripsi: Jumlah Core : 6 Core<br>Jumlah Core Terpakai : 6 Core<br>Klasifikasi Kabel : Distribusi<br>Letak Kabel : Udara]]></description>
        <styleUrl>#line-000000-1200</styleUrl>
        <ExtendedData>
          <Data name="nama">
            <value>6 Core Koto Marapak</value>
          </Data>
          <Data name="deskripsi">
            <value>Jumlah Core : 6 Core
Jumlah Core Terpakai : 6 Core
Klasifikasi Kabel : Distribusi
Letak Kabel : Udara</value>
          </Data>
        </ExtendedData>
        <LineString>
          <tessellate>1</tessellate>
          <coordinates>
            100.427931,-0.284179,0
            100.42696,-0.2839,0
            100.425862,-0.283082,0
            100.424375,-0.28179,0
            100.422491,-0.280145,0
          </coordinates>
        </LineString>
      </Placemark>
      <Placemark>
        <name/>
        <description><![CDATA[nama: 12 Core SLB<br>deskripsi: Jumlah Core : 12 Core<br>Jumlah Core Terpakai : 8 Core<br>Klasifikasi Kabel : Distribusi<br>Letak Kabel : Udara]]></description>
        <styleUrl>#line-000000-1200</styleUrl>
        <ExtendedData>
          <Data name="nama">
            <value>12 Core SLB</value>
          </Data>
          <Data name="deskripsi">
            <value>Jumlah Core : 12 Core
Jumlah Core Terpakai : 8 Core
Klasifikasi Kabel : Distribusi
Letak Kabel : Udara</value>
          </Data>
        </ExtendedData>
        <LineString>
          <tessellate>1</tessellate>
          <coordinates>
            100.422509,-0.280133,0
            100.422893,-0.279657,0
            100.422944,-0.279342,0
            100.42332,-0.278756,0
            100.423569,-0.278012,0
            100.423774,-0.277461,0
            100.424049,-0.276638,0
            100.424541,-0.275465,0
            100.424884,-0.274702,0
            100.425004,-0.274325,0
            100.425054,-0.273854,0
            100.425119,-0.273516,0
            100.425132,-0.273119,0
            100.425101,-0.272165,0
            100.425071,-0.271049,0
            100.425086,-0.270816,0
            100.425362,-0.269675,0
            100.426192,-0.267424,0
            100.426048,-0.266276,0
          </coordinates>
        </LineString>
      </Placemark>
      <Placemark>
        <name/>
        <description><![CDATA[nama: 12 Core Simp Koto Marapak - Simp Tj Medan<br>deskripsi: Jumlah Core : 12 Core<br>Jumlah Core Terpakai : 12 Core<br>Klasifikasi Kabel : Distribusi<br>Letak Kabel : Udara]]></description>
        <styleUrl>#line-000000-1200</styleUrl>
        <ExtendedData>
          <Data name="nama">
            <value>12 Core Simp Koto Marapak - Simp Tj Medan</value>
          </Data>
          <Data name="deskripsi">
            <value>Jumlah Core : 12 Core
Jumlah Core Terpakai : 12 Core
Klasifikasi Kabel : Distribusi
Letak Kabel : Udara</value>
          </Data>
        </ExtendedData>
        <LineString>
          <tessellate>1</tessellate>
          <coordinates>
            100.422498,-0.280164,0
            100.421657,-0.280809,0
            100.420598,-0.281547,0
            100.420183,-0.281968,0
            100.419802,-0.282546,0
            100.419457,-0.283035,0
            100.418905,-0.283261,0
            100.418168,-0.283566,0
            100.415713,-0.284827,0
            100.415437,-0.285019,0
            100.415272,-0.285483,0
            100.414525,-0.285786,0
            100.414313,-0.287597,0
            100.414096,-0.289329,0
          </coordinates>
        </LineString>
      </Placemark>
      <Placemark>
        <name/>
        <description><![CDATA[nama: 6 Core Simp Koto Marapak - Heler<br>deskripsi: Jumlah Core : 6 Core<br>Jumlah Core Terpakai : 4 Core<br>Klasifikasi Kabel : Distribusi<br>Letak Kabel : Udara]]></description>
        <styleUrl>#line-000000-1200</styleUrl>
        <ExtendedData>
          <Data name="nama">
            <value>6 Core Simp Koto Marapak - Heler</value>
          </Data>
          <Data name="deskripsi">
            <value>Jumlah Core : 6 Core
Jumlah Core Terpakai : 4 Core
Klasifikasi Kabel : Distribusi
Letak Kabel : Udara</value>
          </Data>
        </ExtendedData>
        <LineString>
          <tessellate>1</tessellate>
          <coordinates>
            100.422532,-0.280105,0
            100.422022,-0.279655,0
            100.422243,-0.278865,0
            100.422403,-0.277874,0
            100.422043,-0.277776,0
            100.422181,-0.277287,0
            100.422529,-0.276784,0
          </coordinates>
        </LineString>
      </Placemark>
      <Placemark>
        <name/>
        <description><![CDATA[nama: 4 Core Perum Lambah Prima<br>deskripsi: Jumlah Core : 4 Core<br>Jumlah Core Terpakai : 2 Core<br>Klasifikasi Kabel : Distribusi<br>Letak Kabel : Udara]]></description>
        <styleUrl>#line-000000-1200</styleUrl>
        <ExtendedData>
          <Data name="nama">
            <value>4 Core Perum Lambah Prima</value>
          </Data>
          <Data name="deskripsi">
            <value>Jumlah Core : 4 Core
Jumlah Core Terpakai : 2 Core
Klasifikasi Kabel : Distribusi
Letak Kabel : Udara</value>
          </Data>
        </ExtendedData>
        <LineString>
          <tessellate>1</tessellate>
          <coordinates>
            100.430259,-0.284854,0
            100.431023,-0.28488,0
            100.431082,-0.284362,0
            100.431549,-0.284422,0
            100.431924,-0.284528,0
            100.432188,-0.284612,0
            100.432449,-0.284797,0
            100.432674,-0.28503,0
            100.432475,-0.2852,0
            100.432316,-0.285282,0
          </coordinates>
        </LineString>
      </Placemark>
      <Placemark>
        <name/>
        <description><![CDATA[nama: 2 Core Perum Lambah Prima<br>deskripsi: Jumlah Core : 2 Core<br>Jumlah Core Terpakai : 1 Core<br>Klasifikasi Kabel : Distribusi<br>Letak Kabel : Udara]]></description>
        <styleUrl>#line-000000-1200</styleUrl>
        <ExtendedData>
          <Data name="nama">
            <value>2 Core Perum Lambah Prima</value>
          </Data>
          <Data name="deskripsi">
            <value>Jumlah Core : 2 Core
Jumlah Core Terpakai : 1 Core
Klasifikasi Kabel : Distribusi
Letak Kabel : Udara</value>
          </Data>
        </ExtendedData>
        <LineString>
          <tessellate>1</tessellate>
          <coordinates>
            100.432196,-0.28461,889.49
            100.432523,-0.284214,888.76
          </coordinates>
        </LineString>
      </Placemark>
      <Placemark>
        <name/>
        <description><![CDATA[nama: 4 Core Koto Marapak<br>deskripsi: Jumlah Core : 4 Core<br>Jumlah Core Terpakai : 1 Core<br>Klasifikasi Kabel : Distribusi<br>Letak Kabel : Udara]]></description>
        <styleUrl>#line-000000-1200</styleUrl>
        <ExtendedData>
          <Data name="nama">
            <value>4 Core Koto Marapak</value>
          </Data>
          <Data name="deskripsi">
            <value>Jumlah Core : 4 Core
Jumlah Core Terpakai : 1 Core
Klasifikasi Kabel : Distribusi
Letak Kabel : Udara</value>
          </Data>
        </ExtendedData>
        <LineString>
          <tessellate>1</tessellate>
          <coordinates>
            100.417394,-0.281409,0
            100.418225,-0.281716,0
            100.418184,-0.28196,0
            100.419776,-0.282609,0
          </coordinates>
        </LineString>
      </Placemark>
      <Placemark>
        <name/>
        <description><![CDATA[nama: C6-ODP1<br>deskripsi: ]]></description>
        <styleUrl>#icon-1899-0288D1</styleUrl>
        <ExtendedData>
          <Data name="nama">
            <value>C6-ODP1</value>
          </Data>
          <Data name="deskripsi">
            <value/>
          </Data>
        </ExtendedData>
        <Point>
          <coordinates>
            100.429503,-0.282015,0
          </coordinates>
        </Point>
      </Placemark>
      <Placemark>
        <name/>
        <description><![CDATA[nama: C2-ODP2<br>deskripsi: ]]></description>
        <styleUrl>#icon-1899-0288D1</styleUrl>
        <ExtendedData>
          <Data name="nama">
            <value>C2-ODP2</value>
          </Data>
          <Data name="deskripsi">
            <value/>
          </Data>
        </ExtendedData>
        <Point>
          <coordinates>
            100.429829,-0.282061,0
          </coordinates>
        </Point>
      </Placemark>
      <Placemark>
        <name/>
        <description><![CDATA[nama: C3-ODP3<br>deskripsi: ]]></description>
        <styleUrl>#icon-1899-0288D1</styleUrl>
        <ExtendedData>
          <Data name="nama">
            <value>C3-ODP3</value>
          </Data>
          <Data name="deskripsi">
            <value/>
          </Data>
        </ExtendedData>
        <Point>
          <coordinates>
            100.430344,-0.282189,0
          </coordinates>
        </Point>
      </Placemark>
      <Placemark>
        <name/>
        <description><![CDATA[nama: C4-ODP4<br>deskripsi: ]]></description>
        <styleUrl>#icon-1899-0288D1</styleUrl>
        <ExtendedData>
          <Data name="nama">
            <value>C4-ODP4</value>
          </Data>
          <Data name="deskripsi">
            <value/>
          </Data>
        </ExtendedData>
        <Point>
          <coordinates>
            100.430314,-0.282236,0
          </coordinates>
        </Point>
      </Placemark>
      <Placemark>
        <name/>
        <description><![CDATA[nama: C5-ODP5<br>deskripsi: ]]></description>
        <styleUrl>#icon-1899-0288D1</styleUrl>
        <ExtendedData>
          <Data name="nama">
            <value>C5-ODP5</value>
          </Data>
          <Data name="deskripsi">
            <value/>
          </Data>
        </ExtendedData>
        <Point>
          <coordinates>
            100.431295,-0.28241,0
          </coordinates>
        </Point>
      </Placemark>
      <Placemark>
        <name/>
        <description><![CDATA[nama: C7-ODP6<br>deskripsi: ]]></description>
        <styleUrl>#icon-1899-0288D1</styleUrl>
        <ExtendedData>
          <Data name="nama">
            <value>C7-ODP6</value>
          </Data>
          <Data name="deskripsi">
            <value/>
          </Data>
        </ExtendedData>
        <Point>
          <coordinates>
            100.431161,-0.283347,0
          </coordinates>
        </Point>
      </Placemark>
      <Placemark>
        <name/>
        <description><![CDATA[nama: C9-ODP7<br>deskripsi: ]]></description>
        <styleUrl>#icon-1899-0288D1</styleUrl>
        <ExtendedData>
          <Data name="nama">
            <value>C9-ODP7</value>
          </Data>
          <Data name="deskripsi">
            <value/>
          </Data>
        </ExtendedData>
        <Point>
          <coordinates>
            100.432084,-0.28338,0
          </coordinates>
        </Point>
      </Placemark>
      <Placemark>
        <name/>
        <description><![CDATA[nama: C10-ODP8<br>deskripsi: ]]></description>
        <styleUrl>#icon-1899-0288D1</styleUrl>
        <ExtendedData>
          <Data name="nama">
            <value>C10-ODP8</value>
          </Data>
          <Data name="deskripsi">
            <value/>
          </Data>
        </ExtendedData>
        <Point>
          <coordinates>
            100.432373,-0.283011,0
          </coordinates>
        </Point>
      </Placemark>
      <Placemark>
        <name/>
        <description><![CDATA[nama: C12-ODP9<br>deskripsi: ]]></description>
        <styleUrl>#icon-1899-0288D1</styleUrl>
        <ExtendedData>
          <Data name="nama">
            <value>C12-ODP9</value>
          </Data>
          <Data name="deskripsi">
            <value/>
          </Data>
        </ExtendedData>
        <Point>
          <coordinates>
            100.431069,-0.284302,0
          </coordinates>
        </Point>
      </Placemark>
      <Placemark>
        <name/>
        <description><![CDATA[nama: C13-ODP10<br>deskripsi: ]]></description>
        <styleUrl>#icon-1899-0288D1</styleUrl>
        <ExtendedData>
          <Data name="nama">
            <value>C13-ODP10</value>
          </Data>
          <Data name="deskripsi">
            <value/>
          </Data>
        </ExtendedData>
        <Point>
          <coordinates>
            100.431091,-0.28827,0
          </coordinates>
        </Point>
      </Placemark>
      <Placemark>
        <name/>
        <description><![CDATA[nama: C14-ODP11<br>deskripsi: ]]></description>
        <styleUrl>#icon-1899-0288D1</styleUrl>
        <ExtendedData>
          <Data name="nama">
            <value>C14-ODP11</value>
          </Data>
          <Data name="deskripsi">
            <value/>
          </Data>
        </ExtendedData>
        <Point>
          <coordinates>
            100.431082,-0.287761,0
          </coordinates>
        </Point>
      </Placemark>
      <Placemark>
        <name/>
        <description><![CDATA[nama: C15-ODP12<br>deskripsi: ]]></description>
        <styleUrl>#icon-1899-0288D1</styleUrl>
        <ExtendedData>
          <Data name="nama">
            <value>C15-ODP12</value>
          </Data>
          <Data name="deskripsi">
            <value/>
          </Data>
        </ExtendedData>
        <Point>
          <coordinates>
            100.43102,-0.286426,0
          </coordinates>
        </Point>
      </Placemark>
      <Placemark>
        <name/>
        <description><![CDATA[nama: C16-ODP13<br>deskripsi: ]]></description>
        <styleUrl>#icon-1899-0288D1</styleUrl>
        <ExtendedData>
          <Data name="nama">
            <value>C16-ODP13</value>
          </Data>
          <Data name="deskripsi">
            <value/>
          </Data>
        </ExtendedData>
        <Point>
          <coordinates>
            100.431041,-0.284871,0
          </coordinates>
        </Point>
      </Placemark>
      <Placemark>
        <name/>
        <description><![CDATA[nama: C19-ODP14<br>deskripsi: ]]></description>
        <styleUrl>#icon-1899-0288D1</styleUrl>
        <ExtendedData>
          <Data name="nama">
            <value>C19-ODP14</value>
          </Data>
          <Data name="deskripsi">
            <value/>
          </Data>
        </ExtendedData>
        <Point>
          <coordinates>
            100.427965,-0.284229,0
          </coordinates>
        </Point>
      </Placemark>
      <Placemark>
        <name/>
        <description><![CDATA[nama: C20-ODP15<br>deskripsi: ]]></description>
        <styleUrl>#icon-1899-0288D1</styleUrl>
        <ExtendedData>
          <Data name="nama">
            <value>C20-ODP15</value>
          </Data>
          <Data name="deskripsi">
            <value/>
          </Data>
        </ExtendedData>
        <Point>
          <coordinates>
            100.431902,-0.287383,0
          </coordinates>
        </Point>
      </Placemark>
      <Placemark>
        <name/>
        <description><![CDATA[nama: C21-ODP16<br>deskripsi: ]]></description>
        <styleUrl>#icon-1899-0288D1</styleUrl>
        <ExtendedData>
          <Data name="nama">
            <value>C21-ODP16</value>
          </Data>
          <Data name="deskripsi">
            <value/>
          </Data>
        </ExtendedData>
        <Point>
          <coordinates>
            100.429747,-0.284727,0
          </coordinates>
        </Point>
      </Placemark>
      <Placemark>
        <name/>
        <description><![CDATA[nama: C21-ODP1<br>deskripsi: ]]></description>
        <styleUrl>#icon-1899-0288D1</styleUrl>
        <ExtendedData>
          <Data name="nama">
            <value>C21-ODP1</value>
          </Data>
          <Data name="deskripsi">
            <value/>
          </Data>
        </ExtendedData>
        <Point>
          <coordinates>
            100.421762,-0.280708,0
          </coordinates>
        </Point>
      </Placemark>
      <Placemark>
        <name/>
        <description><![CDATA[nama: C21-ODP2<br>deskripsi: ]]></description>
        <styleUrl>#icon-1899-0288D1</styleUrl>
        <ExtendedData>
          <Data name="nama">
            <value>C21-ODP2</value>
          </Data>
          <Data name="deskripsi">
            <value/>
          </Data>
        </ExtendedData>
        <Point>
          <coordinates>
            100.420558,-0.281574,0
          </coordinates>
        </Point>
      </Placemark>
      <Placemark>
        <name/>
        <description><![CDATA[nama: C21-ODP3<br>deskripsi: ]]></description>
        <styleUrl>#icon-1899-0288D1</styleUrl>
        <ExtendedData>
          <Data name="nama">
            <value>C21-ODP3</value>
          </Data>
          <Data name="deskripsi">
            <value/>
          </Data>
        </ExtendedData>
        <Point>
          <coordinates>
            100.41976,-0.282631,0
          </coordinates>
        </Point>
      </Placemark>
      <Placemark>
        <name/>
        <description><![CDATA[nama: C21-ODP4<br>deskripsi: ]]></description>
        <styleUrl>#icon-1899-0288D1</styleUrl>
        <ExtendedData>
          <Data name="nama">
            <value>C21-ODP4</value>
          </Data>
          <Data name="deskripsi">
            <value/>
          </Data>
        </ExtendedData>
        <Point>
          <coordinates>
            100.418982,-0.283262,0
          </coordinates>
        </Point>
      </Placemark>
      <Placemark>
        <name/>
        <description><![CDATA[nama: C21-ODP5<br>deskripsi: ]]></description>
        <styleUrl>#icon-1899-0288D1</styleUrl>
        <ExtendedData>
          <Data name="nama">
            <value>C21-ODP5</value>
          </Data>
          <Data name="deskripsi">
            <value/>
          </Data>
        </ExtendedData>
        <Point>
          <coordinates>
            100.417744,-0.283813,0
          </coordinates>
        </Point>
      </Placemark>
      <Placemark>
        <name/>
        <description><![CDATA[nama: C21-ODP6<br>deskripsi: ]]></description>
        <styleUrl>#icon-1899-0288D1</styleUrl>
        <ExtendedData>
          <Data name="nama">
            <value>C21-ODP6</value>
          </Data>
          <Data name="deskripsi">
            <value/>
          </Data>
        </ExtendedData>
        <Point>
          <coordinates>
            100.420929,-0.283046,0
          </coordinates>
        </Point>
      </Placemark>
      <Placemark>
        <name/>
        <description><![CDATA[nama: C21-ODP7<br>deskripsi: ]]></description>
        <styleUrl>#icon-1899-0288D1</styleUrl>
        <ExtendedData>
          <Data name="nama">
            <value>C21-ODP7</value>
          </Data>
          <Data name="deskripsi">
            <value/>
          </Data>
        </ExtendedData>
        <Point>
          <coordinates>
            100.417404,-0.281536,0
          </coordinates>
        </Point>
      </Placemark>
      <Placemark>
        <name/>
        <description><![CDATA[nama: C22-ODP1<br>deskripsi: ]]></description>
        <styleUrl>#icon-1899-0288D1</styleUrl>
        <ExtendedData>
          <Data name="nama">
            <value>C22-ODP1</value>
          </Data>
          <Data name="deskripsi">
            <value/>
          </Data>
        </ExtendedData>
        <Point>
          <coordinates>
            100.421992,-0.279624,0
          </coordinates>
        </Point>
      </Placemark>
      <Placemark>
        <name/>
        <description><![CDATA[nama: C22-ODP2<br>deskripsi: ]]></description>
        <styleUrl>#icon-1899-0288D1</styleUrl>
        <ExtendedData>
          <Data name="nama">
            <value>C22-ODP2</value>
          </Data>
          <Data name="deskripsi">
            <value/>
          </Data>
        </ExtendedData>
        <Point>
          <coordinates>
            100.422433,-0.277935,0
          </coordinates>
        </Point>
      </Placemark>
      <Placemark>
        <name/>
        <description><![CDATA[nama: C22-ODP3<br>deskripsi: ]]></description>
        <styleUrl>#icon-1899-0288D1</styleUrl>
        <ExtendedData>
          <Data name="nama">
            <value>C22-ODP3</value>
          </Data>
          <Data name="deskripsi">
            <value/>
          </Data>
        </ExtendedData>
        <Point>
          <coordinates>
            100.422555,-0.276774,0
          </coordinates>
        </Point>
      </Placemark>
      <Placemark>
        <name/>
        <description><![CDATA[nama: C22-ODP7<br>deskripsi: ]]></description>
        <styleUrl>#icon-1899-0288D1</styleUrl>
        <ExtendedData>
          <Data name="nama">
            <value>C22-ODP7</value>
          </Data>
          <Data name="deskripsi">
            <value/>
          </Data>
        </ExtendedData>
        <Point>
          <coordinates>
            100.416658,-0.284367,0
          </coordinates>
        </Point>
      </Placemark>
      <Placemark>
        <name/>
        <description><![CDATA[nama: C22-ODP8<br>deskripsi: ]]></description>
        <styleUrl>#icon-1899-0288D1</styleUrl>
        <ExtendedData>
          <Data name="nama">
            <value>C22-ODP8</value>
          </Data>
          <Data name="deskripsi">
            <value/>
          </Data>
        </ExtendedData>
        <Point>
          <coordinates>
            100.415463,-0.284986,0
          </coordinates>
        </Point>
      </Placemark>
      <Placemark>
        <name/>
        <description><![CDATA[nama: C22-ODP9<br>deskripsi: ]]></description>
        <styleUrl>#icon-1899-0288D1</styleUrl>
        <ExtendedData>
          <Data name="nama">
            <value>C22-ODP9</value>
          </Data>
          <Data name="deskripsi">
            <value/>
          </Data>
        </ExtendedData>
        <Point>
          <coordinates>
            100.415271,-0.285499,0
          </coordinates>
        </Point>
      </Placemark>
      <Placemark>
        <name/>
        <description><![CDATA[nama: C22-ODP10<br>deskripsi: ]]></description>
        <styleUrl>#icon-1899-0288D1</styleUrl>
        <ExtendedData>
          <Data name="nama">
            <value>C22-ODP10</value>
          </Data>
          <Data name="deskripsi">
            <value/>
          </Data>
        </ExtendedData>
        <Point>
          <coordinates>
            100.414294,-0.287676,0
          </coordinates>
        </Point>
      </Placemark>
      <Placemark>
        <name/>
        <description><![CDATA[nama: C22-ODP11<br>deskripsi: ]]></description>
        <styleUrl>#icon-1899-0288D1</styleUrl>
        <ExtendedData>
          <Data name="nama">
            <value>C22-ODP11</value>
          </Data>
          <Data name="deskripsi">
            <value/>
          </Data>
        </ExtendedData>
        <Point>
          <coordinates>
            100.414082,-0.289401,0
          </coordinates>
        </Point>
      </Placemark>
      <Placemark>
        <name/>
        <description><![CDATA[nama: C23-ODP7<br>deskripsi: ]]></description>
        <styleUrl>#icon-1899-0288D1</styleUrl>
        <ExtendedData>
          <Data name="nama">
            <value>C23-ODP7</value>
          </Data>
          <Data name="deskripsi">
            <value/>
          </Data>
        </ExtendedData>
        <Point>
          <coordinates>
            100.425201,-0.282438,0
          </coordinates>
        </Point>
      </Placemark>
      <Placemark>
        <name/>
        <description><![CDATA[nama: C23-ODP8<br>deskripsi: ]]></description>
        <styleUrl>#icon-1899-0288D1</styleUrl>
        <ExtendedData>
          <Data name="nama">
            <value>C23-ODP8</value>
          </Data>
          <Data name="deskripsi">
            <value/>
          </Data>
        </ExtendedData>
        <Point>
          <coordinates>
            100.422519,-0.280126,0
          </coordinates>
        </Point>
      </Placemark>
      <Placemark>
        <name/>
        <description><![CDATA[nama: C23-ODP1<br>deskripsi: ]]></description>
        <styleUrl>#icon-1899-0288D1</styleUrl>
        <ExtendedData>
          <Data name="nama">
            <value>C23-ODP1</value>
          </Data>
          <Data name="deskripsi">
            <value/>
          </Data>
        </ExtendedData>
        <Point>
          <coordinates>
            100.423454,-0.27833,0
          </coordinates>
        </Point>
      </Placemark>
      <Placemark>
        <name/>
        <description><![CDATA[nama: C23-ODP2<br>deskripsi: ]]></description>
        <styleUrl>#icon-1899-0288D1</styleUrl>
        <ExtendedData>
          <Data name="nama">
            <value>C23-ODP2</value>
          </Data>
          <Data name="deskripsi">
            <value/>
          </Data>
        </ExtendedData>
        <Point>
          <coordinates>
            100.423784,-0.277441,0
          </coordinates>
        </Point>
      </Placemark>
      <Placemark>
        <name/>
        <description><![CDATA[nama: C23-ODP3<br>deskripsi: ]]></description>
        <styleUrl>#icon-1899-0288D1</styleUrl>
        <ExtendedData>
          <Data name="nama">
            <value>C23-ODP3</value>
          </Data>
          <Data name="deskripsi">
            <value/>
          </Data>
        </ExtendedData>
        <Point>
          <coordinates>
            100.42424,-0.276213,0
          </coordinates>
        </Point>
      </Placemark>
      <Placemark>
        <name/>
        <description><![CDATA[nama: C23-ODP4<br>deskripsi: ]]></description>
        <styleUrl>#icon-1899-0288D1</styleUrl>
        <ExtendedData>
          <Data name="nama">
            <value>C23-ODP4</value>
          </Data>
          <Data name="deskripsi">
            <value/>
          </Data>
        </ExtendedData>
        <Point>
          <coordinates>
            100.42456,-0.275418,0
          </coordinates>
        </Point>
      </Placemark>
      <Placemark>
        <name/>
        <description><![CDATA[nama: C23-ODP5<br>deskripsi: ]]></description>
        <styleUrl>#icon-1899-0288D1</styleUrl>
        <ExtendedData>
          <Data name="nama">
            <value>C23-ODP5</value>
          </Data>
          <Data name="deskripsi">
            <value/>
          </Data>
        </ExtendedData>
        <Point>
          <coordinates>
            100.424832,-0.274705,0
          </coordinates>
        </Point>
      </Placemark>
      <Placemark>
        <name/>
        <description><![CDATA[nama: C23-ODP6<br>deskripsi: ]]></description>
        <styleUrl>#icon-1899-0288D1</styleUrl>
        <ExtendedData>
          <Data name="nama">
            <value>C23-ODP6</value>
          </Data>
          <Data name="deskripsi">
            <value/>
          </Data>
        </ExtendedData>
        <Point>
          <coordinates>
            100.425049,-0.273862,0
          </coordinates>
        </Point>
      </Placemark>
      <Placemark>
        <name/>
        <description><![CDATA[nama: C24-ODP7<br>deskripsi: ]]></description>
        <styleUrl>#icon-1899-0288D1</styleUrl>
        <ExtendedData>
          <Data name="nama">
            <value>C24-ODP7</value>
          </Data>
          <Data name="deskripsi">
            <value/>
          </Data>
        </ExtendedData>
        <Point>
          <coordinates>
            100.425083,-0.272153,0
          </coordinates>
        </Point>
      </Placemark>
      <Placemark>
        <name/>
        <description><![CDATA[nama: C24-ODP8<br>deskripsi: ]]></description>
        <styleUrl>#icon-1899-0288D1</styleUrl>
        <ExtendedData>
          <Data name="nama">
            <value>C24-ODP8</value>
          </Data>
          <Data name="deskripsi">
            <value/>
          </Data>
        </ExtendedData>
        <Point>
          <coordinates>
            100.425088,-0.270809,0
          </coordinates>
        </Point>
      </Placemark>
      <Placemark>
        <name/>
        <description><![CDATA[nama: C24-ODP9<br>deskripsi: ]]></description>
        <styleUrl>#icon-1899-0288D1</styleUrl>
        <ExtendedData>
          <Data name="nama">
            <value>C24-ODP9</value>
          </Data>
          <Data name="deskripsi">
            <value/>
          </Data>
        </ExtendedData>
        <Point>
          <coordinates>
            100.425367,-0.269679,0
          </coordinates>
        </Point>
      </Placemark>
      <Placemark>
        <name/>
        <description><![CDATA[nama: C24-ODP10<br>deskripsi: ]]></description>
        <styleUrl>#icon-1899-0288D1</styleUrl>
        <ExtendedData>
          <Data name="nama">
            <value>C24-ODP10</value>
          </Data>
          <Data name="deskripsi">
            <value/>
          </Data>
        </ExtendedData>
        <Point>
          <coordinates>
            100.426056,-0.266285,0
          </coordinates>
        </Point>
      </Placemark>
      <Placemark>
        <name/>
        <description><![CDATA[nama: S12-ODP1<br>deskripsi: ]]></description>
        <styleUrl>#icon-1899-0288D1</styleUrl>
        <ExtendedData>
          <Data name="nama">
            <value>S12-ODP1</value>
          </Data>
          <Data name="deskripsi">
            <value/>
          </Data>
        </ExtendedData>
        <Point>
          <coordinates>
            100.4323,-0.285278,0
          </coordinates>
        </Point>
      </Placemark>
      <Placemark>
        <name/>
        <description><![CDATA[nama: S12-ODP2<br>deskripsi: ]]></description>
        <styleUrl>#icon-1899-0288D1</styleUrl>
        <ExtendedData>
          <Data name="nama">
            <value>S12-ODP2</value>
          </Data>
          <Data name="deskripsi">
            <value/>
          </Data>
        </ExtendedData>
        <Point>
          <coordinates>
            100.432519,-0.28422,0
          </coordinates>
        </Point>
      </Placemark>
      <Placemark>
        <name/>
        <description><![CDATA[nama: 24 800 NOC - Simpang 3<br>deskripsi: Jumlah Core : 24 Core<br>Jumlah Core Terpakai : 16 Core<br>Klasifikasi Kabel : Backbone dan Distribusi<br>Letak Kabel : Udara]]></description>
        <styleUrl>#line-000000-1200</styleUrl>
        <ExtendedData>
          <Data name="nama">
            <value>24 800 NOC - Simpang 3</value>
          </Data>
          <Data name="deskripsi">
            <value>Jumlah Core : 24 Core
Jumlah Core Terpakai : 16 Core
Klasifikasi Kabel : Backbone dan Distribusi
Letak Kabel : Udara</value>
          </Data>
        </ExtendedData>
        <LineString>
          <tessellate>1</tessellate>
          <coordinates>
            100.43024,-0.284792,0
            100.431098,-0.284862,0
            100.431102,-0.286235,0
            100.431165,-0.288041,0
            100.431212,-0.289469,0
            100.431181,-0.291193,0
          </coordinates>
        </LineString>
      </Placemark>
      <Placemark>
        <name/>
        <description><![CDATA[nama: 12 Core Simp 3 - Balai<br>deskripsi: Jumlah Core : 12 Core<br>Jumlah Core Terpakai : 6 Core<br>Klasifikasi Kabel : Distribusi<br>Letak Kabel : Udara]]></description>
        <styleUrl>#line-000000-1200</styleUrl>
        <ExtendedData>
          <Data name="nama">
            <value>12 Core Simp 3 - Balai</value>
          </Data>
          <Data name="deskripsi">
            <value>Jumlah Core : 12 Core
Jumlah Core Terpakai : 6 Core
Klasifikasi Kabel : Distribusi
Letak Kabel : Udara</value>
          </Data>
        </ExtendedData>
        <LineString>
          <tessellate>1</tessellate>
          <coordinates>
            100.431203,-0.291208,0
            100.431488,-0.291273,0
            100.431751,-0.291319,0
            100.432237,-0.291417,0
            100.432895,-0.291539,0
            100.433487,-0.291653,0
            100.434113,-0.29172,0
            100.434271,-0.291758,0
            100.434492,-0.291354,0
            100.434848,-0.290763,0
            100.434563,-0.290705,0
          </coordinates>
        </LineString>
      </Placemark>
      <Placemark>
        <name/>
        <description><![CDATA[nama: 12 Core Simp Balai Gurah<br>deskripsi: Jumlah Core : 12 Core<br>Jumlah Core Terpakai : 12 Core<br>Klasifikasi Kabel : Distribusi<br>Letak Kabel : Udara]]></description>
        <styleUrl>#line-000000-1200</styleUrl>
        <ExtendedData>
          <Data name="nama">
            <value>12 Core Simp Balai Gurah</value>
          </Data>
          <Data name="deskripsi">
            <value>Jumlah Core : 12 Core
Jumlah Core Terpakai : 12 Core
Klasifikasi Kabel : Distribusi
Letak Kabel : Udara</value>
          </Data>
        </ExtendedData>
        <LineString>
          <tessellate>1</tessellate>
          <coordinates>
            100.430839,-0.297497,0
            100.43138,-0.29754,0
            100.431713,-0.297646,0
            100.432028,-0.297901,0
            100.432497,-0.298359,0
            100.432787,-0.298576,0
            100.433372,-0.298866,0
            100.434191,-0.299198,0
            100.434475,-0.299309,0
            100.434679,-0.299745,0
            100.434504,-0.300567,0
            100.434321,-0.301423,0
          </coordinates>
        </LineString>
      </Placemark>
      <Placemark>
        <name/>
        <description><![CDATA[nama: 12 3500 Biaro - Lasi<br>deskripsi: Jumlah Core : 12 Core<br>Jumlah Core Terpakai : 8 Core<br>Klasifikasi Kabel : Backbone dan Distribusi<br>Letak Kabel : Udara]]></description>
        <styleUrl>#line-000000-1200</styleUrl>
        <ExtendedData>
          <Data name="nama">
            <value>12 3500 Biaro - Lasi</value>
          </Data>
          <Data name="deskripsi">
            <value>Jumlah Core : 12 Core
Jumlah Core Terpakai : 8 Core
Klasifikasi Kabel : Backbone dan Distribusi
Letak Kabel : Udara</value>
          </Data>
        </ExtendedData>
        <LineString>
          <tessellate>1</tessellate>
          <coordinates>
            100.431187,-0.291174,0
            100.430969,-0.295772,0
            100.430828,-0.297851,0
            100.429369,-0.300399,0
            100.429009,-0.301466,0
            100.428675,-0.303227,0
            100.429327,-0.304315,0
            100.429624,-0.305821,0
            100.429872,-0.30712,0
            100.430038,-0.30794,0
            100.42988,-0.308772,0
            100.430061,-0.310116,0
            100.430724,-0.311378,0
            100.432188,-0.313443,0
            100.433248,-0.314745,0
            100.436503,-0.317204,0
          </coordinates>
        </LineString>
      </Placemark>
      <Placemark>
        <name/>
        <description><![CDATA[nama: 6 Core Balai Gurah<br>deskripsi: Jumlah Core : 6 Core<br>Jumlah Core Terpakai : 4 Core<br>Klasifikasi Kabel : Distribusi<br>Letak Kabel : Udara]]></description>
        <styleUrl>#line-000000-1200</styleUrl>
        <ExtendedData>
          <Data name="nama">
            <value>6 Core Balai Gurah</value>
          </Data>
          <Data name="deskripsi">
            <value>Jumlah Core : 6 Core
Jumlah Core Terpakai : 4 Core
Klasifikasi Kabel : Distribusi
Letak Kabel : Udara</value>
          </Data>
        </ExtendedData>
        <LineString>
          <tessellate>1</tessellate>
          <coordinates>
            100.435499,-0.296984,0
            100.435371,-0.297838,0
            100.434996,-0.298087,0
            100.435003,-0.298363,0
            100.434689,-0.29974,0
          </coordinates>
        </LineString>
      </Placemark>
      <Placemark>
        <name/>
        <description><![CDATA[nama: 6 Core Balai Gurah<br>deskripsi: Jumlah Core : 6 Core<br>Jumlah Core Terpakai : 4 Core<br>Klasifikasi Kabel : Backbone dan Distribusi<br>Letak Kabel : Udara]]></description>
        <styleUrl>#line-000000-1200</styleUrl>
        <ExtendedData>
          <Data name="nama">
            <value>6 Core Balai Gurah</value>
          </Data>
          <Data name="deskripsi">
            <value>Jumlah Core : 6 Core
Jumlah Core Terpakai : 4 Core
Klasifikasi Kabel : Backbone dan Distribusi
Letak Kabel : Udara</value>
          </Data>
        </ExtendedData>
        <LineString>
          <tessellate>1</tessellate>
          <coordinates>
            100.431412,-0.297528,0
            100.431554,-0.297301,0
            100.432211,-0.297292,0
          </coordinates>
        </LineString>
      </Placemark>
      <Placemark>
        <name/>
        <description><![CDATA[nama: 4 Core Koto Tuo Balai Gurah<br>deskripsi: Jumlah Core : 4 Core<br>Jumlah Core Terpakai : 4 Core<br>Klasifikasi Kabel : Distribusi<br>Letak Kabel : Udara]]></description>
        <styleUrl>#line-000000-1200</styleUrl>
        <ExtendedData>
          <Data name="nama">
            <value>4 Core Koto Tuo Balai Gurah</value>
          </Data>
          <Data name="deskripsi">
            <value>Jumlah Core : 4 Core
Jumlah Core Terpakai : 4 Core
Klasifikasi Kabel : Distribusi
Letak Kabel : Udara</value>
          </Data>
        </ExtendedData>
        <LineString>
          <tessellate>1</tessellate>
          <coordinates>
            100.428525,-0.303266,0
            100.428868,-0.301863,0
            100.42915,-0.300659,0
            100.427966,-0.300275,0
            100.427324,-0.301972,0
          </coordinates>
        </LineString>
      </Placemark>
      <Placemark>
        <name/>
        <description><![CDATA[nama: 4 Core Jambun Sitapung<br>deskripsi: Jumlah Core : 4 Core<br>Jumlah Core Terpakai : 4 Core<br>Klasifikasi Kabel : Distribusi<br>Letak Kabel : Udara]]></description>
        <styleUrl>#line-000000-1200</styleUrl>
        <ExtendedData>
          <Data name="nama">
            <value>4 Core Jambun Sitapung</value>
          </Data>
          <Data name="deskripsi">
            <value>Jumlah Core : 4 Core
Jumlah Core Terpakai : 4 Core
Klasifikasi Kabel : Distribusi
Letak Kabel : Udara</value>
          </Data>
        </ExtendedData>
        <LineString>
          <tessellate>1</tessellate>
          <coordinates>
            100.430032,-0.310185,0
            100.429316,-0.310159,0
            100.429138,-0.310867,0
            100.429298,-0.312129,0
            100.429522,-0.313323,0
          </coordinates>
        </LineString>
      </Placemark>
      <Placemark>
        <name/>
        <description><![CDATA[nama: 4 Core Sitapung<br>deskripsi: Jumlah Core : 4 Core<br>Jumlah Core Terpakai : 4 Core<br>Klasifikasi Kabel : Distribusi<br>Letak Kabel : Udara]]></description>
        <styleUrl>#line-000000-1200</styleUrl>
        <ExtendedData>
          <Data name="nama">
            <value>4 Core Sitapung</value>
          </Data>
          <Data name="deskripsi">
            <value>Jumlah Core : 4 Core
Jumlah Core Terpakai : 4 Core
Klasifikasi Kabel : Distribusi
Letak Kabel : Udara</value>
          </Data>
        </ExtendedData>
        <LineString>
          <tessellate>1</tessellate>
          <coordinates>
            100.430039,-0.310153,0
            100.431472,-0.310058,0
            100.432877,-0.309959,0
            100.43351,-0.310282,0
            100.434648,-0.310322,0
            100.436752,-0.310645,0
            100.43753,-0.31073,0
            100.438494,-0.310694,0
            100.439209,-0.310267,0
          </coordinates>
        </LineString>
      </Placemark>
      <Placemark>
        <name/>
        <description><![CDATA[nama: 12 Core Sitapung<br>deskripsi: Jumlah Core : 12 Core<br>Jumlah Core Terpakai : 6 Core<br>Klasifikasi Kabel : Distribusi<br>Letak Kabel : Udara]]></description>
        <styleUrl>#line-000000-1200</styleUrl>
        <ExtendedData>
          <Data name="nama">
            <value>12 Core Sitapung</value>
          </Data>
          <Data name="deskripsi">
            <value>Jumlah Core : 12 Core
Jumlah Core Terpakai : 6 Core
Klasifikasi Kabel : Distribusi
Letak Kabel : Udara</value>
          </Data>
        </ExtendedData>
        <LineString>
          <tessellate>1</tessellate>
          <coordinates>
            100.432287,-0.313622,0
            100.431458,-0.313811,0
            100.430444,-0.313626,0
            100.430098,-0.313608,0
            100.429556,-0.313703,0
            100.428813,-0.313913,0
            100.42748,-0.314182,0
            100.424333,-0.314589,0
            100.422247,-0.314371,0
            100.421112,-0.314374,0
            100.419581,-0.31442,0
            100.418447,-0.314473,0
            100.415521,-0.314512,0
            100.415009,-0.314553,0
            100.413472,-0.31459,0
            100.41333,-0.314563,0
          </coordinates>
        </LineString>
      </Placemark>
      <Placemark>
        <name/>
        <description><![CDATA[nama: Path Measure<br>deskripsi: ]]></description>
        <styleUrl>#line-000000-1200</styleUrl>
        <ExtendedData>
          <Data name="nama">
            <value>Path Measure</value>
          </Data>
          <Data name="deskripsi">
            <value/>
          </Data>
        </ExtendedData>
        <LineString>
          <tessellate>1</tessellate>
          <coordinates>
            100.436517,-0.317221,0
            100.438277,-0.319255,0
            100.438493,-0.319917,0
            100.438721,-0.320904,0
            100.439248,-0.321954,0
            100.441005,-0.324943,0
            100.441186,-0.325508,0
            100.441273,-0.326435,0
            100.441427,-0.326986,0
            100.441556,-0.327353,0
            100.441692,-0.328258,0
            100.44221,-0.328976,0
            100.442742,-0.329569,0
            100.442942,-0.329867,0
            100.443133,-0.330163,0
          </coordinates>
        </LineString>
      </Placemark>
      <Placemark>
        <name/>
        <description><![CDATA[nama: Path Measure<br>deskripsi: ]]></description>
        <styleUrl>#line-000000-1200</styleUrl>
        <ExtendedData>
          <Data name="nama">
            <value>Path Measure</value>
          </Data>
          <Data name="deskripsi">
            <value/>
          </Data>
        </ExtendedData>
        <LineString>
          <tessellate>1</tessellate>
          <coordinates>
            100.43923,-0.321965,0
            100.440057,-0.321907,0
            100.440994,-0.321876,0
            100.44205,-0.322029,0
            100.443219,-0.321751,0
            100.444767,-0.3211,0
            100.445295,-0.320789,0
            100.446091,-0.320756,0
            100.447393,-0.320382,0
            100.447754,-0.319779,0
            100.448315,-0.319199,0
            100.449089,-0.318346,0
            100.449833,-0.318831,0
            100.450839,-0.317816,0
          </coordinates>
        </LineString>
      </Placemark>
      <Placemark>
        <name/>
        <description><![CDATA[nama: Path Measure<br>deskripsi: ]]></description>
        <styleUrl>#line-000000-1200</styleUrl>
        <ExtendedData>
          <Data name="nama">
            <value>Path Measure</value>
          </Data>
          <Data name="deskripsi">
            <value/>
          </Data>
        </ExtendedData>
        <LineString>
          <tessellate>1</tessellate>
          <coordinates>
            100.439512,-0.322389,0
            100.438886,-0.322563,0
            100.438096,-0.322759,0
            100.438087,-0.322873,0
            100.438186,-0.323195,0
            100.438163,-0.323384,0
            100.43808,-0.323587,0
            100.438067,-0.324116,0
            100.438127,-0.324728,0
          </coordinates>
        </LineString>
      </Placemark>
      <Placemark>
        <name/>
        <description><![CDATA[nama: Path Measure<br>deskripsi: ]]></description>
        <styleUrl>#line-000000-1200</styleUrl>
        <ExtendedData>
          <Data name="nama">
            <value>Path Measure</value>
          </Data>
          <Data name="deskripsi">
            <value/>
          </Data>
        </ExtendedData>
        <LineString>
          <tessellate>1</tessellate>
          <coordinates>
            100.44319,-0.32181,0
            100.443858,-0.323286,0
            100.444141,-0.323724,0
            100.44439,-0.323911,0
            100.444971,-0.324444,0
            100.445594,-0.324968,0
            100.446107,-0.325371,0
            100.44726,-0.326327,0
            100.447508,-0.326599,0
            100.447581,-0.327339,0
            100.447632,-0.328099,0
            100.447953,-0.32816,0
            100.448598,-0.328472,0
            100.449987,-0.328765,0
            100.449885,-0.329633,0
          </coordinates>
        </LineString>
      </Placemark>
      <Placemark>
        <name/>
        <description><![CDATA[nama: Path Measure<br>deskripsi: ]]></description>
        <styleUrl>#line-000000-1200</styleUrl>
        <ExtendedData>
          <Data name="nama">
            <value>Path Measure</value>
          </Data>
          <Data name="deskripsi">
            <value/>
          </Data>
        </ExtendedData>
        <LineString>
          <tessellate>1</tessellate>
          <coordinates>
            100.441449,-0.327033,0
            100.441532,-0.327364,0
            100.440754,-0.327705,0
            100.439972,-0.328046,0
            100.439424,-0.328248,0
            100.438299,-0.329453,0
            100.436819,-0.329991,0
            100.436829,-0.330799,0
            100.437083,-0.331736,0
            100.437796,-0.332677,0
            100.439012,-0.33374,0
            100.440471,-0.334812,0
            100.441313,-0.335415,0
            100.441841,-0.335527,0
            100.442221,-0.33577,0
            100.442759,-0.336265,0
            100.442886,-0.33695,0
            100.443289,-0.337317,0
          </coordinates>
        </LineString>
      </Placemark>
      <Placemark>
        <name/>
        <description><![CDATA[nama: Path Measure<br>deskripsi: ]]></description>
        <styleUrl>#line-000000-1200</styleUrl>
        <ExtendedData>
          <Data name="nama">
            <value>Path Measure</value>
          </Data>
          <Data name="deskripsi">
            <value/>
          </Data>
        </ExtendedData>
        <LineString>
          <tessellate>1</tessellate>
          <coordinates>
            100.437041,-0.321478,0
            100.438007,-0.321271,0
            100.438825,-0.321136,0
            100.439253,-0.321975,0
          </coordinates>
        </LineString>
      </Placemark>
      <Placemark>
        <name/>
        <description><![CDATA[nama: Path Measure<br>deskripsi: ]]></description>
        <styleUrl>#line-000000-1200</styleUrl>
        <ExtendedData>
          <Data name="nama">
            <value>Path Measure</value>
          </Data>
          <Data name="deskripsi">
            <value/>
          </Data>
        </ExtendedData>
        <LineString>
          <tessellate>1</tessellate>
          <coordinates>
            100.422206,-0.314369,0
            100.422398,-0.313708,0
            100.42245,-0.313427,0
            100.42175,-0.313285,0
            100.421608,-0.313307,0
          </coordinates>
        </LineString>
      </Placemark>
      <Placemark>
        <name/>
        <description><![CDATA[nama: D1-ODP0<br>deskripsi: ]]></description>
        <styleUrl>#icon-1899-0288D1</styleUrl>
        <ExtendedData>
          <Data name="nama">
            <value>D1-ODP0</value>
          </Data>
          <Data name="deskripsi">
            <value/>
          </Data>
        </ExtendedData>
        <Point>
          <coordinates>
            100.439244,-0.321976,0
          </coordinates>
        </Point>
      </Placemark>
      <Placemark>
        <name/>
        <description><![CDATA[nama: D1-ODP1<br>deskripsi: ]]></description>
        <styleUrl>#icon-1899-0288D1</styleUrl>
        <ExtendedData>
          <Data name="nama">
            <value>D1-ODP1</value>
          </Data>
          <Data name="deskripsi">
            <value/>
          </Data>
        </ExtendedData>
        <Point>
          <coordinates>
            100.438484,-0.319925,0
          </coordinates>
        </Point>
      </Placemark>
      <Placemark>
        <name/>
        <description><![CDATA[nama: D1-ODP2<br>deskripsi: ]]></description>
        <styleUrl>#icon-1899-0288D1</styleUrl>
        <ExtendedData>
          <Data name="nama">
            <value>D1-ODP2</value>
          </Data>
          <Data name="deskripsi">
            <value/>
          </Data>
        </ExtendedData>
        <Point>
          <coordinates>
            100.437191,-0.317982,0
          </coordinates>
        </Point>
      </Placemark>
      <Placemark>
        <name/>
        <description><![CDATA[nama: D1-ODP3<br>deskripsi: ]]></description>
        <styleUrl>#icon-1899-0288D1</styleUrl>
        <ExtendedData>
          <Data name="nama">
            <value>D1-ODP3</value>
          </Data>
          <Data name="deskripsi">
            <value/>
          </Data>
        </ExtendedData>
        <Point>
          <coordinates>
            100.441486,-0.32195,0
          </coordinates>
        </Point>
      </Placemark>
      <Placemark>
        <name/>
        <description><![CDATA[nama: D1-ODP4<br>deskripsi: ]]></description>
        <styleUrl>#icon-1899-0288D1</styleUrl>
        <ExtendedData>
          <Data name="nama">
            <value>D1-ODP4</value>
          </Data>
          <Data name="deskripsi">
            <value/>
          </Data>
        </ExtendedData>
        <Point>
          <coordinates>
            100.443234,-0.321748,0
          </coordinates>
        </Point>
      </Placemark>
      <Placemark>
        <name/>
        <description><![CDATA[nama: D1-ODP5<br>deskripsi: ]]></description>
        <styleUrl>#icon-1899-0288D1</styleUrl>
        <ExtendedData>
          <Data name="nama">
            <value>D1-ODP5</value>
          </Data>
          <Data name="deskripsi">
            <value/>
          </Data>
        </ExtendedData>
        <Point>
          <coordinates>
            100.438108,-0.322799,0
          </coordinates>
        </Point>
      </Placemark>
      <Placemark>
        <name/>
        <description><![CDATA[nama: D1-ODP6<br>deskripsi: ]]></description>
        <styleUrl>#icon-1899-0288D1</styleUrl>
        <ExtendedData>
          <Data name="nama">
            <value>D1-ODP6</value>
          </Data>
          <Data name="deskripsi">
            <value/>
          </Data>
        </ExtendedData>
        <Point>
          <coordinates>
            100.438132,-0.324763,0
          </coordinates>
        </Point>
      </Placemark>
      <Placemark>
        <name/>
        <description><![CDATA[nama: D1-ODP7<br>deskripsi: ]]></description>
        <styleUrl>#icon-1899-0288D1</styleUrl>
        <ExtendedData>
          <Data name="nama">
            <value>D1-ODP7</value>
          </Data>
          <Data name="deskripsi">
            <value/>
          </Data>
        </ExtendedData>
        <Point>
          <coordinates>
            100.43704,-0.321496,0
          </coordinates>
        </Point>
      </Placemark>
      <Placemark>
        <name/>
        <description><![CDATA[nama: D2-ODP1<br>deskripsi: ]]></description>
        <styleUrl>#icon-1899-0288D1</styleUrl>
        <ExtendedData>
          <Data name="nama">
            <value>D2-ODP1</value>
          </Data>
          <Data name="deskripsi">
            <value/>
          </Data>
        </ExtendedData>
        <Point>
          <coordinates>
            100.444402,-0.323905,0
          </coordinates>
        </Point>
      </Placemark>
      <Placemark>
        <name/>
        <description><![CDATA[nama: D2-ODP2<br>deskripsi: ]]></description>
        <styleUrl>#icon-1899-0288D1</styleUrl>
        <ExtendedData>
          <Data name="nama">
            <value>D2-ODP2</value>
          </Data>
          <Data name="deskripsi">
            <value/>
          </Data>
        </ExtendedData>
        <Point>
          <coordinates>
            100.447235,-0.326305,0
          </coordinates>
        </Point>
      </Placemark>
      <Placemark>
        <name/>
        <description><![CDATA[nama: D2-ODP3<br>deskripsi: ]]></description>
        <styleUrl>#icon-1899-0288D1</styleUrl>
        <ExtendedData>
          <Data name="nama">
            <value>D2-ODP3</value>
          </Data>
          <Data name="deskripsi">
            <value/>
          </Data>
        </ExtendedData>
        <Point>
          <coordinates>
            100.449471,-0.328656,0
          </coordinates>
        </Point>
      </Placemark>
      <Placemark>
        <name/>
        <description><![CDATA[nama: D2-ODP4<br>deskripsi: ]]></description>
        <styleUrl>#icon-1899-0288D1</styleUrl>
        <ExtendedData>
          <Data name="nama">
            <value>D2-ODP4</value>
          </Data>
          <Data name="deskripsi">
            <value/>
          </Data>
        </ExtendedData>
        <Point>
          <coordinates>
            100.449877,-0.329636,0
          </coordinates>
        </Point>
      </Placemark>
      <Placemark>
        <name/>
        <description><![CDATA[nama: D2-ODP5<br>deskripsi: ]]></description>
        <styleUrl>#icon-1899-0288D1</styleUrl>
        <ExtendedData>
          <Data name="nama">
            <value>D2-ODP5</value>
          </Data>
          <Data name="deskripsi">
            <value/>
          </Data>
        </ExtendedData>
        <Point>
          <coordinates>
            100.444728,-0.321085,0
          </coordinates>
        </Point>
      </Placemark>
      <Placemark>
        <name/>
        <description><![CDATA[nama: D2-ODP6<br>deskripsi: ]]></description>
        <styleUrl>#icon-1899-0288D1</styleUrl>
        <ExtendedData>
          <Data name="nama">
            <value>D2-ODP6</value>
          </Data>
          <Data name="deskripsi">
            <value/>
          </Data>
        </ExtendedData>
        <Point>
          <coordinates>
            100.44907,-0.318346,0
          </coordinates>
        </Point>
      </Placemark>
      <Placemark>
        <name/>
        <description><![CDATA[nama: D2-ODP7<br>deskripsi: ]]></description>
        <styleUrl>#icon-1899-0288D1</styleUrl>
        <ExtendedData>
          <Data name="nama">
            <value>D2-ODP7</value>
          </Data>
          <Data name="deskripsi">
            <value/>
          </Data>
        </ExtendedData>
        <Point>
          <coordinates>
            100.450834,-0.317851,0
          </coordinates>
        </Point>
      </Placemark>
      <Placemark>
        <name/>
        <description><![CDATA[nama: D3-ODP0<br>deskripsi: ]]></description>
        <styleUrl>#icon-1899-0288D1</styleUrl>
        <ExtendedData>
          <Data name="nama">
            <value>D3-ODP0</value>
          </Data>
          <Data name="deskripsi">
            <value/>
          </Data>
        </ExtendedData>
        <Point>
          <coordinates>
            100.44144,-0.327065,0
          </coordinates>
        </Point>
      </Placemark>
      <Placemark>
        <name/>
        <description><![CDATA[nama: D3-ODP1<br>deskripsi: ]]></description>
        <styleUrl>#icon-1899-0288D1</styleUrl>
        <ExtendedData>
          <Data name="nama">
            <value>D3-ODP1</value>
          </Data>
          <Data name="deskripsi">
            <value/>
          </Data>
        </ExtendedData>
        <Point>
          <coordinates>
            100.44185,-0.328563,0
          </coordinates>
        </Point>
      </Placemark>
      <Placemark>
        <name/>
        <description><![CDATA[nama: D3-ODP2<br>deskripsi: ]]></description>
        <styleUrl>#icon-1899-0288D1</styleUrl>
        <ExtendedData>
          <Data name="nama">
            <value>D3-ODP2</value>
          </Data>
          <Data name="deskripsi">
            <value/>
          </Data>
        </ExtendedData>
        <Point>
          <coordinates>
            100.44314,-0.330159,0
          </coordinates>
        </Point>
      </Placemark>
      <Placemark>
        <name/>
        <description><![CDATA[nama: D3-ODP3<br>deskripsi: ]]></description>
        <styleUrl>#icon-1899-0288D1</styleUrl>
        <ExtendedData>
          <Data name="nama">
            <value>D3-ODP3</value>
          </Data>
          <Data name="deskripsi">
            <value/>
          </Data>
        </ExtendedData>
        <Point>
          <coordinates>
            100.44049,-0.324087,0
          </coordinates>
        </Point>
      </Placemark>
      <Placemark>
        <name/>
        <description><![CDATA[nama: D3-ODP4<br>deskripsi: ]]></description>
        <styleUrl>#icon-1899-0288D1</styleUrl>
        <ExtendedData>
          <Data name="nama">
            <value>D3-ODP4</value>
          </Data>
          <Data name="deskripsi">
            <value/>
          </Data>
        </ExtendedData>
        <Point>
          <coordinates>
            100.439421,-0.328264,0
          </coordinates>
        </Point>
      </Placemark>
      <Placemark>
        <name/>
        <description><![CDATA[nama: D3-ODP5<br>deskripsi: ]]></description>
        <styleUrl>#icon-1899-0288D1</styleUrl>
        <ExtendedData>
          <Data name="nama">
            <value>D3-ODP5</value>
          </Data>
          <Data name="deskripsi">
            <value/>
          </Data>
        </ExtendedData>
        <Point>
          <coordinates>
            100.436842,-0.33002,0
          </coordinates>
        </Point>
      </Placemark>
      <Placemark>
        <name/>
        <description><![CDATA[nama: D4-ODP0<br>deskripsi: ]]></description>
        <styleUrl>#icon-1899-0288D1</styleUrl>
        <ExtendedData>
          <Data name="nama">
            <value>D4-ODP0</value>
          </Data>
          <Data name="deskripsi">
            <value/>
          </Data>
        </ExtendedData>
        <Point>
          <coordinates>
            100.43708,-0.331766,0
          </coordinates>
        </Point>
      </Placemark>
      <Placemark>
        <name/>
        <description><![CDATA[nama: D4-ODP1<br>deskripsi: ]]></description>
        <styleUrl>#icon-1899-0288D1</styleUrl>
        <ExtendedData>
          <Data name="nama">
            <value>D4-ODP1</value>
          </Data>
          <Data name="deskripsi">
            <value/>
          </Data>
        </ExtendedData>
        <Point>
          <coordinates>
            100.440461,-0.334845,0
          </coordinates>
        </Point>
      </Placemark>
      <Placemark>
        <name/>
        <description><![CDATA[nama: D4-ODP2<br>deskripsi: ]]></description>
        <styleUrl>#icon-1899-0288D1</styleUrl>
        <ExtendedData>
          <Data name="nama">
            <value>D4-ODP2</value>
          </Data>
          <Data name="deskripsi">
            <value/>
          </Data>
        </ExtendedData>
        <Point>
          <coordinates>
            100.441857,-0.335567,0
          </coordinates>
        </Point>
      </Placemark>
      <Placemark>
        <name/>
        <description><![CDATA[nama: D4-ODP3<br>deskripsi: ]]></description>
        <styleUrl>#icon-1899-0288D1</styleUrl>
        <ExtendedData>
          <Data name="nama">
            <value>D4-ODP3</value>
          </Data>
          <Data name="deskripsi">
            <value/>
          </Data>
        </ExtendedData>
        <Point>
          <coordinates>
            100.443281,-0.337334,0
          </coordinates>
        </Point>
      </Placemark>
      <Placemark>
        <name/>
        <description><![CDATA[nama: D12-ODP1<br>deskripsi: ]]></description>
        <styleUrl>#icon-1899-0288D1</styleUrl>
        <ExtendedData>
          <Data name="nama">
            <value>D12-ODP1</value>
          </Data>
          <Data name="deskripsi">
            <value/>
          </Data>
        </ExtendedData>
        <Point>
          <coordinates>
            100.431445,-0.291287,0
          </coordinates>
        </Point>
      </Placemark>
      <Placemark>
        <name/>
        <description><![CDATA[nama: D12-ODP2<br>deskripsi: ]]></description>
        <styleUrl>#icon-1899-0288D1</styleUrl>
        <ExtendedData>
          <Data name="nama">
            <value>D12-ODP2</value>
          </Data>
          <Data name="deskripsi">
            <value/>
          </Data>
        </ExtendedData>
        <Point>
          <coordinates>
            100.431839,-0.291372,0
          </coordinates>
        </Point>
      </Placemark>
      <Placemark>
        <name/>
        <description><![CDATA[nama: D12-ODP3<br>deskripsi: ]]></description>
        <styleUrl>#icon-1899-0288D1</styleUrl>
        <ExtendedData>
          <Data name="nama">
            <value>D12-ODP3</value>
          </Data>
          <Data name="deskripsi">
            <value/>
          </Data>
        </ExtendedData>
        <Point>
          <coordinates>
            100.432949,-0.291555,0
          </coordinates>
        </Point>
      </Placemark>
      <Placemark>
        <name/>
        <description><![CDATA[nama: D12-ODP4<br>deskripsi: ]]></description>
        <styleUrl>#icon-1899-0288D1</styleUrl>
        <ExtendedData>
          <Data name="nama">
            <value>D12-ODP4</value>
          </Data>
          <Data name="deskripsi">
            <value/>
          </Data>
        </ExtendedData>
        <Point>
          <coordinates>
            100.434274,-0.291759,0
          </coordinates>
        </Point>
      </Placemark>
      <Placemark>
        <name/>
        <description><![CDATA[nama: D12-ODP5<br>deskripsi: ]]></description>
        <styleUrl>#icon-1899-0288D1</styleUrl>
        <ExtendedData>
          <Data name="nama">
            <value>D12-ODP5</value>
          </Data>
          <Data name="deskripsi">
            <value/>
          </Data>
        </ExtendedData>
        <Point>
          <coordinates>
            100.434564,-0.290709,0
          </coordinates>
        </Point>
      </Placemark>
      <Placemark>
        <name/>
        <description><![CDATA[nama: Spare Kabel Simp Balai Gurah<br>deskripsi: ]]></description>
        <styleUrl>#icon-1899-0288D1</styleUrl>
        <ExtendedData>
          <Data name="nama">
            <value>Spare Kabel Simp Balai Gurah</value>
          </Data>
          <Data name="deskripsi">
            <value/>
          </Data>
        </ExtendedData>
        <Point>
          <coordinates>
            100.430873,-0.297565,0
          </coordinates>
        </Point>
      </Placemark>
      <Placemark>
        <name/>
        <description><![CDATA[nama: D31-ODP1<br>deskripsi: ]]></description>
        <styleUrl>#icon-1899-0288D1</styleUrl>
        <ExtendedData>
          <Data name="nama">
            <value>D31-ODP1</value>
          </Data>
          <Data name="deskripsi">
            <value/>
          </Data>
        </ExtendedData>
        <Point>
          <coordinates>
            100.429238,-0.313836,0
          </coordinates>
        </Point>
      </Placemark>
      <Placemark>
        <name/>
        <description><![CDATA[nama: D31-ODP2<br>deskripsi: ]]></description>
        <styleUrl>#icon-1899-0288D1</styleUrl>
        <ExtendedData>
          <Data name="nama">
            <value>D31-ODP2</value>
          </Data>
          <Data name="deskripsi">
            <value/>
          </Data>
        </ExtendedData>
        <Point>
          <coordinates>
            100.42782,-0.314127,0
          </coordinates>
        </Point>
      </Placemark>
      <Placemark>
        <name/>
        <description><![CDATA[nama: D31-ODP3<br>deskripsi: ]]></description>
        <styleUrl>#icon-1899-0288D1</styleUrl>
        <ExtendedData>
          <Data name="nama">
            <value>D31-ODP3</value>
          </Data>
          <Data name="deskripsi">
            <value/>
          </Data>
        </ExtendedData>
        <Point>
          <coordinates>
            100.426365,-0.314365,0
          </coordinates>
        </Point>
      </Placemark>
      <Placemark>
        <name/>
        <description><![CDATA[nama: D31-ODP4<br>deskripsi: ]]></description>
        <styleUrl>#icon-1899-0288D1</styleUrl>
        <ExtendedData>
          <Data name="nama">
            <value>D31-ODP4</value>
          </Data>
          <Data name="deskripsi">
            <value/>
          </Data>
        </ExtendedData>
        <Point>
          <coordinates>
            100.424332,-0.314586,0
          </coordinates>
        </Point>
      </Placemark>
      <Placemark>
        <name/>
        <description><![CDATA[nama: D31-ODP5<br>deskripsi: ]]></description>
        <styleUrl>#icon-1899-0288D1</styleUrl>
        <ExtendedData>
          <Data name="nama">
            <value>D31-ODP5</value>
          </Data>
          <Data name="deskripsi">
            <value/>
          </Data>
        </ExtendedData>
        <Point>
          <coordinates>
            100.434593,-0.314462,0
          </coordinates>
        </Point>
      </Placemark>
      <Placemark>
        <name/>
        <description><![CDATA[nama: D30-ODP2<br>deskripsi: ]]></description>
        <styleUrl>#icon-1899-0288D1</styleUrl>
        <ExtendedData>
          <Data name="nama">
            <value>D30-ODP2</value>
          </Data>
          <Data name="deskripsi">
            <value/>
          </Data>
        </ExtendedData>
        <Point>
          <coordinates>
            100.41808,-0.314483,0
          </coordinates>
        </Point>
      </Placemark>
      <Placemark>
        <name/>
        <description><![CDATA[nama: D30-ODP1<br>deskripsi: ]]></description>
        <styleUrl>#icon-1899-0288D1</styleUrl>
        <ExtendedData>
          <Data name="nama">
            <value>D30-ODP1</value>
          </Data>
          <Data name="deskripsi">
            <value/>
          </Data>
        </ExtendedData>
        <Point>
          <coordinates>
            100.419677,-0.314426,0
          </coordinates>
        </Point>
      </Placemark>
      <Placemark>
        <name/>
        <description><![CDATA[nama: D30-ODP0<br>deskripsi: ]]></description>
        <styleUrl>#icon-1899-0288D1</styleUrl>
        <ExtendedData>
          <Data name="nama">
            <value>D30-ODP0</value>
          </Data>
          <Data name="deskripsi">
            <value/>
          </Data>
        </ExtendedData>
        <Point>
          <coordinates>
            100.422203,-0.314387,0
          </coordinates>
        </Point>
      </Placemark>
      <Placemark>
        <name/>
        <description><![CDATA[nama: D30-ODP3<br>deskripsi: ]]></description>
        <styleUrl>#icon-1899-0288D1</styleUrl>
        <ExtendedData>
          <Data name="nama">
            <value>D30-ODP3</value>
          </Data>
          <Data name="deskripsi">
            <value/>
          </Data>
        </ExtendedData>
        <Point>
          <coordinates>
            100.415043,-0.314541,0
          </coordinates>
        </Point>
      </Placemark>
      <Placemark>
        <name/>
        <description><![CDATA[nama: D30-ODP4<br>deskripsi: ]]></description>
        <styleUrl>#icon-1899-0288D1</styleUrl>
        <ExtendedData>
          <Data name="nama">
            <value>D30-ODP4</value>
          </Data>
          <Data name="deskripsi">
            <value/>
          </Data>
        </ExtendedData>
        <Point>
          <coordinates>
            100.422447,-0.313438,0
          </coordinates>
        </Point>
      </Placemark>
      <Placemark>
        <name/>
        <description><![CDATA[nama: D30-ODP5<br>deskripsi: ]]></description>
        <styleUrl>#icon-1899-0288D1</styleUrl>
        <ExtendedData>
          <Data name="nama">
            <value>D30-ODP5</value>
          </Data>
          <Data name="deskripsi">
            <value/>
          </Data>
        </ExtendedData>
        <Point>
          <coordinates>
            100.421592,-0.313284,0
          </coordinates>
        </Point>
      </Placemark>
      <Placemark>
        <name/>
        <description><![CDATA[nama: D36-ODP0<br>deskripsi: ]]></description>
        <styleUrl>#icon-1899-0288D1</styleUrl>
        <ExtendedData>
          <Data name="nama">
            <value>D36-ODP0</value>
          </Data>
          <Data name="deskripsi">
            <value/>
          </Data>
        </ExtendedData>
        <Point>
          <coordinates>
            100.431385,-0.297546,0
          </coordinates>
        </Point>
      </Placemark>
      <Placemark>
        <name/>
        <description><![CDATA[nama: D36-ODP2<br>deskripsi: ]]></description>
        <styleUrl>#icon-1899-0288D1</styleUrl>
        <ExtendedData>
          <Data name="nama">
            <value>D36-ODP2</value>
          </Data>
          <Data name="deskripsi">
            <value/>
          </Data>
        </ExtendedData>
        <Point>
          <coordinates>
            100.432791,-0.298578,0
          </coordinates>
        </Point>
      </Placemark>
      <Placemark>
        <name/>
        <description><![CDATA[nama: D36-ODP3<br>deskripsi: ]]></description>
        <styleUrl>#icon-1899-0288D1</styleUrl>
        <ExtendedData>
          <Data name="nama">
            <value>D36-ODP3</value>
          </Data>
          <Data name="deskripsi">
            <value/>
          </Data>
        </ExtendedData>
        <Point>
          <coordinates>
            100.433376,-0.298881,0
          </coordinates>
        </Point>
      </Placemark>
      <Placemark>
        <name/>
        <description><![CDATA[nama: D36-ODP4<br>deskripsi: ]]></description>
        <styleUrl>#icon-1899-0288D1</styleUrl>
        <ExtendedData>
          <Data name="nama">
            <value>D36-ODP4</value>
          </Data>
          <Data name="deskripsi">
            <value/>
          </Data>
        </ExtendedData>
        <Point>
          <coordinates>
            100.434686,-0.299748,0
          </coordinates>
        </Point>
      </Placemark>
      <Placemark>
        <name/>
        <description><![CDATA[nama: D35-ODP1<br>deskripsi: ]]></description>
        <styleUrl>#icon-1899-0288D1</styleUrl>
        <ExtendedData>
          <Data name="nama">
            <value>D35-ODP1</value>
          </Data>
          <Data name="deskripsi">
            <value/>
          </Data>
        </ExtendedData>
        <Point>
          <coordinates>
            100.4345,-0.300586,0
          </coordinates>
        </Point>
      </Placemark>
      <Placemark>
        <name/>
        <description><![CDATA[nama: D35-ODP2<br>deskripsi: ]]></description>
        <styleUrl>#icon-1899-0288D1</styleUrl>
        <ExtendedData>
          <Data name="nama">
            <value>D35-ODP2</value>
          </Data>
          <Data name="deskripsi">
            <value/>
          </Data>
        </ExtendedData>
        <Point>
          <coordinates>
            100.434334,-0.301451,0
          </coordinates>
        </Point>
      </Placemark>
      <Placemark>
        <name/>
        <description><![CDATA[nama: D36-ODP5<br>deskripsi: ]]></description>
        <styleUrl>#icon-1899-0288D1</styleUrl>
        <ExtendedData>
          <Data name="nama">
            <value>D36-ODP5</value>
          </Data>
          <Data name="deskripsi">
            <value/>
          </Data>
        </ExtendedData>
        <Point>
          <coordinates>
            100.432213,-0.297299,0
          </coordinates>
        </Point>
      </Placemark>
      <Placemark>
        <name/>
        <description><![CDATA[nama: D35-ODP0<br>deskripsi: ]]></description>
        <styleUrl>#icon-1899-0288D1</styleUrl>
        <ExtendedData>
          <Data name="nama">
            <value>D35-ODP0</value>
          </Data>
          <Data name="deskripsi">
            <value/>
          </Data>
        </ExtendedData>
        <Point>
          <coordinates>
            100.434771,-0.299266,0
          </coordinates>
        </Point>
      </Placemark>
      <Placemark>
        <name/>
        <description><![CDATA[nama: D35-ODP3<br>deskripsi: ]]></description>
        <styleUrl>#icon-1899-0288D1</styleUrl>
        <ExtendedData>
          <Data name="nama">
            <value>D35-ODP3</value>
          </Data>
          <Data name="deskripsi">
            <value/>
          </Data>
        </ExtendedData>
        <Point>
          <coordinates>
            100.435493,-0.29699,0
          </coordinates>
        </Point>
      </Placemark>
      <Placemark>
        <name/>
        <description><![CDATA[nama: D36-ODP6<br>deskripsi: ]]></description>
        <styleUrl>#icon-1899-0288D1</styleUrl>
        <ExtendedData>
          <Data name="nama">
            <value>D36-ODP6</value>
          </Data>
          <Data name="deskripsi">
            <value/>
          </Data>
        </ExtendedData>
        <Point>
          <coordinates>
            100.430291,-0.298932,0
          </coordinates>
        </Point>
      </Placemark>
      <Placemark>
        <name/>
        <description><![CDATA[nama: D34-ODP0<br>deskripsi: ]]></description>
        <styleUrl>#icon-1899-0288D1</styleUrl>
        <ExtendedData>
          <Data name="nama">
            <value>D34-ODP0</value>
          </Data>
          <Data name="deskripsi">
            <value/>
          </Data>
        </ExtendedData>
        <Point>
          <coordinates>
            100.428486,-0.303332,0
          </coordinates>
        </Point>
      </Placemark>
      <Placemark>
        <name/>
        <description><![CDATA[nama: D34-ODP1<br>deskripsi: ]]></description>
        <styleUrl>#icon-1899-0288D1</styleUrl>
        <ExtendedData>
          <Data name="nama">
            <value>D34-ODP1</value>
          </Data>
          <Data name="deskripsi">
            <value/>
          </Data>
        </ExtendedData>
        <Point>
          <coordinates>
            100.428869,-0.301849,0
          </coordinates>
        </Point>
      </Placemark>
      <Placemark>
        <name/>
        <description><![CDATA[nama: D34-ODP2<br>deskripsi: ]]></description>
        <styleUrl>#icon-1899-0288D1</styleUrl>
        <ExtendedData>
          <Data name="nama">
            <value>D34-ODP2</value>
          </Data>
          <Data name="deskripsi">
            <value/>
          </Data>
        </ExtendedData>
        <Point>
          <coordinates>
            100.427961,-0.300295,0
          </coordinates>
        </Point>
      </Placemark>
      <Placemark>
        <name/>
        <description><![CDATA[nama: D34-ODP3<br>deskripsi: ]]></description>
        <styleUrl>#icon-1899-0288D1</styleUrl>
        <ExtendedData>
          <Data name="nama">
            <value>D34-ODP3</value>
          </Data>
          <Data name="deskripsi">
            <value/>
          </Data>
        </ExtendedData>
        <Point>
          <coordinates>
            100.427334,-0.302027,0
          </coordinates>
        </Point>
      </Placemark>
      <Placemark>
        <name/>
        <description><![CDATA[nama: D33-ODP0<br>deskripsi: ]]></description>
        <styleUrl>#icon-1899-0288D1</styleUrl>
        <ExtendedData>
          <Data name="nama">
            <value>D33-ODP0</value>
          </Data>
          <Data name="deskripsi">
            <value/>
          </Data>
        </ExtendedData>
        <Point>
          <coordinates>
            100.430065,-0.310148,0
          </coordinates>
        </Point>
      </Placemark>
      <Placemark>
        <name/>
        <description><![CDATA[nama: D33-ODP1<br>deskripsi: ]]></description>
        <styleUrl>#icon-1899-0288D1</styleUrl>
        <ExtendedData>
          <Data name="nama">
            <value>D33-ODP1</value>
          </Data>
          <Data name="deskripsi">
            <value/>
          </Data>
        </ExtendedData>
        <Point>
          <coordinates>
            100.429312,-0.310167,0
          </coordinates>
        </Point>
      </Placemark>
      <Placemark>
        <name/>
        <description><![CDATA[nama: D33-ODP2<br>deskripsi: ]]></description>
        <styleUrl>#icon-1899-0288D1</styleUrl>
        <ExtendedData>
          <Data name="nama">
            <value>D33-ODP2</value>
          </Data>
          <Data name="deskripsi">
            <value/>
          </Data>
        </ExtendedData>
        <Point>
          <coordinates>
            100.429171,-0.311064,0
          </coordinates>
        </Point>
      </Placemark>
      <Placemark>
        <name/>
        <description><![CDATA[nama: D33-ODP3<br>deskripsi: ]]></description>
        <styleUrl>#icon-1899-0288D1</styleUrl>
        <ExtendedData>
          <Data name="nama">
            <value>D33-ODP3</value>
          </Data>
          <Data name="deskripsi">
            <value/>
          </Data>
        </ExtendedData>
        <Point>
          <coordinates>
            100.429392,-0.312448,0
          </coordinates>
        </Point>
      </Placemark>
      <Placemark>
        <name/>
        <description><![CDATA[nama: D33-ODP4<br>deskripsi: ]]></description>
        <styleUrl>#icon-1899-0288D1</styleUrl>
        <ExtendedData>
          <Data name="nama">
            <value>D33-ODP4</value>
          </Data>
          <Data name="deskripsi">
            <value/>
          </Data>
        </ExtendedData>
        <Point>
          <coordinates>
            100.429526,-0.313321,0
          </coordinates>
        </Point>
      </Placemark>
      <Placemark>
        <name/>
        <description><![CDATA[nama: D32-ODP1<br>deskripsi: ]]></description>
        <styleUrl>#icon-1899-0288D1</styleUrl>
        <ExtendedData>
          <Data name="nama">
            <value>D32-ODP1</value>
          </Data>
          <Data name="deskripsi">
            <value/>
          </Data>
        </ExtendedData>
        <Point>
          <coordinates>
            100.431426,-0.31006,0
          </coordinates>
        </Point>
      </Placemark>
      <Placemark>
        <name/>
        <description><![CDATA[nama: D32-ODP2<br>deskripsi: ]]></description>
        <styleUrl>#icon-1899-0288D1</styleUrl>
        <ExtendedData>
          <Data name="nama">
            <value>D32-ODP2</value>
          </Data>
          <Data name="deskripsi">
            <value/>
          </Data>
        </ExtendedData>
        <Point>
          <coordinates>
            100.433512,-0.310282,0
          </coordinates>
        </Point>
      </Placemark>
      <Placemark>
        <name/>
        <description><![CDATA[nama: D32-ODP3<br>deskripsi: ]]></description>
        <styleUrl>#icon-1899-0288D1</styleUrl>
        <ExtendedData>
          <Data name="nama">
            <value>D32-ODP3</value>
          </Data>
          <Data name="deskripsi">
            <value/>
          </Data>
        </ExtendedData>
        <Point>
          <coordinates>
            100.436744,-0.310666,0
          </coordinates>
        </Point>
      </Placemark>
      <Placemark>
        <name/>
        <description><![CDATA[nama: D32-ODP4<br>deskripsi: ]]></description>
        <styleUrl>#icon-1899-0288D1</styleUrl>
        <ExtendedData>
          <Data name="nama">
            <value>D32-ODP4</value>
          </Data>
          <Data name="deskripsi">
            <value/>
          </Data>
        </ExtendedData>
        <Point>
          <coordinates>
            100.439207,-0.310263,0
          </coordinates>
        </Point>
      </Placemark>
      <Placemark>
        <name/>
        <description><![CDATA[nama: D20-ODP9<br>deskripsi: ]]></description>
        <styleUrl>#icon-1899-0288D1</styleUrl>
        <ExtendedData>
          <Data name="nama">
            <value>D20-ODP9</value>
          </Data>
          <Data name="deskripsi">
            <value/>
          </Data>
        </ExtendedData>
        <Point>
          <coordinates>
            100.429885,-0.308803,0
          </coordinates>
        </Point>
      </Placemark>
      <Placemark>
        <name/>
        <description><![CDATA[nama: 31-ODP0<br>deskripsi: ]]></description>
        <styleUrl>#icon-1899-0288D1</styleUrl>
        <ExtendedData>
          <Data name="nama">
            <value>31-ODP0</value>
          </Data>
          <Data name="deskripsi">
            <value/>
          </Data>
        </ExtendedData>
        <Point>
          <coordinates>
            100.432288,-0.313613,0
          </coordinates>
        </Point>
      </Placemark>
      <Placemark>
        <name/>
        <description><![CDATA[nama: 12 Core Panampung<br>deskripsi: Jumlah Core : 12 Core<br>Jumlah Core Terpakai : 12 Core<br>Klasifikasi Kabel : Distribusi<br>Letak Kabel : Udara]]></description>
        <styleUrl>#line-000000-1200</styleUrl>
        <ExtendedData>
          <Data name="nama">
            <value>12 Core Panampung</value>
          </Data>
          <Data name="deskripsi">
            <value>Jumlah Core : 12 Core
Jumlah Core Terpakai : 12 Core
Klasifikasi Kabel : Distribusi
Letak Kabel : Udara</value>
          </Data>
        </ExtendedData>
        <LineString>
          <tessellate>1</tessellate>
          <coordinates>
            100.430253,-0.284801,0
            100.431038,-0.284828,0
            100.431455,-0.281246,0
            100.432221,-0.278695,0
            100.432735,-0.277073,0
            100.432756,-0.276763,0
            100.433116,-0.272921,0
            100.434189,-0.269356,0
            100.435065,-0.267791,0
            100.436,-0.265294,0
            100.436369,-0.264474,0
            100.437115,-0.26326,0
            100.437623,-0.261961,0
            100.437895,-0.261321,0
            100.438204,-0.260489,0
          </coordinates>
        </LineString>
      </Placemark>
      <Placemark>
        <name/>
        <description><![CDATA[nama: 4 Core Tangah Sawah<br>deskripsi: Jumlah Core : 4 Core<br>Jumlah Core Terpakai : 12 Core<br>Klasifikasi Kabel : Distribusi<br>Letak Kabel : Udara]]></description>
        <styleUrl>#line-000000-1200</styleUrl>
        <ExtendedData>
          <Data name="nama">
            <value>4 Core Tangah Sawah</value>
          </Data>
          <Data name="deskripsi">
            <value>Jumlah Core : 4 Core
Jumlah Core Terpakai : 12 Core
Klasifikasi Kabel : Distribusi
Letak Kabel : Udara</value>
          </Data>
        </ExtendedData>
        <LineString>
          <tessellate>1</tessellate>
          <coordinates>
            100.430761,-0.276879,0
            100.429372,-0.276582,0
            100.431682,-0.27704,0
            100.432172,-0.277559,0
            100.432564,-0.277574,0
          </coordinates>
        </LineString>
      </Placemark>
      <Placemark>
        <name/>
        <description><![CDATA[nama: 4 Core Ampang Kaluak<br>deskripsi: Jumlah Core : 4 Core<br>Jumlah Core Terpakai : 2 Core<br>Klasifikasi Kabel : Distribusi<br>Letak Kabel : Udara]]></description>
        <styleUrl>#line-000000-1200</styleUrl>
        <ExtendedData>
          <Data name="nama">
            <value>4 Core Ampang Kaluak</value>
          </Data>
          <Data name="deskripsi">
            <value>Jumlah Core : 4 Core
Jumlah Core Terpakai : 2 Core
Klasifikasi Kabel : Distribusi
Letak Kabel : Udara</value>
          </Data>
        </ExtendedData>
        <LineString>
          <tessellate>1</tessellate>
          <coordinates>
            100.432198,-0.278747,0
            100.432322,-0.278763,0
            100.433125,-0.279397,0
            100.43363,-0.280176,0
            100.434347,-0.2804,0
            100.434765,-0.280302,0
            100.435334,-0.279821,0
            100.435455,-0.279555,0
          </coordinates>
        </LineString>
      </Placemark>
      <Placemark>
        <name/>
        <description><![CDATA[nama: 4 Core Kubu Tangah Sawah<br>deskripsi: Jumlah Core : 4 Core<br>Jumlah Core Terpakai : 2 Core<br>Klasifikasi Kabel : Distribusi<br>Letak Kabel : Udara]]></description>
        <styleUrl>#line-000000-1200</styleUrl>
        <ExtendedData>
          <Data name="nama">
            <value>4 Core Kubu Tangah Sawah</value>
          </Data>
          <Data name="deskripsi">
            <value>Jumlah Core : 4 Core
Jumlah Core Terpakai : 2 Core
Klasifikasi Kabel : Distribusi
Letak Kabel : Udara</value>
          </Data>
        </ExtendedData>
        <LineString>
          <tessellate>1</tessellate>
          <coordinates>
            100.43302,-0.273815,0
            100.433129,-0.272841,0
            100.431851,-0.273386,0
            100.430205,-0.273614,0
            100.429962,-0.272488,0
          </coordinates>
        </LineString>
      </Placemark>
      <Placemark>
        <name/>
        <description><![CDATA[nama: 4 Core Surau Labuah<br>deskripsi: Jumlah Core : 4 Core<br>Jumlah Core Terpakai : 2 Core<br>Klasifikasi Kabel : Distribusi<br>Letak Kabel : Udara]]></description>
        <styleUrl>#line-000000-1200</styleUrl>
        <ExtendedData>
          <Data name="nama">
            <value>4 Core Surau Labuah</value>
          </Data>
          <Data name="deskripsi">
            <value>Jumlah Core : 4 Core
Jumlah Core Terpakai : 2 Core
Klasifikasi Kabel : Distribusi
Letak Kabel : Udara</value>
          </Data>
        </ExtendedData>
        <LineString>
          <tessellate>1</tessellate>
          <coordinates>
            100.436009,-0.265287,0
            100.435216,-0.26526,0
            100.432874,-0.265765,0
            100.431925,-0.265863,0
            100.430874,-0.265946,0
          </coordinates>
        </LineString>
      </Placemark>
      <Placemark>
        <name/>
        <description><![CDATA[nama: 4 Core Gantiang<br>deskripsi: Jumlah Core : 4 Core<br>Jumlah Core Terpakai : 2 Core<br>Klasifikasi Kabel : Distribusi<br>Letak Kabel : Udara]]></description>
        <styleUrl>#line-000000-1200</styleUrl>
        <ExtendedData>
          <Data name="nama">
            <value>4 Core Gantiang</value>
          </Data>
          <Data name="deskripsi">
            <value>Jumlah Core : 4 Core
Jumlah Core Terpakai : 2 Core
Klasifikasi Kabel : Distribusi
Letak Kabel : Udara</value>
          </Data>
        </ExtendedData>
        <LineString>
          <tessellate>1</tessellate>
          <coordinates>
            100.432755,-0.276928,0
            100.432881,-0.276774,0
            100.435461,-0.27643,0
            100.43703,-0.276082,0
            100.437154,-0.276424,0
            100.437098,-0.27688,0
            100.437417,-0.277132,0
            100.437641,-0.278008,0
          </coordinates>
        </LineString>
      </Placemark>
      <Placemark>
        <name/>
        <description><![CDATA[nama: 4 Core Gantiang 2<br>deskripsi: Jumlah Core : 4 Core<br>Jumlah Core Terpakai : 1 Core<br>Klasifikasi Kabel : Distribusi<br>Letak Kabel : Udara]]></description>
        <styleUrl>#line-000000-1200</styleUrl>
        <ExtendedData>
          <Data name="nama">
            <value>4 Core Gantiang 2</value>
          </Data>
          <Data name="deskripsi">
            <value>Jumlah Core : 4 Core
Jumlah Core Terpakai : 1 Core
Klasifikasi Kabel : Distribusi
Letak Kabel : Udara</value>
          </Data>
        </ExtendedData>
        <LineString>
          <tessellate>1</tessellate>
          <coordinates>
            100.437012,-0.276092,0
            100.436911,-0.275496,0
            100.437002,-0.275066,0
            100.436485,-0.274149,0
          </coordinates>
        </LineString>
      </Placemark>
      <Placemark>
        <name/>
        <description><![CDATA[nama: ODP-NOC<br>deskripsi: ]]></description>
        <styleUrl>#icon-1899-0288D1</styleUrl>
        <ExtendedData>
          <Data name="nama">
            <value>ODP-NOC</value>
          </Data>
          <Data name="deskripsi">
            <value/>
          </Data>
        </ExtendedData>
        <Point>
          <coordinates>
            100.430363,-0.284877,0
          </coordinates>
        </Point>
      </Placemark>
      <Placemark>
        <name/>
        <description><![CDATA[nama: E1-ODP0<br>deskripsi: ]]></description>
        <styleUrl>#icon-1899-0288D1</styleUrl>
        <ExtendedData>
          <Data name="nama">
            <value>E1-ODP0</value>
          </Data>
          <Data name="deskripsi">
            <value/>
          </Data>
        </ExtendedData>
        <Point>
          <coordinates>
            100.432863,-0.27559,0
          </coordinates>
        </Point>
      </Placemark>
      <Placemark>
        <name/>
        <description><![CDATA[nama: E1-ODP1<br>deskripsi: ]]></description>
        <styleUrl>#icon-1899-0288D1</styleUrl>
        <ExtendedData>
          <Data name="nama">
            <value>E1-ODP1</value>
          </Data>
          <Data name="deskripsi">
            <value/>
          </Data>
        </ExtendedData>
        <Point>
          <coordinates>
            100.432992,-0.273866,0
          </coordinates>
        </Point>
      </Placemark>
      <Placemark>
        <name/>
        <description><![CDATA[nama: E1-ODP2<br>deskripsi: ]]></description>
        <styleUrl>#icon-1899-0288D1</styleUrl>
        <ExtendedData>
          <Data name="nama">
            <value>E1-ODP2</value>
          </Data>
          <Data name="deskripsi">
            <value/>
          </Data>
        </ExtendedData>
        <Point>
          <coordinates>
            100.433615,-0.271126,0
          </coordinates>
        </Point>
      </Placemark>
      <Placemark>
        <name/>
        <description><![CDATA[nama: E1-ODP3<br>deskripsi: ]]></description>
        <styleUrl>#icon-1899-0288D1</styleUrl>
        <ExtendedData>
          <Data name="nama">
            <value>E1-ODP3</value>
          </Data>
          <Data name="deskripsi">
            <value/>
          </Data>
        </ExtendedData>
        <Point>
          <coordinates>
            100.432559,-0.277664,0
          </coordinates>
        </Point>
      </Placemark>
      <Placemark>
        <name/>
        <description><![CDATA[nama: E1-ODP4<br>deskripsi: ]]></description>
        <styleUrl>#icon-1899-0288D1</styleUrl>
        <ExtendedData>
          <Data name="nama">
            <value>E1-ODP4</value>
          </Data>
          <Data name="deskripsi">
            <value/>
          </Data>
        </ExtendedData>
        <Point>
          <coordinates>
            100.43419,-0.269366,0
          </coordinates>
        </Point>
      </Placemark>
      <Placemark>
        <name/>
        <description><![CDATA[nama: E1-ODP5<br>deskripsi: ]]></description>
        <styleUrl>#icon-1899-0288D1</styleUrl>
        <ExtendedData>
          <Data name="nama">
            <value>E1-ODP5</value>
          </Data>
          <Data name="deskripsi">
            <value/>
          </Data>
        </ExtendedData>
        <Point>
          <coordinates>
            100.431879,-0.279766,0
          </coordinates>
        </Point>
      </Placemark>
      <Placemark>
        <name/>
        <description><![CDATA[nama: E1-ODP6<br>deskripsi: ]]></description>
        <styleUrl>#icon-1899-0288D1</styleUrl>
        <ExtendedData>
          <Data name="nama">
            <value>E1-ODP6</value>
          </Data>
          <Data name="deskripsi">
            <value/>
          </Data>
        </ExtendedData>
        <Point>
          <coordinates>
            100.430756,-0.276889,0
          </coordinates>
        </Point>
      </Placemark>
      <Placemark>
        <name/>
        <description><![CDATA[nama: E1-ODP7<br>deskripsi: ]]></description>
        <styleUrl>#icon-1899-0288D1</styleUrl>
        <ExtendedData>
          <Data name="nama">
            <value>E1-ODP7</value>
          </Data>
          <Data name="deskripsi">
            <value/>
          </Data>
        </ExtendedData>
        <Point>
          <coordinates>
            100.429373,-0.276584,0
          </coordinates>
        </Point>
      </Placemark>
      <Placemark>
        <name/>
        <description><![CDATA[nama: E1-ODP8<br>deskripsi: ]]></description>
        <styleUrl>#icon-1899-0288D1</styleUrl>
        <ExtendedData>
          <Data name="nama">
            <value>E1-ODP8</value>
          </Data>
          <Data name="deskripsi">
            <value/>
          </Data>
        </ExtendedData>
        <Point>
          <coordinates>
            100.431789,-0.273398,0
          </coordinates>
        </Point>
      </Placemark>
      <Placemark>
        <name/>
        <description><![CDATA[nama: E1-ODP9<br>deskripsi: ]]></description>
        <styleUrl>#icon-1899-0288D1</styleUrl>
        <ExtendedData>
          <Data name="nama">
            <value>E1-ODP9</value>
          </Data>
          <Data name="deskripsi">
            <value/>
          </Data>
        </ExtendedData>
        <Point>
          <coordinates>
            100.430216,-0.273633,0
          </coordinates>
        </Point>
      </Placemark>
      <Placemark>
        <name/>
        <description><![CDATA[nama: E1-ODP10<br>deskripsi: ]]></description>
        <styleUrl>#icon-1899-0288D1</styleUrl>
        <ExtendedData>
          <Data name="nama">
            <value>E1-ODP10</value>
          </Data>
          <Data name="deskripsi">
            <value/>
          </Data>
        </ExtendedData>
        <Point>
          <coordinates>
            100.429951,-0.272477,0
          </coordinates>
        </Point>
      </Placemark>
      <Placemark>
        <name/>
        <description><![CDATA[nama: E1-ODP11<br>deskripsi: ]]></description>
        <styleUrl>#icon-1899-0288D1</styleUrl>
        <ExtendedData>
          <Data name="nama">
            <value>E1-ODP11</value>
          </Data>
          <Data name="deskripsi">
            <value/>
          </Data>
        </ExtendedData>
        <Point>
          <coordinates>
            100.435334,-0.272181,0
          </coordinates>
        </Point>
      </Placemark>
      <Placemark>
        <name/>
        <description><![CDATA[nama: E2-ODP0<br>deskripsi: ]]></description>
        <styleUrl>#icon-1899-0288D1</styleUrl>
        <ExtendedData>
          <Data name="nama">
            <value>E2-ODP0</value>
          </Data>
          <Data name="deskripsi">
            <value/>
          </Data>
        </ExtendedData>
        <Point>
          <coordinates>
            100.432768,-0.276975,0
          </coordinates>
        </Point>
      </Placemark>
      <Placemark>
        <name/>
        <description><![CDATA[nama: E2-ODP1<br>deskripsi: ]]></description>
        <styleUrl>#icon-1899-0288D1</styleUrl>
        <ExtendedData>
          <Data name="nama">
            <value>E2-ODP1</value>
          </Data>
          <Data name="deskripsi">
            <value/>
          </Data>
        </ExtendedData>
        <Point>
          <coordinates>
            100.435443,-0.276406,0
          </coordinates>
        </Point>
      </Placemark>
      <Placemark>
        <name/>
        <description><![CDATA[nama: E2-ODP2<br>deskripsi: ]]></description>
        <styleUrl>#icon-1899-0288D1</styleUrl>
        <ExtendedData>
          <Data name="nama">
            <value>E2-ODP2</value>
          </Data>
          <Data name="deskripsi">
            <value/>
          </Data>
        </ExtendedData>
        <Point>
          <coordinates>
            100.436997,-0.27611,0
          </coordinates>
        </Point>
      </Placemark>
      <Placemark>
        <name/>
        <description><![CDATA[nama: E2-ODP3<br>deskripsi: ]]></description>
        <styleUrl>#icon-1899-0288D1</styleUrl>
        <ExtendedData>
          <Data name="nama">
            <value>E2-ODP3</value>
          </Data>
          <Data name="deskripsi">
            <value/>
          </Data>
        </ExtendedData>
        <Point>
          <coordinates>
            100.437649,-0.278022,0
          </coordinates>
        </Point>
      </Placemark>
      <Placemark>
        <name/>
        <description><![CDATA[nama: E2-ODP4<br>deskripsi: ]]></description>
        <styleUrl>#icon-1899-0288D1</styleUrl>
        <ExtendedData>
          <Data name="nama">
            <value>E2-ODP4</value>
          </Data>
          <Data name="deskripsi">
            <value/>
          </Data>
        </ExtendedData>
        <Point>
          <coordinates>
            100.432201,-0.278789,0
          </coordinates>
        </Point>
      </Placemark>
      <Placemark>
        <name/>
        <description><![CDATA[nama: E2-ODP5<br>deskripsi: ]]></description>
        <styleUrl>#icon-1899-0288D1</styleUrl>
        <ExtendedData>
          <Data name="nama">
            <value>E2-ODP5</value>
          </Data>
          <Data name="deskripsi">
            <value/>
          </Data>
        </ExtendedData>
        <Point>
          <coordinates>
            100.433639,-0.28019,0
          </coordinates>
        </Point>
      </Placemark>
      <Placemark>
        <name/>
        <description><![CDATA[nama: E2-ODP6<br>deskripsi: ]]></description>
        <styleUrl>#icon-1899-0288D1</styleUrl>
        <ExtendedData>
          <Data name="nama">
            <value>E2-ODP6</value>
          </Data>
          <Data name="deskripsi">
            <value/>
          </Data>
        </ExtendedData>
        <Point>
          <coordinates>
            100.435453,-0.279571,0
          </coordinates>
        </Point>
      </Placemark>
      <Placemark>
        <name/>
        <description><![CDATA[nama: E2-ODP7<br>deskripsi: ]]></description>
        <styleUrl>#icon-1899-0288D1</styleUrl>
        <ExtendedData>
          <Data name="nama">
            <value>E2-ODP7</value>
          </Data>
          <Data name="deskripsi">
            <value/>
          </Data>
        </ExtendedData>
        <Point>
          <coordinates>
            100.436459,-0.274207,0
          </coordinates>
        </Point>
      </Placemark>
      <Placemark>
        <name/>
        <description><![CDATA[nama: E6-ODP0<br>deskripsi: ]]></description>
        <styleUrl>#icon-1899-0288D1</styleUrl>
        <ExtendedData>
          <Data name="nama">
            <value>E6-ODP0</value>
          </Data>
          <Data name="deskripsi">
            <value/>
          </Data>
        </ExtendedData>
        <Point>
          <coordinates>
            100.435809,-0.265732,0
          </coordinates>
        </Point>
      </Placemark>
      <Placemark>
        <name/>
        <description><![CDATA[nama: E6-ODP1<br>deskripsi: ]]></description>
        <styleUrl>#icon-1899-0288D1</styleUrl>
        <ExtendedData>
          <Data name="nama">
            <value>E6-ODP1</value>
          </Data>
          <Data name="deskripsi">
            <value/>
          </Data>
        </ExtendedData>
        <Point>
          <coordinates>
            100.432881,-0.265744,0
          </coordinates>
        </Point>
      </Placemark>
      <Placemark>
        <name/>
        <description><![CDATA[nama: E6-ODP2<br>deskripsi: ]]></description>
        <styleUrl>#icon-1899-0288D1</styleUrl>
        <ExtendedData>
          <Data name="nama">
            <value>E6-ODP2</value>
          </Data>
          <Data name="deskripsi">
            <value/>
          </Data>
        </ExtendedData>
        <Point>
          <coordinates>
            100.430881,-0.265935,0
          </coordinates>
        </Point>
      </Placemark>
      <Placemark>
        <name/>
        <description><![CDATA[nama: E6-ODP3<br>deskripsi: ]]></description>
        <styleUrl>#icon-1899-0288D1</styleUrl>
        <ExtendedData>
          <Data name="nama">
            <value>E6-ODP3</value>
          </Data>
          <Data name="deskripsi">
            <value/>
          </Data>
        </ExtendedData>
        <Point>
          <coordinates>
            100.437428,-0.265435,0
          </coordinates>
        </Point>
      </Placemark>
      <Placemark>
        <name/>
        <description><![CDATA[nama: E6-ODP4<br>deskripsi: ]]></description>
        <styleUrl>#icon-1899-0288D1</styleUrl>
        <ExtendedData>
          <Data name="nama">
            <value>E6-ODP4</value>
          </Data>
          <Data name="deskripsi">
            <value/>
          </Data>
        </ExtendedData>
        <Point>
          <coordinates>
            100.438579,-0.268311,0
          </coordinates>
        </Point>
      </Placemark>
      <Placemark>
        <name/>
        <description><![CDATA[nama: E7-ODP0<br>deskripsi: ]]></description>
        <styleUrl>#icon-1899-0288D1</styleUrl>
        <ExtendedData>
          <Data name="nama">
            <value>E7-ODP0</value>
          </Data>
          <Data name="deskripsi">
            <value/>
          </Data>
        </ExtendedData>
        <Point>
          <coordinates>
            100.438408,-0.259869,0
          </coordinates>
        </Point>
      </Placemark>
      <Placemark>
        <name/>
        <description><![CDATA[nama: E7-ODP1<br>deskripsi: ]]></description>
        <styleUrl>#icon-1899-0288D1</styleUrl>
        <ExtendedData>
          <Data name="nama">
            <value>E7-ODP1</value>
          </Data>
          <Data name="deskripsi">
            <value/>
          </Data>
        </ExtendedData>
        <Point>
          <coordinates>
            100.437646,-0.261993,0
          </coordinates>
        </Point>
      </Placemark>
      <Placemark>
        <name/>
        <description><![CDATA[nama: E7-ODP2<br>deskripsi: ]]></description>
        <styleUrl>#icon-1899-0288D1</styleUrl>
        <ExtendedData>
          <Data name="nama">
            <value>E7-ODP2</value>
          </Data>
          <Data name="deskripsi">
            <value/>
          </Data>
        </ExtendedData>
        <Point>
          <coordinates>
            100.438201,-0.260474,0
          </coordinates>
        </Point>
      </Placemark>
      <Placemark>
        <name/>
        <description><![CDATA[nama: E8-ODP0<br>deskripsi: ]]></description>
        <styleUrl>#icon-1899-0288D1</styleUrl>
        <ExtendedData>
          <Data name="nama">
            <value>E8-ODP0</value>
          </Data>
          <Data name="deskripsi">
            <value/>
          </Data>
        </ExtendedData>
        <Point>
          <coordinates>
            100.441716,-0.27266,0
          </coordinates>
        </Point>
      </Placemark>
      <Placemark>
        <name/>
        <description><![CDATA[nama: E8-ODP1<br>deskripsi: ]]></description>
        <styleUrl>#icon-1899-0288D1</styleUrl>
        <ExtendedData>
          <Data name="nama">
            <value>E8-ODP1</value>
          </Data>
          <Data name="deskripsi">
            <value/>
          </Data>
        </ExtendedData>
        <Point>
          <coordinates>
            100.441633,-0.274414,0
          </coordinates>
        </Point>
      </Placemark>
      <Placemark>
        <name/>
        <description><![CDATA[nama: E8-ODP2<br>deskripsi: ]]></description>
        <styleUrl>#icon-1899-0288D1</styleUrl>
        <ExtendedData>
          <Data name="nama">
            <value>E8-ODP2</value>
          </Data>
          <Data name="deskripsi">
            <value/>
          </Data>
        </ExtendedData>
        <Point>
          <coordinates>
            100.441445,-0.275447,0
          </coordinates>
        </Point>
      </Placemark>
      <Placemark>
        <name/>
        <description><![CDATA[nama: E8-ODP3<br>deskripsi: ]]></description>
        <styleUrl>#icon-1899-0288D1</styleUrl>
        <ExtendedData>
          <Data name="nama">
            <value>E8-ODP3</value>
          </Data>
          <Data name="deskripsi">
            <value/>
          </Data>
        </ExtendedData>
        <Point>
          <coordinates>
            100.440792,-0.271546,0
          </coordinates>
        </Point>
      </Placemark>
      <Placemark>
        <name/>
        <description><![CDATA[nama: E8-ODP4<br>deskripsi: ]]></description>
        <styleUrl>#icon-1899-0288D1</styleUrl>
        <ExtendedData>
          <Data name="nama">
            <value>E8-ODP4</value>
          </Data>
          <Data name="deskripsi">
            <value/>
          </Data>
        </ExtendedData>
        <Point>
          <coordinates>
            100.439005,-0.271979,0
          </coordinates>
        </Point>
      </Placemark>
      <Placemark>
        <name/>
        <description><![CDATA[nama: E9-ODP0<br>deskripsi: ]]></description>
        <styleUrl>#icon-1899-0288D1</styleUrl>
        <ExtendedData>
          <Data name="nama">
            <value>E9-ODP0</value>
          </Data>
          <Data name="deskripsi">
            <value/>
          </Data>
        </ExtendedData>
        <Point>
          <coordinates>
            100.44346,-0.267806,0
          </coordinates>
        </Point>
      </Placemark>
      <Placemark>
        <name/>
        <description><![CDATA[nama: E9-ODP1<br>deskripsi: ]]></description>
        <styleUrl>#icon-1899-0288D1</styleUrl>
        <ExtendedData>
          <Data name="nama">
            <value>E9-ODP1</value>
          </Data>
          <Data name="deskripsi">
            <value/>
          </Data>
        </ExtendedData>
        <Point>
          <coordinates>
            100.440651,-0.265222,0
          </coordinates>
        </Point>
      </Placemark>
      <Placemark>
        <name/>
        <description><![CDATA[nama: E9-ODP2<br>deskripsi: ]]></description>
        <styleUrl>#icon-1899-0288D1</styleUrl>
        <ExtendedData>
          <Data name="nama">
            <value>E9-ODP2</value>
          </Data>
          <Data name="deskripsi">
            <value/>
          </Data>
        </ExtendedData>
        <Point>
          <coordinates>
            100.445214,-0.269362,0
          </coordinates>
        </Point>
      </Placemark>
      <Placemark>
        <name/>
        <description><![CDATA[nama: E9-ODP3<br>deskripsi: ]]></description>
        <styleUrl>#icon-1899-0288D1</styleUrl>
        <ExtendedData>
          <Data name="nama">
            <value>E9-ODP3</value>
          </Data>
          <Data name="deskripsi">
            <value/>
          </Data>
        </ExtendedData>
        <Point>
          <coordinates>
            100.445384,-0.272413,0
          </coordinates>
        </Point>
      </Placemark>
      <Placemark>
        <name/>
        <description><![CDATA[nama: Path Measure<br>deskripsi: ]]></description>
        <styleUrl>#line-000000-1200</styleUrl>
        <ExtendedData>
          <Data name="nama">
            <value>Path Measure</value>
          </Data>
          <Data name="deskripsi">
            <value/>
          </Data>
        </ExtendedData>
        <LineString>
          <tessellate>1</tessellate>
          <coordinates>
            100.441751,-0.271707,0
            100.44079,-0.271526,0
            100.439777,-0.271787,0
            100.439022,-0.271955,0
          </coordinates>
        </LineString>
      </Placemark>
      <Placemark>
        <name/>
        <description><![CDATA[nama: Path Measure<br>deskripsi: ]]></description>
        <styleUrl>#line-000000-1200</styleUrl>
        <ExtendedData>
          <Data name="nama">
            <value>Path Measure</value>
          </Data>
          <Data name="deskripsi">
            <value/>
          </Data>
        </ExtendedData>
        <LineString>
          <tessellate>1</tessellate>
          <coordinates>
            100.435992,-0.265273,0
            100.436421,-0.265495,0
            100.437418,-0.265408,0
            100.438364,-0.265178,0
            100.438936,-0.264763,0
            100.439495,-0.265007,0
            100.440144,-0.26527,0
            100.440561,-0.26524,0
            100.440854,-0.265127,0
            100.441608,-0.26566,0
            100.443461,-0.267717,0
            100.443573,-0.26847,0
            100.443538,-0.269019,0
            100.443535,-0.269213,0
            100.443229,-0.2695,0
            100.44305,-0.269555,0
            100.443072,-0.269715,0
            100.443194,-0.269901,0
            100.443249,-0.270118,0
            100.442286,-0.27043,0
            100.441953,-0.271165,0
            100.441755,-0.271322,0
            100.441752,-0.271647,0
            100.441594,-0.274665,0
            100.441425,-0.275466,0
          </coordinates>
        </LineString>
      </Placemark>
      <Placemark>
        <name/>
        <description><![CDATA[nama: Path Measure<br>deskripsi: ]]></description>
        <styleUrl>#line-000000-1200</styleUrl>
        <ExtendedData>
          <Data name="nama">
            <value>Path Measure</value>
          </Data>
          <Data name="deskripsi">
            <value/>
          </Data>
        </ExtendedData>
        <LineString>
          <tessellate>1</tessellate>
          <coordinates>
            100.443527,-0.269165,0
            100.443983,-0.269178,0
            100.44431,-0.269425,0
            100.444685,-0.269493,0
            100.445215,-0.26935,0
            100.445446,-0.269333,0
            100.445232,-0.269833,0
            100.445149,-0.270035,0
            100.445275,-0.270311,0
            100.445329,-0.270995,0
            100.445379,-0.272392,0
          </coordinates>
        </LineString>
      </Placemark>
      <Placemark>
        <name/>
        <description><![CDATA[nama: Path Measure<br>deskripsi: ]]></description>
        <styleUrl>#line-000000-1200</styleUrl>
        <ExtendedData>
          <Data name="nama">
            <value>Path Measure</value>
          </Data>
          <Data name="deskripsi">
            <value/>
          </Data>
        </ExtendedData>
        <LineString>
          <tessellate>1</tessellate>
          <coordinates>
            100.437395,-0.265422,0
            100.437694,-0.266787,0
            100.437889,-0.26713,0
            100.437988,-0.267503,0
            100.438699,-0.268027,0
            100.438585,-0.268356,0
          </coordinates>
        </LineString>
      </Placemark>
      <Placemark>
        <name/>
        <description><![CDATA[nama: Path Measure<br>deskripsi: ]]></description>
        <styleUrl>#line-000000-1200</styleUrl>
        <ExtendedData>
          <Data name="nama">
            <value>Path Measure</value>
          </Data>
          <Data name="deskripsi">
            <value/>
          </Data>
        </ExtendedData>
        <LineString>
          <tessellate>1</tessellate>
          <coordinates>
            100.432995,-0.273828,0
            100.433141,-0.272831,0
            100.435338,-0.272175,0
          </coordinates>
        </LineString>
      </Placemark>
      <Placemark>
        <name/>
        <description><![CDATA[nama: 48 Core Tanjung Alam<br>deskripsi: Jumlah Core : 48 Core<br>Jumlah Core Terpakai : 24 Core<br>Klasifikasi Kabel : Backbone<br>Letak Kabel : Udara]]></description>
        <styleUrl>#line-000000-1200</styleUrl>
        <ExtendedData>
          <Data name="nama">
            <value>48 Core Tanjung Alam</value>
          </Data>
          <Data name="deskripsi">
            <value>Jumlah Core : 48 Core
Jumlah Core Terpakai : 24 Core
Klasifikasi Kabel : Backbone
Letak Kabel : Udara</value>
          </Data>
        </ExtendedData>
        <LineString>
          <tessellate>1</tessellate>
          <coordinates>
            100.430266,-0.284875,0
            100.429664,-0.284713,0
            100.428848,-0.284436,0
            100.427961,-0.284208,0
            100.426954,-0.283896,0
            100.425209,-0.282458,0
            100.422487,-0.280113,0
            100.420543,-0.28162,0
            100.419786,-0.28262,0
            100.419452,-0.283026,0
            100.418985,-0.283243,0
            100.417744,-0.283828,0
            100.416695,-0.284366,0
            100.415459,-0.284964,0
            100.4153,-0.285482,0
            100.414491,-0.285813,0
            100.414063,-0.285657,0
            100.413223,-0.284997,0
            100.412008,-0.284471,0
            100.411764,-0.284383,0
            100.411449,-0.283856,0
            100.410695,-0.283637,0
            100.409112,-0.283257,0
            100.409039,-0.285299,0
            100.409062,-0.28663,0
            100.409048,-0.28878,0
            100.409113,-0.290796,0
            100.409184,-0.292087,0
            100.409329,-0.292986,0
          </coordinates>
        </LineString>
      </Placemark>
      <Placemark>
        <name/>
        <description><![CDATA[nama: 24 Core Kapau<br>deskripsi: Jumlah Core : 24 Core<br>Jumlah Core Terpakai : 6 Core<br>Klasifikasi Kabel : Backbone<br>Letak Kabel : Udara]]></description>
        <styleUrl>#line-000000-1200</styleUrl>
        <ExtendedData>
          <Data name="nama">
            <value>24 Core Kapau</value>
          </Data>
          <Data name="deskripsi">
            <value>Jumlah Core : 24 Core
Jumlah Core Terpakai : 6 Core
Klasifikasi Kabel : Backbone
Letak Kabel : Udara</value>
          </Data>
        </ExtendedData>
        <LineString>
          <tessellate>1</tessellate>
          <coordinates>
            100.409126,-0.283262,0
            100.409335,-0.281028,0
            100.40963,-0.279089,0
            100.409718,-0.278263,0
            100.409732,-0.277405,0
            100.409382,-0.276245,0
            100.408855,-0.274266,0
            100.408196,-0.272626,0
          </coordinates>
        </LineString>
      </Placemark>
      <Placemark>
        <name/>
        <description><![CDATA[nama: 12 Core Tj Bungo<br>deskripsi: Jumlah Core : 12 Core<br>Jumlah Core Terpakai : 6 Core<br>Klasifikasi Kabel : Distribusi<br>Letak Kabel : Udara]]></description>
        <styleUrl>#line-000000-1200</styleUrl>
        <ExtendedData>
          <Data name="nama">
            <value>12 Core Tj Bungo</value>
          </Data>
          <Data name="deskripsi">
            <value>Jumlah Core : 12 Core
Jumlah Core Terpakai : 6 Core
Klasifikasi Kabel : Distribusi
Letak Kabel : Udara</value>
          </Data>
        </ExtendedData>
        <LineString>
          <tessellate>1</tessellate>
          <coordinates>
            100.40927,-0.292411,0
            100.409371,-0.292953,0
            100.410902,-0.292634,0
            100.412208,-0.292326,0
            100.414758,-0.29187,0
            100.41612,-0.291574,0
          </coordinates>
        </LineString>
      </Placemark>
      <Placemark>
        <name/>
        <description><![CDATA[nama: 4 Core Pilubang<br>deskripsi: Jumlah Core : 4 Core<br>Jumlah Core Terpakai : 4 Core<br>Klasifikasi Kabel : Distribusi<br>Letak Kabel : Udara]]></description>
        <styleUrl>#line-000000-1200</styleUrl>
        <ExtendedData>
          <Data name="nama">
            <value>4 Core Pilubang</value>
          </Data>
          <Data name="deskripsi">
            <value>Jumlah Core : 4 Core
Jumlah Core Terpakai : 4 Core
Klasifikasi Kabel : Distribusi
Letak Kabel : Udara</value>
          </Data>
        </ExtendedData>
        <LineString>
          <tessellate>1</tessellate>
          <coordinates>
            100.409121,-0.290723,0
            100.407608,-0.290696,0
            100.406859,-0.290763,0
            100.40546,-0.29048,0
            100.40483,-0.290424,0
            100.403517,-0.290259,0
            100.402751,-0.290331,0
            100.40098,-0.289965,0
            100.401336,-0.288812,0
            100.400938,-0.287476,0
            100.401019,-0.286311,0
            100.40093,-0.285924,0
            100.401009,-0.284928,0
            100.402211,-0.284732,0
          </coordinates>
        </LineString>
      </Placemark>
      <Placemark>
        <name/>
        <description><![CDATA[nama: 4 Core Pilubang 2<br>deskripsi: Jumlah Core : 4 Core<br>Jumlah Core Terpakai : 1 Core<br>Klasifikasi Kabel : Distribusi<br>Letak Kabel : Udara]]></description>
        <styleUrl>#line-000000-1200</styleUrl>
        <ExtendedData>
          <Data name="nama">
            <value>4 Core Pilubang 2</value>
          </Data>
          <Data name="deskripsi">
            <value>Jumlah Core : 4 Core
Jumlah Core Terpakai : 1 Core
Klasifikasi Kabel : Distribusi
Letak Kabel : Udara</value>
          </Data>
        </ExtendedData>
        <LineString>
          <tessellate>1</tessellate>
          <coordinates>
            100.401019,-0.286321,0
            100.401381,-0.286508,0
            100.40195,-0.286546,0
            100.402638,-0.286577,0
            100.403138,-0.286496,0
            100.403369,-0.286522,0
          </coordinates>
        </LineString>
      </Placemark>
      <Placemark>
        <name/>
        <description><![CDATA[nama: 4 Core Pilubang 3<br>deskripsi: Jumlah Core : 4 Core<br>Jumlah Core Terpakai : 3 Core<br>Klasifikasi Kabel : Distribusi<br>Letak Kabel : Udara]]></description>
        <styleUrl>#line-000000-1200</styleUrl>
        <ExtendedData>
          <Data name="nama">
            <value>4 Core Pilubang 3</value>
          </Data>
          <Data name="deskripsi">
            <value>Jumlah Core : 4 Core
Jumlah Core Terpakai : 3 Core
Klasifikasi Kabel : Distribusi
Letak Kabel : Udara</value>
          </Data>
        </ExtendedData>
        <LineString>
          <tessellate>1</tessellate>
          <coordinates>
            100.40932,-0.280995,0
            100.408529,-0.280905,0
            100.407065,-0.280873,0
            100.404626,-0.280581,0
            100.404282,-0.280566,0
            100.404166,-0.280903,0
            100.404408,-0.281695,0
            100.404482,-0.282334,0
            100.403708,-0.282342,0
          </coordinates>
        </LineString>
      </Placemark>
      <Placemark>
        <name/>
        <description><![CDATA[nama: G21-ODP1<br>deskripsi: ]]></description>
        <styleUrl>#icon-1899-0288D1</styleUrl>
        <ExtendedData>
          <Data name="nama">
            <value>G21-ODP1</value>
          </Data>
          <Data name="deskripsi">
            <value/>
          </Data>
        </ExtendedData>
        <Point>
          <coordinates>
            100.40911,-0.283292,0
          </coordinates>
        </Point>
      </Placemark>
      <Placemark>
        <name/>
        <description><![CDATA[nama: G21-ODP2<br>deskripsi: ]]></description>
        <styleUrl>#icon-1899-0288D1</styleUrl>
        <ExtendedData>
          <Data name="nama">
            <value>G21-ODP2</value>
          </Data>
          <Data name="deskripsi">
            <value/>
          </Data>
        </ExtendedData>
        <Point>
          <coordinates>
            100.409564,-0.279486,0
          </coordinates>
        </Point>
      </Placemark>
      <Placemark>
        <name/>
        <description><![CDATA[nama: G21-ODP3<br>deskripsi: ]]></description>
        <styleUrl>#icon-1899-0288D1</styleUrl>
        <ExtendedData>
          <Data name="nama">
            <value>G21-ODP3</value>
          </Data>
          <Data name="deskripsi">
            <value/>
          </Data>
        </ExtendedData>
        <Point>
          <coordinates>
            100.409048,-0.286624,0
          </coordinates>
        </Point>
      </Placemark>
      <Placemark>
        <name/>
        <description><![CDATA[nama: G22-ODP1<br>deskripsi: ]]></description>
        <styleUrl>#icon-1899-0288D1</styleUrl>
        <ExtendedData>
          <Data name="nama">
            <value>G22-ODP1</value>
          </Data>
          <Data name="deskripsi">
            <value/>
          </Data>
        </ExtendedData>
        <Point>
          <coordinates>
            100.409677,-0.292851,0
          </coordinates>
        </Point>
      </Placemark>
      <Placemark>
        <name/>
        <description><![CDATA[nama: G22-ODP2<br>deskripsi: ]]></description>
        <styleUrl>#icon-1899-0288D1</styleUrl>
        <ExtendedData>
          <Data name="nama">
            <value>G22-ODP2</value>
          </Data>
          <Data name="deskripsi">
            <value/>
          </Data>
        </ExtendedData>
        <Point>
          <coordinates>
            100.410781,-0.292669,0
          </coordinates>
        </Point>
      </Placemark>
      <Placemark>
        <name/>
        <description><![CDATA[nama: G22-ODP3<br>deskripsi: ]]></description>
        <styleUrl>#icon-1899-0288D1</styleUrl>
        <ExtendedData>
          <Data name="nama">
            <value>G22-ODP3</value>
          </Data>
          <Data name="deskripsi">
            <value/>
          </Data>
        </ExtendedData>
        <Point>
          <coordinates>
            100.41387,-0.292017,0
          </coordinates>
        </Point>
      </Placemark>
      <Placemark>
        <name/>
        <description><![CDATA[nama: G22-ODP4<br>deskripsi: ]]></description>
        <styleUrl>#icon-1899-0288D1</styleUrl>
        <ExtendedData>
          <Data name="nama">
            <value>G22-ODP4</value>
          </Data>
          <Data name="deskripsi">
            <value/>
          </Data>
        </ExtendedData>
        <Point>
          <coordinates>
            100.414699,-0.291862,0
          </coordinates>
        </Point>
      </Placemark>
      <Placemark>
        <name/>
        <description><![CDATA[nama: G22-ODP5<br>deskripsi: ]]></description>
        <styleUrl>#icon-1899-0288D1</styleUrl>
        <ExtendedData>
          <Data name="nama">
            <value>G22-ODP5</value>
          </Data>
          <Data name="deskripsi">
            <value/>
          </Data>
        </ExtendedData>
        <Point>
          <coordinates>
            100.416096,-0.29157,0
          </coordinates>
        </Point>
      </Placemark>
      <Placemark>
        <name/>
        <description><![CDATA[nama: G22-ODP6<br>deskripsi: ]]></description>
        <styleUrl>#icon-1899-0288D1</styleUrl>
        <ExtendedData>
          <Data name="nama">
            <value>G22-ODP6</value>
          </Data>
          <Data name="deskripsi">
            <value/>
          </Data>
        </ExtendedData>
        <Point>
          <coordinates>
            100.409063,-0.289423,0
          </coordinates>
        </Point>
      </Placemark>
      <Placemark>
        <name/>
        <description><![CDATA[nama: G22-ODP7<br>deskripsi: ]]></description>
        <styleUrl>#icon-1899-0288D1</styleUrl>
        <ExtendedData>
          <Data name="nama">
            <value>G22-ODP7</value>
          </Data>
          <Data name="deskripsi">
            <value/>
          </Data>
        </ExtendedData>
        <Point>
          <coordinates>
            100.409116,-0.290789,0
          </coordinates>
        </Point>
      </Placemark>
      <Placemark>
        <name/>
        <description><![CDATA[nama: G22-ODP8<br>deskripsi: ]]></description>
        <styleUrl>#icon-1899-0288D1</styleUrl>
        <ExtendedData>
          <Data name="nama">
            <value>G22-ODP8</value>
          </Data>
          <Data name="deskripsi">
            <value/>
          </Data>
        </ExtendedData>
        <Point>
          <coordinates>
            100.40925,-0.292433,0
          </coordinates>
        </Point>
      </Placemark>
      <Placemark>
        <name/>
        <description><![CDATA[nama: G23-ODP1<br>deskripsi: ]]></description>
        <styleUrl>#icon-1899-0288D1</styleUrl>
        <ExtendedData>
          <Data name="nama">
            <value>G23-ODP1</value>
          </Data>
          <Data name="deskripsi">
            <value/>
          </Data>
        </ExtendedData>
        <Point>
          <coordinates>
            100.404856,-0.290384,0
          </coordinates>
        </Point>
      </Placemark>
      <Placemark>
        <name/>
        <description><![CDATA[nama: G23-ODP2<br>deskripsi: ]]></description>
        <styleUrl>#icon-1899-0288D1</styleUrl>
        <ExtendedData>
          <Data name="nama">
            <value>G23-ODP2</value>
          </Data>
          <Data name="deskripsi">
            <value/>
          </Data>
        </ExtendedData>
        <Point>
          <coordinates>
            100.403533,-0.290253,0
          </coordinates>
        </Point>
      </Placemark>
      <Placemark>
        <name/>
        <description><![CDATA[nama: G23-ODP3<br>deskripsi: ]]></description>
        <styleUrl>#icon-1899-0288D1</styleUrl>
        <ExtendedData>
          <Data name="nama">
            <value>G23-ODP3</value>
          </Data>
          <Data name="deskripsi">
            <value/>
          </Data>
        </ExtendedData>
        <Point>
          <coordinates>
            100.400998,-0.28999,0
          </coordinates>
        </Point>
      </Placemark>
      <Placemark>
        <name/>
        <description><![CDATA[nama: G23-ODP4<br>deskripsi: ]]></description>
        <styleUrl>#icon-1899-0288D1</styleUrl>
        <ExtendedData>
          <Data name="nama">
            <value>G23-ODP4</value>
          </Data>
          <Data name="deskripsi">
            <value/>
          </Data>
        </ExtendedData>
        <Point>
          <coordinates>
            100.401026,-0.286357,0
          </coordinates>
        </Point>
      </Placemark>
      <Placemark>
        <name/>
        <description><![CDATA[nama: G23-ODP6<br>deskripsi: ]]></description>
        <styleUrl>#icon-1899-0288D1</styleUrl>
        <ExtendedData>
          <Data name="nama">
            <value>G23-ODP6</value>
          </Data>
          <Data name="deskripsi">
            <value/>
          </Data>
        </ExtendedData>
        <Point>
          <coordinates>
            100.401016,-0.284913,0
          </coordinates>
        </Point>
      </Placemark>
      <Placemark>
        <name/>
        <description><![CDATA[nama: G23-ODP5<br>deskripsi: ]]></description>
        <styleUrl>#icon-1899-0288D1</styleUrl>
        <ExtendedData>
          <Data name="nama">
            <value>G23-ODP5</value>
          </Data>
          <Data name="deskripsi">
            <value/>
          </Data>
        </ExtendedData>
        <Point>
          <coordinates>
            100.403361,-0.286498,0
          </coordinates>
        </Point>
      </Placemark>
      <Placemark>
        <name/>
        <description><![CDATA[nama: G23-ODP7<br>deskripsi: ]]></description>
        <styleUrl>#icon-1899-0288D1</styleUrl>
        <ExtendedData>
          <Data name="nama">
            <value>G23-ODP7</value>
          </Data>
          <Data name="deskripsi">
            <value/>
          </Data>
        </ExtendedData>
        <Point>
          <coordinates>
            100.402209,-0.2847,0
          </coordinates>
        </Point>
      </Placemark>
      <Placemark>
        <name/>
        <description><![CDATA[nama: G23-ODP8<br>deskripsi: ]]></description>
        <styleUrl>#icon-1899-0288D1</styleUrl>
        <ExtendedData>
          <Data name="nama">
            <value>G23-ODP8</value>
          </Data>
          <Data name="deskripsi">
            <value/>
          </Data>
        </ExtendedData>
        <Point>
          <coordinates>
            100.396696,-0.285019,0
          </coordinates>
        </Point>
      </Placemark>
      <Placemark>
        <name/>
        <description><![CDATA[nama: G24-ODP1<br>deskripsi: ]]></description>
        <styleUrl>#icon-1899-0288D1</styleUrl>
        <ExtendedData>
          <Data name="nama">
            <value>G24-ODP1</value>
          </Data>
          <Data name="deskripsi">
            <value/>
          </Data>
        </ExtendedData>
        <Point>
          <coordinates>
            100.409357,-0.280994,0
          </coordinates>
        </Point>
      </Placemark>
      <Placemark>
        <name/>
        <description><![CDATA[nama: G24-ODP2<br>deskripsi: ]]></description>
        <styleUrl>#icon-1899-0288D1</styleUrl>
        <ExtendedData>
          <Data name="nama">
            <value>G24-ODP2</value>
          </Data>
          <Data name="deskripsi">
            <value/>
          </Data>
        </ExtendedData>
        <Point>
          <coordinates>
            100.407064,-0.280854,0
          </coordinates>
        </Point>
      </Placemark>
      <Placemark>
        <name/>
        <description><![CDATA[nama: G24-ODP3<br>deskripsi: ]]></description>
        <styleUrl>#icon-1899-0288D1</styleUrl>
        <ExtendedData>
          <Data name="nama">
            <value>G24-ODP3</value>
          </Data>
          <Data name="deskripsi">
            <value/>
          </Data>
        </ExtendedData>
        <Point>
          <coordinates>
            100.404668,-0.280575,0
          </coordinates>
        </Point>
      </Placemark>
      <Placemark>
        <name/>
        <description><![CDATA[nama: G24-ODP4<br>deskripsi: ]]></description>
        <styleUrl>#icon-1899-0288D1</styleUrl>
        <ExtendedData>
          <Data name="nama">
            <value>G24-ODP4</value>
          </Data>
          <Data name="deskripsi">
            <value/>
          </Data>
        </ExtendedData>
        <Point>
          <coordinates>
            100.403711,-0.282354,0
          </coordinates>
        </Point>
      </Placemark>
      <Placemark>
        <name/>
        <description><![CDATA[nama: 4 Core Talao<br>deskripsi: ]]></description>
        <styleUrl>#line-000000-1200</styleUrl>
        <ExtendedData>
          <Data name="nama">
            <value>4 Core Talao</value>
          </Data>
          <Data name="deskripsi">
            <value/>
          </Data>
        </ExtendedData>
        <LineString>
          <tessellate>1</tessellate>
          <coordinates>
            100.401004,-0.284986,0
            100.400339,-0.284968,0
            100.400102,-0.284795,0
            100.399042,-0.284759,0
            100.39888,-0.2846,0
            100.39833,-0.284526,0
            100.397629,-0.284538,0
            100.397575,-0.284737,0
            100.397067,-0.284881,0
            100.396712,-0.285031,0
          </coordinates>
        </LineString>
      </Placemark>
      <Placemark>
        <name/>
        <description><![CDATA[nama: 24 Core Kapau<br>deskripsi: ]]></description>
        <styleUrl>#line-000000-1200</styleUrl>
        <ExtendedData>
          <Data name="nama">
            <value>24 Core Kapau</value>
          </Data>
          <Data name="deskripsi">
            <value/>
          </Data>
        </ExtendedData>
        <LineString>
          <tessellate>1</tessellate>
          <coordinates>
            100.412959,-0.265313,0
            100.411059,-0.270678,0
            100.409579,-0.271744,0
            100.408091,-0.27269,0
            100.406526,-0.273535,0
            100.404624,-0.274628,0
            100.403881,-0.275144,0
            100.402327,-0.276776,0
            100.401264,-0.277811,0
            100.399275,-0.27956,0
            100.398276,-0.280147,0
            100.397552,-0.280378,0
            100.396726,-0.280526,0
            100.394992,-0.280714,0
            100.394203,-0.280818,0
            100.393782,-0.280873,0
            100.392891,-0.280938,0
            100.392152,-0.280999,0
            100.391083,-0.281009,0
            100.389745,-0.280927,0
            100.388924,-0.280844,0
            100.388652,-0.280728,0
            100.388069,-0.280618,0
            100.387623,-0.280507,0
            100.387147,-0.280303,0
            100.386901,-0.280212,0
            100.38665,-0.280388,0
          </coordinates>
        </LineString>
      </Placemark>
      <Placemark>
        <name/>
        <description><![CDATA[nama: 12 Core Parak Maru<br>deskripsi: ]]></description>
        <styleUrl>#line-000000-1200</styleUrl>
        <ExtendedData>
          <Data name="nama">
            <value>12 Core Parak Maru</value>
          </Data>
          <Data name="deskripsi">
            <value/>
          </Data>
        </ExtendedData>
        <LineString>
          <tessellate>1</tessellate>
          <coordinates>
            100.411058,-0.270672,0
            100.411951,-0.270533,0
            100.412699,-0.270327,0
            100.413288,-0.270147,0
            100.413932,-0.26998,0
            100.414541,-0.270126,0
            100.416331,-0.270034,0
          </coordinates>
        </LineString>
      </Placemark>
      <Placemark>
        <name/>
        <description><![CDATA[nama: G19-ODP0<br>deskripsi: ]]></description>
        <styleUrl>#icon-1899-0288D1</styleUrl>
        <ExtendedData>
          <Data name="nama">
            <value>G19-ODP0</value>
          </Data>
          <Data name="deskripsi">
            <value/>
          </Data>
        </ExtendedData>
        <Point>
          <coordinates>
            100.409232,-0.275766,0
          </coordinates>
        </Point>
      </Placemark>
      <Placemark>
        <name/>
        <description><![CDATA[nama: G7-ODP0<br>deskripsi: ]]></description>
        <styleUrl>#icon-1899-0288D1</styleUrl>
        <ExtendedData>
          <Data name="nama">
            <value>G7-ODP0</value>
          </Data>
          <Data name="deskripsi">
            <value/>
          </Data>
        </ExtendedData>
        <Point>
          <coordinates>
            100.408067,-0.272702,0
          </coordinates>
        </Point>
      </Placemark>
      <Placemark>
        <name/>
        <description><![CDATA[nama: G7-ODP1<br>deskripsi: ]]></description>
        <styleUrl>#icon-1899-0288D1</styleUrl>
        <ExtendedData>
          <Data name="nama">
            <value>G7-ODP1</value>
          </Data>
          <Data name="deskripsi">
            <value/>
          </Data>
        </ExtendedData>
        <Point>
          <coordinates>
            100.408591,-0.273666,0
          </coordinates>
        </Point>
      </Placemark>
      <Placemark>
        <name/>
        <description><![CDATA[nama: G7-ODP2<br>deskripsi: ]]></description>
        <styleUrl>#icon-1899-0288D1</styleUrl>
        <ExtendedData>
          <Data name="nama">
            <value>G7-ODP2</value>
          </Data>
          <Data name="deskripsi">
            <value/>
          </Data>
        </ExtendedData>
        <Point>
          <coordinates>
            100.409577,-0.271737,0
          </coordinates>
        </Point>
      </Placemark>
      <Placemark>
        <name/>
        <description><![CDATA[nama: G8-ODP0<br>deskripsi: ]]></description>
        <styleUrl>#icon-1899-0288D1</styleUrl>
        <ExtendedData>
          <Data name="nama">
            <value>G8-ODP0</value>
          </Data>
          <Data name="deskripsi">
            <value/>
          </Data>
        </ExtendedData>
        <Point>
          <coordinates>
            100.411069,-0.270681,0
          </coordinates>
        </Point>
      </Placemark>
      <Placemark>
        <name/>
        <description><![CDATA[nama: G9-ODP0<br>deskripsi: ]]></description>
        <styleUrl>#icon-1899-0288D1</styleUrl>
        <ExtendedData>
          <Data name="nama">
            <value>G9-ODP0</value>
          </Data>
          <Data name="deskripsi">
            <value/>
          </Data>
        </ExtendedData>
        <Point>
          <coordinates>
            100.41161,-0.269173,0
          </coordinates>
        </Point>
      </Placemark>
      <Placemark>
        <name/>
        <description><![CDATA[nama: G8-ODP1<br>deskripsi: ]]></description>
        <styleUrl>#icon-1899-0288D1</styleUrl>
        <ExtendedData>
          <Data name="nama">
            <value>G8-ODP1</value>
          </Data>
          <Data name="deskripsi">
            <value/>
          </Data>
        </ExtendedData>
        <Point>
          <coordinates>
            100.413099,-0.270212,0
          </coordinates>
        </Point>
      </Placemark>
      <Placemark>
        <name/>
        <description><![CDATA[nama: G8-ODP2<br>deskripsi: ]]></description>
        <styleUrl>#icon-1899-0288D1</styleUrl>
        <ExtendedData>
          <Data name="nama">
            <value>G8-ODP2</value>
          </Data>
          <Data name="deskripsi">
            <value/>
          </Data>
        </ExtendedData>
        <Point>
          <coordinates>
            100.413901,-0.269986,0
          </coordinates>
        </Point>
      </Placemark>
      <Placemark>
        <name/>
        <description><![CDATA[nama: G8-ODP3<br>deskripsi: ]]></description>
        <styleUrl>#icon-1899-0288D1</styleUrl>
        <ExtendedData>
          <Data name="nama">
            <value>G8-ODP3</value>
          </Data>
          <Data name="deskripsi">
            <value/>
          </Data>
        </ExtendedData>
        <Point>
          <coordinates>
            100.415445,-0.270069,0
          </coordinates>
        </Point>
      </Placemark>
      <Placemark>
        <name/>
        <description><![CDATA[nama: G8-ODP4<br>deskripsi: ]]></description>
        <styleUrl>#icon-1899-0288D1</styleUrl>
        <ExtendedData>
          <Data name="nama">
            <value>G8-ODP4</value>
          </Data>
          <Data name="deskripsi">
            <value/>
          </Data>
        </ExtendedData>
        <Point>
          <coordinates>
            100.416332,-0.270026,0
          </coordinates>
        </Point>
      </Placemark>
      <Placemark>
        <name/>
        <description><![CDATA[nama: Untitled Placemark<br>deskripsi: ]]></description>
        <styleUrl>#icon-1899-0288D1</styleUrl>
        <ExtendedData>
          <Data name="nama">
            <value>Untitled Placemark</value>
          </Data>
          <Data name="deskripsi">
            <value/>
          </Data>
        </ExtendedData>
        <Point>
          <coordinates>
            100.412946,-0.265316,0
          </coordinates>
        </Point>
      </Placemark>
      <Placemark>
        <name/>
        <description><![CDATA[nama: Untitled Placemark<br>deskripsi: ]]></description>
        <styleUrl>#icon-1899-0288D1</styleUrl>
        <ExtendedData>
          <Data name="nama">
            <value>Untitled Placemark</value>
          </Data>
          <Data name="deskripsi">
            <value/>
          </Data>
        </ExtendedData>
        <Point>
          <coordinates>
            100.406263,-0.273702,0
          </coordinates>
        </Point>
      </Placemark>
      <Placemark>
        <name/>
        <description><![CDATA[nama: Untitled Placemark<br>deskripsi: ]]></description>
        <styleUrl>#icon-1899-0288D1</styleUrl>
        <ExtendedData>
          <Data name="nama">
            <value>Untitled Placemark</value>
          </Data>
          <Data name="deskripsi">
            <value/>
          </Data>
        </ExtendedData>
        <Point>
          <coordinates>
            100.404638,-0.274613,0
          </coordinates>
        </Point>
      </Placemark>
      <Placemark>
        <name/>
        <description><![CDATA[nama: Untitled Placemark<br>deskripsi: ]]></description>
        <styleUrl>#icon-1899-0288D1</styleUrl>
        <ExtendedData>
          <Data name="nama">
            <value>Untitled Placemark</value>
          </Data>
          <Data name="deskripsi">
            <value/>
          </Data>
        </ExtendedData>
        <Point>
          <coordinates>
            100.402494,-0.276583,0
          </coordinates>
        </Point>
      </Placemark>
      <Placemark>
        <name/>
        <description><![CDATA[nama: Untitled Placemark<br>deskripsi: ]]></description>
        <styleUrl>#icon-1899-0288D1</styleUrl>
        <ExtendedData>
          <Data name="nama">
            <value>Untitled Placemark</value>
          </Data>
          <Data name="deskripsi">
            <value/>
          </Data>
        </ExtendedData>
        <Point>
          <coordinates>
            100.401304,-0.277774,0
          </coordinates>
        </Point>
      </Placemark>
      <Placemark>
        <name/>
        <description><![CDATA[nama: Untitled Placemark<br>deskripsi: ]]></description>
        <styleUrl>#icon-1899-0288D1</styleUrl>
        <ExtendedData>
          <Data name="nama">
            <value>Untitled Placemark</value>
          </Data>
          <Data name="deskripsi">
            <value/>
          </Data>
        </ExtendedData>
        <Point>
          <coordinates>
            100.399153,-0.279637,0
          </coordinates>
        </Point>
      </Placemark>
      <Placemark>
        <name/>
        <description><![CDATA[nama: Untitled Placemark<br>deskripsi: ]]></description>
        <styleUrl>#icon-1899-0288D1</styleUrl>
        <ExtendedData>
          <Data name="nama">
            <value>Untitled Placemark</value>
          </Data>
          <Data name="deskripsi">
            <value/>
          </Data>
        </ExtendedData>
        <Point>
          <coordinates>
            100.396731,-0.280509,0
          </coordinates>
        </Point>
      </Placemark>
      <Placemark>
        <name/>
        <description><![CDATA[nama: Untitled Placemark<br>deskripsi: ]]></description>
        <styleUrl>#icon-1899-0288D1</styleUrl>
        <ExtendedData>
          <Data name="nama">
            <value>Untitled Placemark</value>
          </Data>
          <Data name="deskripsi">
            <value/>
          </Data>
        </ExtendedData>
        <Point>
          <coordinates>
            100.394194,-0.280816,0
          </coordinates>
        </Point>
      </Placemark>
      <Placemark>
        <name/>
        <description><![CDATA[nama: Untitled Placemark<br>deskripsi: ]]></description>
        <styleUrl>#icon-1899-0288D1</styleUrl>
        <ExtendedData>
          <Data name="nama">
            <value>Untitled Placemark</value>
          </Data>
          <Data name="deskripsi">
            <value/>
          </Data>
        </ExtendedData>
        <Point>
          <coordinates>
            100.39291,-0.28092,0
          </coordinates>
        </Point>
      </Placemark>
      <Placemark>
        <name/>
        <description><![CDATA[nama: Untitled Placemark<br>deskripsi: ]]></description>
        <styleUrl>#icon-1899-0288D1</styleUrl>
        <ExtendedData>
          <Data name="nama">
            <value>Untitled Placemark</value>
          </Data>
          <Data name="deskripsi">
            <value/>
          </Data>
        </ExtendedData>
        <Point>
          <coordinates>
            100.391601,-0.281003,0
          </coordinates>
        </Point>
      </Placemark>
      <Placemark>
        <name/>
        <description><![CDATA[nama: Untitled Placemark<br>deskripsi: ]]></description>
        <styleUrl>#icon-1899-0288D1</styleUrl>
        <ExtendedData>
          <Data name="nama">
            <value>Untitled Placemark</value>
          </Data>
          <Data name="deskripsi">
            <value/>
          </Data>
        </ExtendedData>
        <Point>
          <coordinates>
            100.388926,-0.280849,0
          </coordinates>
        </Point>
      </Placemark>
      <Placemark>
        <name/>
        <description><![CDATA[nama: 24 Core Gurun Aua<br>deskripsi: ]]></description>
        <styleUrl>#line-000000-1200</styleUrl>
        <ExtendedData>
          <Data name="nama">
            <value>24 Core Gurun Aua</value>
          </Data>
          <Data name="deskripsi">
            <value/>
          </Data>
        </ExtendedData>
        <LineString>
          <tessellate>1</tessellate>
          <coordinates>
            100.384451,-0.297347,0
            100.385333,-0.297146,0
            100.386069,-0.297063,0
            100.386434,-0.297034,0
            100.386542,-0.297496,0
            100.385506,-0.299773,0
            100.385563,-0.300755,0
            100.385687,-0.301216,0
            100.385634,-0.301456,0
            100.385751,-0.302329,0
            100.386057,-0.303235,0
            100.38638,-0.303822,0
            100.386866,-0.304254,0
            100.387209,-0.304462,0
            100.388376,-0.306193,0
            100.389783,-0.308619,0
            100.389673,-0.309417,0
            100.389799,-0.310341,0
            100.389978,-0.311938,0
            100.390177,-0.312449,0
            100.39043,-0.313146,0
            100.390392,-0.313807,0
            100.390573,-0.315588,0
            100.390534,-0.315689,0
            100.390677,-0.31671,0
            100.390915,-0.318152,0
            100.390692,-0.319094,0
            100.391471,-0.319404,0
            100.392241,-0.321486,0
            100.39308,-0.322315,0
            100.393916,-0.32309,0
            100.394985,-0.324047,0
            100.395513,-0.324639,0
          </coordinates>
        </LineString>
      </Placemark>
      <Placemark>
        <name/>
        <description><![CDATA[nama: Path Measure<br>deskripsi: ]]></description>
        <styleUrl>#line-000000-1200</styleUrl>
        <ExtendedData>
          <Data name="nama">
            <value>Path Measure</value>
          </Data>
          <Data name="deskripsi">
            <value/>
          </Data>
        </ExtendedData>
        <LineString>
          <tessellate>1</tessellate>
          <coordinates>
            100.38999,-0.311959,0
            100.39029,-0.311883,0
            100.390876,-0.3115,0
            100.391296,-0.311258,0
            100.3922,-0.310823,0
            100.392353,-0.311099,0
          </coordinates>
        </LineString>
      </Placemark>
      <Placemark>
        <name/>
        <description><![CDATA[nama: A25-BKT1<br>deskripsi: K24<>K24(C1)]]></description>
        <styleUrl>#icon-1899-0288D1</styleUrl>
        <ExtendedData>
          <Data name="nama">
            <value>A25-BKT1</value>
          </Data>
          <Data name="deskripsi">
            <value><![CDATA[K24<>K24(C1)]]></value>
          </Data>
        </ExtendedData>
        <Point>
          <coordinates>
            100.385978,-0.298605,0
          </coordinates>
        </Point>
      </Placemark>
      <Placemark>
        <name/>
        <description><![CDATA[nama: A25-BKT2<br>deskripsi: K24<>K24(C2)]]></description>
        <styleUrl>#icon-1899-0288D1</styleUrl>
        <ExtendedData>
          <Data name="nama">
            <value>A25-BKT2</value>
          </Data>
          <Data name="deskripsi">
            <value><![CDATA[K24<>K24(C2)]]></value>
          </Data>
        </ExtendedData>
        <Point>
          <coordinates>
            100.385489,-0.300287,0
          </coordinates>
        </Point>
      </Placemark>
      <Placemark>
        <name/>
        <description><![CDATA[nama: A25-BKT3<br>deskripsi: K24<>K24(C3)]]></description>
        <styleUrl>#icon-1899-0288D1</styleUrl>
        <ExtendedData>
          <Data name="nama">
            <value>A25-BKT3</value>
          </Data>
          <Data name="deskripsi">
            <value><![CDATA[K24<>K24(C3)]]></value>
          </Data>
        </ExtendedData>
        <Point>
          <coordinates>
            100.38564,-0.301433,0
          </coordinates>
        </Point>
      </Placemark>
      <Placemark>
        <name/>
        <description><![CDATA[nama: A25-BKT3-2<br>deskripsi: ]]></description>
        <styleUrl>#icon-1899-0288D1</styleUrl>
        <ExtendedData>
          <Data name="nama">
            <value>A25-BKT3-2</value>
          </Data>
          <Data name="deskripsi">
            <value/>
          </Data>
        </ExtendedData>
        <Point>
          <coordinates>
            100.385727,-0.302147,0
          </coordinates>
        </Point>
      </Placemark>
      <Placemark>
        <name/>
        <description><![CDATA[nama: A28-BKT1<br>deskripsi: ]]></description>
        <styleUrl>#icon-1899-0288D1</styleUrl>
        <ExtendedData>
          <Data name="nama">
            <value>A28-BKT1</value>
          </Data>
          <Data name="deskripsi">
            <value/>
          </Data>
        </ExtendedData>
        <Point>
          <coordinates>
            100.386667,-0.304102,0
          </coordinates>
        </Point>
      </Placemark>
      <Placemark>
        <name/>
        <description><![CDATA[nama: A28-BKT2<br>deskripsi: ]]></description>
        <styleUrl>#icon-1899-0288D1</styleUrl>
        <ExtendedData>
          <Data name="nama">
            <value>A28-BKT2</value>
          </Data>
          <Data name="deskripsi">
            <value/>
          </Data>
        </ExtendedData>
        <Point>
          <coordinates>
            100.387226,-0.304508,0
          </coordinates>
        </Point>
      </Placemark>
      <Placemark>
        <name/>
        <description><![CDATA[nama: A28-BKT3<br>deskripsi: ]]></description>
        <styleUrl>#icon-1899-0288D1</styleUrl>
        <ExtendedData>
          <Data name="nama">
            <value>A28-BKT3</value>
          </Data>
          <Data name="deskripsi">
            <value/>
          </Data>
        </ExtendedData>
        <Point>
          <coordinates>
            100.387817,-0.30536,0
          </coordinates>
        </Point>
      </Placemark>
      <Placemark>
        <name/>
        <description><![CDATA[nama: A28-BKT0<br>deskripsi: ]]></description>
        <styleUrl>#icon-1899-0288D1</styleUrl>
        <ExtendedData>
          <Data name="nama">
            <value>A28-BKT0</value>
          </Data>
          <Data name="deskripsi">
            <value/>
          </Data>
        </ExtendedData>
        <Point>
          <coordinates>
            100.388366,-0.306179,0
          </coordinates>
        </Point>
      </Placemark>
      <Placemark>
        <name/>
        <description><![CDATA[nama: A29-BKT1<br>deskripsi: ]]></description>
        <styleUrl>#icon-1899-0288D1</styleUrl>
        <ExtendedData>
          <Data name="nama">
            <value>A29-BKT1</value>
          </Data>
          <Data name="deskripsi">
            <value/>
          </Data>
        </ExtendedData>
        <Point>
          <coordinates>
            100.389708,-0.309162,0
          </coordinates>
        </Point>
      </Placemark>
      <Placemark>
        <name/>
        <description><![CDATA[nama: A29-BKT2<br>deskripsi: ]]></description>
        <styleUrl>#icon-1899-0288D1</styleUrl>
        <ExtendedData>
          <Data name="nama">
            <value>A29-BKT2</value>
          </Data>
          <Data name="deskripsi">
            <value/>
          </Data>
        </ExtendedData>
        <Point>
          <coordinates>
            100.389992,-0.311983,0
          </coordinates>
        </Point>
      </Placemark>
      <Placemark>
        <name/>
        <description><![CDATA[nama: A29-BKT2-1<br>deskripsi: ]]></description>
        <styleUrl>#icon-1899-0288D1</styleUrl>
        <ExtendedData>
          <Data name="nama">
            <value>A29-BKT2-1</value>
          </Data>
          <Data name="deskripsi">
            <value/>
          </Data>
        </ExtendedData>
        <Point>
          <coordinates>
            100.392353,-0.311128,0
          </coordinates>
        </Point>
      </Placemark>
      <Placemark>
        <name/>
        <description><![CDATA[nama: A29-BKT3<br>deskripsi: ]]></description>
        <styleUrl>#icon-1899-0288D1</styleUrl>
        <ExtendedData>
          <Data name="nama">
            <value>A29-BKT3</value>
          </Data>
          <Data name="deskripsi">
            <value/>
          </Data>
        </ExtendedData>
        <Point>
          <coordinates>
            100.390423,-0.313179,0
          </coordinates>
        </Point>
      </Placemark>
      <Placemark>
        <name/>
        <description><![CDATA[nama: A29-BKT4<br>deskripsi: ]]></description>
        <styleUrl>#icon-1899-0288D1</styleUrl>
        <ExtendedData>
          <Data name="nama">
            <value>A29-BKT4</value>
          </Data>
          <Data name="deskripsi">
            <value/>
          </Data>
        </ExtendedData>
        <Point>
          <coordinates>
            100.390476,-0.314506,0
          </coordinates>
        </Point>
      </Placemark>
      <Placemark>
        <name/>
        <description><![CDATA[nama: A30-BKT0<br>deskripsi: ]]></description>
        <styleUrl>#icon-1899-0288D1</styleUrl>
        <ExtendedData>
          <Data name="nama">
            <value>A30-BKT0</value>
          </Data>
          <Data name="deskripsi">
            <value/>
          </Data>
        </ExtendedData>
        <Point>
          <coordinates>
            100.390537,-0.315721,0
          </coordinates>
        </Point>
      </Placemark>
      <Placemark>
        <name/>
        <description><![CDATA[nama: A30-BKT1<br>deskripsi: ]]></description>
        <styleUrl>#icon-1899-0288D1</styleUrl>
        <ExtendedData>
          <Data name="nama">
            <value>A30-BKT1</value>
          </Data>
          <Data name="deskripsi">
            <value/>
          </Data>
        </ExtendedData>
        <Point>
          <coordinates>
            100.390665,-0.316623,0
          </coordinates>
        </Point>
      </Placemark>
      <Placemark>
        <name/>
        <description><![CDATA[nama: A30-BKT2<br>deskripsi: ]]></description>
        <styleUrl>#icon-1899-0288D1</styleUrl>
        <ExtendedData>
          <Data name="nama">
            <value>A30-BKT2</value>
          </Data>
          <Data name="deskripsi">
            <value/>
          </Data>
        </ExtendedData>
        <Point>
          <coordinates>
            100.390869,-0.318295,0
          </coordinates>
        </Point>
      </Placemark>
      <Placemark>
        <name/>
        <description><![CDATA[nama: A30-BKT3<br>deskripsi: ]]></description>
        <styleUrl>#icon-1899-0288D1</styleUrl>
        <ExtendedData>
          <Data name="nama">
            <value>A30-BKT3</value>
          </Data>
          <Data name="deskripsi">
            <value/>
          </Data>
        </ExtendedData>
        <Point>
          <coordinates>
            100.391536,-0.319591,0
          </coordinates>
        </Point>
      </Placemark>
      <Placemark>
        <name/>
        <description><![CDATA[nama: A30-BKT0<br>deskripsi: ]]></description>
        <styleUrl>#icon-1899-0288D1</styleUrl>
        <ExtendedData>
          <Data name="nama">
            <value>A30-BKT0</value>
          </Data>
          <Data name="deskripsi">
            <value/>
          </Data>
        </ExtendedData>
        <Point>
          <coordinates>
            100.392226,-0.321485,0
          </coordinates>
        </Point>
      </Placemark>
      <Placemark>
        <name/>
        <description><![CDATA[nama: A31-BKT1<br>deskripsi: ]]></description>
        <styleUrl>#icon-1899-0288D1</styleUrl>
        <ExtendedData>
          <Data name="nama">
            <value>A31-BKT1</value>
          </Data>
          <Data name="deskripsi">
            <value/>
          </Data>
        </ExtendedData>
        <Point>
          <coordinates>
            100.392719,-0.322081,0
          </coordinates>
        </Point>
      </Placemark>
      <Placemark>
        <name/>
        <description><![CDATA[nama: A31-BKT2<br>deskripsi: ]]></description>
        <styleUrl>#icon-1899-0288D1</styleUrl>
        <ExtendedData>
          <Data name="nama">
            <value>A31-BKT2</value>
          </Data>
          <Data name="deskripsi">
            <value/>
          </Data>
        </ExtendedData>
        <Point>
          <coordinates>
            100.393941,-0.32312,0
          </coordinates>
        </Point>
      </Placemark>
      <Placemark>
        <name/>
        <description><![CDATA[nama: A31-BKT3<br>deskripsi: ]]></description>
        <styleUrl>#icon-1899-0288D1</styleUrl>
        <ExtendedData>
          <Data name="nama">
            <value>A31-BKT3</value>
          </Data>
          <Data name="deskripsi">
            <value/>
          </Data>
        </ExtendedData>
        <Point>
          <coordinates>
            100.394573,-0.32367,0
          </coordinates>
        </Point>
      </Placemark>
      <Placemark>
        <name/>
        <description><![CDATA[nama: A32-BKT0<br>deskripsi: ]]></description>
        <styleUrl>#icon-1899-0288D1</styleUrl>
        <ExtendedData>
          <Data name="nama">
            <value>A32-BKT0</value>
          </Data>
          <Data name="deskripsi">
            <value/>
          </Data>
        </ExtendedData>
        <Point>
          <coordinates>
            100.39549,-0.324664,0
          </coordinates>
        </Point>
      </Placemark>
      <Placemark>
        <name/>
        <description><![CDATA[nama: A32-BKT2<br>deskripsi: ]]></description>
        <styleUrl>#icon-1899-0288D1</styleUrl>
        <ExtendedData>
          <Data name="nama">
            <value>A32-BKT2</value>
          </Data>
          <Data name="deskripsi">
            <value/>
          </Data>
        </ExtendedData>
        <Point>
          <coordinates>
            100.394772,-0.325192,0
          </coordinates>
        </Point>
      </Placemark>
      <Placemark>
        <name/>
        <description><![CDATA[nama: A32-BKT3<br>deskripsi: ]]></description>
        <styleUrl>#icon-1899-0288D1</styleUrl>
        <ExtendedData>
          <Data name="nama">
            <value>A32-BKT3</value>
          </Data>
          <Data name="deskripsi">
            <value/>
          </Data>
        </ExtendedData>
        <Point>
          <coordinates>
            100.396442,-0.323559,0
          </coordinates>
        </Point>
      </Placemark>
      <Placemark>
        <name/>
        <description><![CDATA[nama: A32-BKT4<br>deskripsi: ]]></description>
        <styleUrl>#icon-1899-0288D1</styleUrl>
        <ExtendedData>
          <Data name="nama">
            <value>A32-BKT4</value>
          </Data>
          <Data name="deskripsi">
            <value/>
          </Data>
        </ExtendedData>
        <Point>
          <coordinates>
            100.397056,-0.322483,0
          </coordinates>
        </Point>
      </Placemark>
      <Placemark>
        <name/>
        <description><![CDATA[nama: 4 Core Gurun Aua1<br>deskripsi: ]]></description>
        <styleUrl>#line-000000-1200</styleUrl>
        <ExtendedData>
          <Data name="nama">
            <value>4 Core Gurun Aua1</value>
          </Data>
          <Data name="deskripsi">
            <value/>
          </Data>
        </ExtendedData>
        <LineString>
          <tessellate>1</tessellate>
          <coordinates>
            100.395478,-0.324594,0
            100.395271,-0.324758,0
            100.395155,-0.324994,0
            100.394922,-0.325029,0
            100.394768,-0.325214,0
          </coordinates>
        </LineString>
      </Placemark>
      <Placemark>
        <name/>
        <description><![CDATA[nama: 4 Core Gurun Aua2<br>deskripsi: ]]></description>
        <styleUrl>#line-000000-1200</styleUrl>
        <ExtendedData>
          <Data name="nama">
            <value>4 Core Gurun Aua2</value>
          </Data>
          <Data name="deskripsi">
            <value/>
          </Data>
        </ExtendedData>
        <LineString>
          <tessellate>1</tessellate>
          <coordinates>
            100.395492,-0.32464,0
            100.395837,-0.324292,0
            100.396237,-0.323981,0
            100.396439,-0.323556,0
            100.396609,-0.323296,0
            100.396496,-0.322945,0
            100.397025,-0.322478,0
          </coordinates>
        </LineString>
      </Placemark>
      <Placemark>
        <name/>
        <description><![CDATA[nama: 96 Core Simp Limau<br>deskripsi: Jumlah Core : 96 Core<br>Jumlah Core Terpakai : 48 Core<br>Klasifikasi Kabel : Backbone<br>Letak Kabel : Udara]]></description>
        <styleUrl>#line-000000-1200</styleUrl>
        <ExtendedData>
          <Data name="nama">
            <value>96 Core Simp Limau</value>
          </Data>
          <Data name="deskripsi">
            <value>Jumlah Core : 96 Core
Jumlah Core Terpakai : 48 Core
Klasifikasi Kabel : Backbone
Letak Kabel : Udara</value>
          </Data>
        </ExtendedData>
        <LineString>
          <tessellate>1</tessellate>
          <coordinates>
            100.384458,-0.297333,0
            100.384484,-0.296463,0
            100.384478,-0.295353,0
            100.384417,-0.29445,0
            100.384358,-0.293274,0
            100.384305,-0.29228,0
          </coordinates>
        </LineString>
      </Placemark>
      <Placemark>
        <name/>
        <description><![CDATA[nama: 48 Core Inkorba - Simp Surau Gadang<br>deskripsi: Jumlah Core : 48 Core<br>Jumlah Core Terpakai : 24 Core<br>Klasifikasi Kabel : Backbone<br>Letak Kabel : Udara]]></description>
        <styleUrl>#line-000000-1200</styleUrl>
        <ExtendedData>
          <Data name="nama">
            <value>48 Core Inkorba - Simp Surau Gadang</value>
          </Data>
          <Data name="deskripsi">
            <value>Jumlah Core : 48 Core
Jumlah Core Terpakai : 24 Core
Klasifikasi Kabel : Backbone
Letak Kabel : Udara</value>
          </Data>
        </ExtendedData>
        <LineString>
          <tessellate>1</tessellate>
          <coordinates>
            100.384294,-0.292258,0
            100.384283,-0.291195,0
            100.384299,-0.290485,0
            100.384271,-0.289228,0
            100.384277,-0.287841,0
            100.383515,-0.287942,0
            100.383139,-0.28791,0
            100.382826,-0.28778,0
            100.382211,-0.287654,0
            100.381958,-0.287791,0
            100.381752,-0.287933,0
            100.380798,-0.288242,0
            100.380545,-0.288456,0
            100.380377,-0.289128,0
            100.380045,-0.289664,0
            100.379681,-0.290171,0
            100.378885,-0.290847,0
            100.3785,-0.291052,0
            100.377865,-0.291153,0
            100.377093,-0.29123,0
            100.376149,-0.291256,0
            100.375268,-0.291304,0
          </coordinates>
        </LineString>
      </Placemark>
      <Placemark>
        <name/>
        <description><![CDATA[nama: 12 Core Manggis Ganting<br>deskripsi: Jumlah Core : 12 Core<br>Jumlah Core Terpakai : 4 Core<br>Klasifikasi Kabel : Backbone<br>Letak Kabel : Udara]]></description>
        <styleUrl>#line-000000-1200</styleUrl>
        <ExtendedData>
          <Data name="nama">
            <value>12 Core Manggis Ganting</value>
          </Data>
          <Data name="deskripsi">
            <value>Jumlah Core : 12 Core
Jumlah Core Terpakai : 4 Core
Klasifikasi Kabel : Backbone
Letak Kabel : Udara</value>
          </Data>
        </ExtendedData>
        <LineString>
          <tessellate>1</tessellate>
          <coordinates>
            100.384295,-0.292303,0
            100.384338,-0.293051,0
            100.384414,-0.294393,0
            100.384497,-0.295524,0
          </coordinates>
        </LineString>
      </Placemark>
      <Placemark>
        <name/>
        <description><![CDATA[nama: 2 Core Perum Guguak Bulek<br>deskripsi: Jumlah Core : 2 Core<br>Jumlah Core Terpakai : 1 Core<br>Klasifikasi Kabel : Distribusi<br>Letak Kabel : Udara]]></description>
        <styleUrl>#line-000000-1200</styleUrl>
        <ExtendedData>
          <Data name="nama">
            <value>2 Core Perum Guguak Bulek</value>
          </Data>
          <Data name="deskripsi">
            <value>Jumlah Core : 2 Core
Jumlah Core Terpakai : 1 Core
Klasifikasi Kabel : Distribusi
Letak Kabel : Udara</value>
          </Data>
        </ExtendedData>
        <LineString>
          <tessellate>1</tessellate>
          <coordinates>
            100.383167,-0.287884,0
            100.383152,-0.287628,0
            100.383107,-0.287258,0
            100.383126,-0.28668,0
          </coordinates>
        </LineString>
      </Placemark>
      <Placemark>
        <name/>
        <description><![CDATA[nama: 2 Core Perum Tj Residen<br>deskripsi: Jumlah Core : 2 Core<br>Jumlah Core Terpakai : 2 Core<br>Klasifikasi Kabel : Distribusi<br>Letak Kabel : Udara]]></description>
        <styleUrl>#line-000000-1200</styleUrl>
        <ExtendedData>
          <Data name="nama">
            <value>2 Core Perum Tj Residen</value>
          </Data>
          <Data name="deskripsi">
            <value>Jumlah Core : 2 Core
Jumlah Core Terpakai : 2 Core
Klasifikasi Kabel : Distribusi
Letak Kabel : Udara</value>
          </Data>
        </ExtendedData>
        <LineString>
          <tessellate>1</tessellate>
          <coordinates>
            100.383178,-0.287894,0
            100.383165,-0.287863,0
            100.383019,-0.289252,0
            100.382891,-0.289287,0
            100.382806,-0.289128,0
            100.382722,-0.289152,0
            100.382373,-0.288557,0
          </coordinates>
        </LineString>
      </Placemark>
      <Placemark>
        <name/>
        <description><![CDATA[nama: 2 Core Sarojo<br>deskripsi: Jumlah Core : 2 Core<br>Jumlah Core Terpakai : 2 Core<br>Klasifikasi Kabel : Distribusi<br>Letak Kabel : Udara]]></description>
        <styleUrl>#line-000000-1200</styleUrl>
        <ExtendedData>
          <Data name="nama">
            <value>2 Core Sarojo</value>
          </Data>
          <Data name="deskripsi">
            <value>Jumlah Core : 2 Core
Jumlah Core Terpakai : 2 Core
Klasifikasi Kabel : Distribusi
Letak Kabel : Udara</value>
          </Data>
        </ExtendedData>
        <LineString>
          <tessellate>1</tessellate>
          <coordinates>
            100.377923,-0.291138,0
            100.377792,-0.291057,0
            100.37751,-0.290132,0
            100.377303,-0.289914,0
            100.377282,-0.289352,0
            100.377178,-0.289325,0
            100.377126,-0.288955,0
            100.377584,-0.288734,0
          </coordinates>
        </LineString>
      </Placemark>
      <Placemark>
        <name/>
        <description><![CDATA[nama: 4 Core Guguak Bulek<br>deskripsi: Jumlah Core : 4 Core<br>Jumlah Core Terpakai : 2 Core<br>Klasifikasi Kabel : Distribusi<br>Letak Kabel : Udara]]></description>
        <styleUrl>#line-000000-1200</styleUrl>
        <ExtendedData>
          <Data name="nama">
            <value>4 Core Guguak Bulek</value>
          </Data>
          <Data name="deskripsi">
            <value>Jumlah Core : 4 Core
Jumlah Core Terpakai : 2 Core
Klasifikasi Kabel : Distribusi
Letak Kabel : Udara</value>
          </Data>
        </ExtendedData>
        <LineString>
          <tessellate>1</tessellate>
          <coordinates>
            100.384269,-0.287819,0
            100.384313,-0.287111,0
            100.384511,-0.286179,0
            100.384702,-0.285509,0
            100.385209,-0.2856,0
            100.385295,-0.286029,0
          </coordinates>
        </LineString>
      </Placemark>
      <Placemark>
        <name/>
        <description><![CDATA[nama: 48 Core Inkorba - Sawah Dangka<br>deskripsi: ]]></description>
        <styleUrl>#line-000000-1200</styleUrl>
        <ExtendedData>
          <Data name="nama">
            <value>48 Core Inkorba - Sawah Dangka</value>
          </Data>
          <Data name="deskripsi">
            <value/>
          </Data>
        </ExtendedData>
        <LineString>
          <tessellate>1</tessellate>
          <coordinates>
            100.384307,-0.292284,0
            100.384274,-0.291325,0
            100.384288,-0.289941,0
            100.384281,-0.289222,0
            100.384266,-0.287837,0
            100.384328,-0.287158,0
            100.384537,-0.286193,0
            100.384944,-0.28474,0
            100.38515,-0.284189,0
            100.38567,-0.283457,0
            100.38651,-0.282468,0
            100.386693,-0.282054,0
            100.38677,-0.281387,0
            100.386754,-0.280888,0
            100.386652,-0.280413,0
          </coordinates>
        </LineString>
      </Placemark>
      <Placemark>
        <name/>
        <description><![CDATA[nama: C-BKT1<br>deskripsi: ]]></description>
        <styleUrl>#icon-1899-0288D1</styleUrl>
        <ExtendedData>
          <Data name="nama">
            <value>C-BKT1</value>
          </Data>
          <Data name="deskripsi">
            <value/>
          </Data>
        </ExtendedData>
        <Point>
          <coordinates>
            100.384303,-0.292286,0
          </coordinates>
        </Point>
      </Placemark>
      <Placemark>
        <name/>
        <description><![CDATA[nama: C-BKT2<br>deskripsi: ]]></description>
        <styleUrl>#icon-1899-0288D1</styleUrl>
        <ExtendedData>
          <Data name="nama">
            <value>C-BKT2</value>
          </Data>
          <Data name="deskripsi">
            <value/>
          </Data>
        </ExtendedData>
        <Point>
          <coordinates>
            100.384343,-0.293469,0
          </coordinates>
        </Point>
      </Placemark>
      <Placemark>
        <name/>
        <description><![CDATA[nama: C-BKT3<br>deskripsi: ]]></description>
        <styleUrl>#icon-1899-0288D1</styleUrl>
        <ExtendedData>
          <Data name="nama">
            <value>C-BKT3</value>
          </Data>
          <Data name="deskripsi">
            <value/>
          </Data>
        </ExtendedData>
        <Point>
          <coordinates>
            100.384455,-0.294953,0
          </coordinates>
        </Point>
      </Placemark>
      <Placemark>
        <name/>
        <description><![CDATA[nama: C-BKT4<br>deskripsi: ]]></description>
        <styleUrl>#icon-1899-0288D1</styleUrl>
        <ExtendedData>
          <Data name="nama">
            <value>C-BKT4</value>
          </Data>
          <Data name="deskripsi">
            <value/>
          </Data>
        </ExtendedData>
        <Point>
          <coordinates>
            100.384495,-0.295432,0
          </coordinates>
        </Point>
      </Placemark>
      <Placemark>
        <name/>
        <description><![CDATA[nama: B1-BKT1<br>deskripsi: T1-C1]]></description>
        <styleUrl>#icon-1899-0288D1</styleUrl>
        <ExtendedData>
          <Data name="nama">
            <value>B1-BKT1</value>
          </Data>
          <Data name="deskripsi">
            <value>T1-C1</value>
          </Data>
        </ExtendedData>
        <Point>
          <coordinates>
            100.384276,-0.291323,0
          </coordinates>
        </Point>
      </Placemark>
      <Placemark>
        <name/>
        <description><![CDATA[nama: B1-BKT2<br>deskripsi: ]]></description>
        <styleUrl>#icon-1899-0288D1</styleUrl>
        <ExtendedData>
          <Data name="nama">
            <value>B1-BKT2</value>
          </Data>
          <Data name="deskripsi">
            <value/>
          </Data>
        </ExtendedData>
        <Point>
          <coordinates>
            100.384274,-0.289216,0
          </coordinates>
        </Point>
      </Placemark>
      <Placemark>
        <name/>
        <description><![CDATA[nama: B2-BKT1<br>deskripsi: T1-C2,3]]></description>
        <styleUrl>#icon-1899-0288D1</styleUrl>
        <ExtendedData>
          <Data name="nama">
            <value>B2-BKT1</value>
          </Data>
          <Data name="deskripsi">
            <value>T1-C2,3</value>
          </Data>
        </ExtendedData>
        <Point>
          <coordinates>
            100.383161,-0.287896,0
          </coordinates>
        </Point>
      </Placemark>
      <Placemark>
        <name/>
        <description><![CDATA[nama: B1-BKT3<br>deskripsi: ]]></description>
        <styleUrl>#icon-1899-0288D1</styleUrl>
        <ExtendedData>
          <Data name="nama">
            <value>B1-BKT3</value>
          </Data>
          <Data name="deskripsi">
            <value/>
          </Data>
        </ExtendedData>
        <Point>
          <coordinates>
            100.385649,-0.29094,0
          </coordinates>
        </Point>
      </Placemark>
      <Placemark>
        <name/>
        <description><![CDATA[nama: B2-BKT2<br>deskripsi: ]]></description>
        <styleUrl>#icon-1899-0288D1</styleUrl>
        <ExtendedData>
          <Data name="nama">
            <value>B2-BKT2</value>
          </Data>
          <Data name="deskripsi">
            <value/>
          </Data>
        </ExtendedData>
        <Point>
          <coordinates>
            100.384265,-0.287801,0
          </coordinates>
        </Point>
      </Placemark>
      <Placemark>
        <name/>
        <description><![CDATA[nama: B2-BKT3<br>deskripsi: ]]></description>
        <styleUrl>#icon-1899-0288D1</styleUrl>
        <ExtendedData>
          <Data name="nama">
            <value>B2-BKT3</value>
          </Data>
          <Data name="deskripsi">
            <value/>
          </Data>
        </ExtendedData>
        <Point>
          <coordinates>
            100.383138,-0.2867,0
          </coordinates>
        </Point>
      </Placemark>
      <Placemark>
        <name/>
        <description><![CDATA[nama: B2-BKT4<br>deskripsi: ]]></description>
        <styleUrl>#icon-1899-0288D1</styleUrl>
        <ExtendedData>
          <Data name="nama">
            <value>B2-BKT4</value>
          </Data>
          <Data name="deskripsi">
            <value/>
          </Data>
        </ExtendedData>
        <Point>
          <coordinates>
            100.383028,-0.289249,0
          </coordinates>
        </Point>
      </Placemark>
      <Placemark>
        <name/>
        <description><![CDATA[nama: B2-BKT5<br>deskripsi: ]]></description>
        <styleUrl>#icon-1899-0288D1</styleUrl>
        <ExtendedData>
          <Data name="nama">
            <value>B2-BKT5</value>
          </Data>
          <Data name="deskripsi">
            <value/>
          </Data>
        </ExtendedData>
        <Point>
          <coordinates>
            100.382366,-0.288572,0
          </coordinates>
        </Point>
      </Placemark>
      <Placemark>
        <name/>
        <description><![CDATA[nama: B2-BKT6<br>deskripsi: ]]></description>
        <styleUrl>#icon-1899-0288D1</styleUrl>
        <ExtendedData>
          <Data name="nama">
            <value>B2-BKT6</value>
          </Data>
          <Data name="deskripsi">
            <value/>
          </Data>
        </ExtendedData>
        <Point>
          <coordinates>
            100.38451,-0.286172,0
          </coordinates>
        </Point>
      </Placemark>
      <Placemark>
        <name/>
        <description><![CDATA[nama: B2-BKT7<br>deskripsi: ]]></description>
        <styleUrl>#icon-1899-0288D1</styleUrl>
        <ExtendedData>
          <Data name="nama">
            <value>B2-BKT7</value>
          </Data>
          <Data name="deskripsi">
            <value/>
          </Data>
        </ExtendedData>
        <Point>
          <coordinates>
            100.385296,-0.286032,0
          </coordinates>
        </Point>
      </Placemark>
      <Placemark>
        <name/>
        <description><![CDATA[nama: B4-BKT3<br>deskripsi: T1-C4]]></description>
        <styleUrl>#icon-1899-0288D1</styleUrl>
        <ExtendedData>
          <Data name="nama">
            <value>B4-BKT3</value>
          </Data>
          <Data name="deskripsi">
            <value>T1-C4</value>
          </Data>
        </ExtendedData>
        <Point>
          <coordinates>
            100.382222,-0.287642,0
          </coordinates>
        </Point>
      </Placemark>
      <Placemark>
        <name/>
        <description><![CDATA[nama: B5-BKT4<br>deskripsi: T1-C5]]></description>
        <styleUrl>#icon-1899-0288D1</styleUrl>
        <ExtendedData>
          <Data name="nama">
            <value>B5-BKT4</value>
          </Data>
          <Data name="deskripsi">
            <value>T1-C5</value>
          </Data>
        </ExtendedData>
        <Point>
          <coordinates>
            100.380804,-0.288253,0
          </coordinates>
        </Point>
      </Placemark>
      <Placemark>
        <name/>
        <description><![CDATA[nama: B6-BKT5<br>deskripsi: T1-C6]]></description>
        <styleUrl>#icon-1899-0288D1</styleUrl>
        <ExtendedData>
          <Data name="nama">
            <value>B6-BKT5</value>
          </Data>
          <Data name="deskripsi">
            <value>T1-C6</value>
          </Data>
        </ExtendedData>
        <Point>
          <coordinates>
            100.380059,-0.289689,0
          </coordinates>
        </Point>
      </Placemark>
      <Placemark>
        <name/>
        <description><![CDATA[nama: B7-BKT6<br>deskripsi: T1-C7]]></description>
        <styleUrl>#icon-1899-0288D1</styleUrl>
        <ExtendedData>
          <Data name="nama">
            <value>B7-BKT6</value>
          </Data>
          <Data name="deskripsi">
            <value>T1-C7</value>
          </Data>
        </ExtendedData>
        <Point>
          <coordinates>
            100.379355,-0.290452,0
          </coordinates>
        </Point>
      </Placemark>
      <Placemark>
        <name/>
        <description><![CDATA[nama: B8-BKT7<br>deskripsi: T1-C8]]></description>
        <styleUrl>#icon-1899-0288D1</styleUrl>
        <ExtendedData>
          <Data name="nama">
            <value>B8-BKT7</value>
          </Data>
          <Data name="deskripsi">
            <value>T1-C8</value>
          </Data>
        </ExtendedData>
        <Point>
          <coordinates>
            100.378842,-0.290883,0
          </coordinates>
        </Point>
      </Placemark>
      <Placemark>
        <name/>
        <description><![CDATA[nama: B9-BKT0<br>deskripsi: T1-C9]]></description>
        <styleUrl>#icon-1899-0288D1</styleUrl>
        <ExtendedData>
          <Data name="nama">
            <value>B9-BKT0</value>
          </Data>
          <Data name="deskripsi">
            <value>T1-C9</value>
          </Data>
        </ExtendedData>
        <Point>
          <coordinates>
            100.377917,-0.291152,0
          </coordinates>
        </Point>
      </Placemark>
      <Placemark>
        <name/>
        <description><![CDATA[nama: B9-BKT1<br>deskripsi: ]]></description>
        <styleUrl>#icon-1899-0288D1</styleUrl>
        <ExtendedData>
          <Data name="nama">
            <value>B9-BKT1</value>
          </Data>
          <Data name="deskripsi">
            <value/>
          </Data>
        </ExtendedData>
        <Point>
          <coordinates>
            100.377505,-0.290115,0
          </coordinates>
        </Point>
      </Placemark>
      <Placemark>
        <name/>
        <description><![CDATA[nama: B9-BKT2<br>deskripsi: ]]></description>
        <styleUrl>#icon-1899-0288D1</styleUrl>
        <ExtendedData>
          <Data name="nama">
            <value>B9-BKT2</value>
          </Data>
          <Data name="deskripsi">
            <value/>
          </Data>
        </ExtendedData>
        <Point>
          <coordinates>
            100.377585,-0.288728,0
          </coordinates>
        </Point>
      </Placemark>
      <Placemark>
        <name/>
        <description><![CDATA[nama: B10-BKT9<br>deskripsi: T1-C10]]></description>
        <styleUrl>#icon-1899-0288D1</styleUrl>
        <ExtendedData>
          <Data name="nama">
            <value>B10-BKT9</value>
          </Data>
          <Data name="deskripsi">
            <value>T1-C10</value>
          </Data>
        </ExtendedData>
        <Point>
          <coordinates>
            100.376786,-0.291247,0
          </coordinates>
        </Point>
      </Placemark>
      <Placemark>
        <name/>
        <description><![CDATA[nama: B11-BKT10<br>deskripsi: T1-C11,12]]></description>
        <styleUrl>#icon-1899-0288D1</styleUrl>
        <ExtendedData>
          <Data name="nama">
            <value>B11-BKT10</value>
          </Data>
          <Data name="deskripsi">
            <value>T1-C11,12</value>
          </Data>
        </ExtendedData>
        <Point>
          <coordinates>
            100.375988,-0.291261,0
          </coordinates>
        </Point>
      </Placemark>
      <Placemark>
        <name/>
        <description><![CDATA[nama: B12-BKT0<br>deskripsi: T1-C12]]></description>
        <styleUrl>#icon-1899-0288D1</styleUrl>
        <ExtendedData>
          <Data name="nama">
            <value>B12-BKT0</value>
          </Data>
          <Data name="deskripsi">
            <value>T1-C12</value>
          </Data>
        </ExtendedData>
        <Point>
          <coordinates>
            100.37532,-0.291389,0
          </coordinates>
        </Point>
      </Placemark>
      <Placemark>
        <name/>
        <description><![CDATA[nama: B12-BKT1<br>deskripsi: ]]></description>
        <styleUrl>#icon-1899-0288D1</styleUrl>
        <ExtendedData>
          <Data name="nama">
            <value>B12-BKT1</value>
          </Data>
          <Data name="deskripsi">
            <value/>
          </Data>
        </ExtendedData>
        <Point>
          <coordinates>
            100.376309,-0.294425,0
          </coordinates>
        </Point>
      </Placemark>
      <Placemark>
        <name/>
        <description><![CDATA[nama: 12 Core Batang Aia Katiak<br>deskripsi: Jumlah Core : 12 Core<br>Jumlah Core Terpakai : 6 Core<br>Klasifikasi Kabel : Distribusi<br>Letak Kabel : Udara]]></description>
        <styleUrl>#line-000000-1200</styleUrl>
        <ExtendedData>
          <Data name="nama">
            <value>12 Core Batang Aia Katiak</value>
          </Data>
          <Data name="deskripsi">
            <value>Jumlah Core : 12 Core
Jumlah Core Terpakai : 6 Core
Klasifikasi Kabel : Distribusi
Letak Kabel : Udara</value>
          </Data>
        </ExtendedData>
        <LineString>
          <tessellate>1</tessellate>
          <coordinates>
            100.430268,-0.284842,0
            100.431005,-0.284905,0
            100.431138,-0.288576,0
            100.430461,-0.288637,0
            100.42959,-0.288805,0
            100.428353,-0.289075,0
            100.427201,-0.289305,0
            100.426406,-0.289481,0
            100.424975,-0.289761,0
            100.423497,-0.290123,0
            100.42168,-0.290454,0
          </coordinates>
        </LineString>
      </Placemark>
      <Placemark>
        <name/>
        <description><![CDATA[nama: C18-ODP8<br>deskripsi: ]]></description>
        <styleUrl>#icon-1899-0288D1</styleUrl>
        <ExtendedData>
          <Data name="nama">
            <value>C18-ODP8</value>
          </Data>
          <Data name="deskripsi">
            <value/>
          </Data>
        </ExtendedData>
        <Point>
          <coordinates>
            100.430022,-0.288704,0
          </coordinates>
        </Point>
      </Placemark>
      <Placemark>
        <name/>
        <description><![CDATA[nama: F1-ODP1<br>deskripsi: ]]></description>
        <styleUrl>#icon-1899-0288D1</styleUrl>
        <ExtendedData>
          <Data name="nama">
            <value>F1-ODP1</value>
          </Data>
          <Data name="deskripsi">
            <value/>
          </Data>
        </ExtendedData>
        <Point>
          <coordinates>
            100.428131,-0.289076,0
          </coordinates>
        </Point>
      </Placemark>
      <Placemark>
        <name/>
        <description><![CDATA[nama: F2-ODP1<br>deskripsi: ]]></description>
        <styleUrl>#icon-1899-0288D1</styleUrl>
        <ExtendedData>
          <Data name="nama">
            <value>F2-ODP1</value>
          </Data>
          <Data name="deskripsi">
            <value/>
          </Data>
        </ExtendedData>
        <Point>
          <coordinates>
            100.426445,-0.28949,0
          </coordinates>
        </Point>
      </Placemark>
      <Placemark>
        <name/>
        <description><![CDATA[nama: F3-ODP1<br>deskripsi: ]]></description>
        <styleUrl>#icon-1899-0288D1</styleUrl>
        <ExtendedData>
          <Data name="nama">
            <value>F3-ODP1</value>
          </Data>
          <Data name="deskripsi">
            <value/>
          </Data>
        </ExtendedData>
        <Point>
          <coordinates>
            100.426524,-0.290683,0
          </coordinates>
        </Point>
      </Placemark>
      <Placemark>
        <name/>
        <description><![CDATA[nama: F4-ODP1<br>deskripsi: ]]></description>
        <styleUrl>#icon-1899-0288D1</styleUrl>
        <ExtendedData>
          <Data name="nama">
            <value>F4-ODP1</value>
          </Data>
          <Data name="deskripsi">
            <value/>
          </Data>
        </ExtendedData>
        <Point>
          <coordinates>
            100.42495,-0.289754,0
          </coordinates>
        </Point>
      </Placemark>
      <Placemark>
        <name/>
        <description><![CDATA[nama: F5-ODP1<br>deskripsi: ]]></description>
        <styleUrl>#icon-1899-0288D1</styleUrl>
        <ExtendedData>
          <Data name="nama">
            <value>F5-ODP1</value>
          </Data>
          <Data name="deskripsi">
            <value/>
          </Data>
        </ExtendedData>
        <Point>
          <coordinates>
            100.422876,-0.290197,0
          </coordinates>
        </Point>
      </Placemark>
      <Placemark>
        <name/>
        <description><![CDATA[nama: F6-ODP1<br>deskripsi: ]]></description>
        <styleUrl>#icon-1899-0288D1</styleUrl>
        <ExtendedData>
          <Data name="nama">
            <value>F6-ODP1</value>
          </Data>
          <Data name="deskripsi">
            <value/>
          </Data>
        </ExtendedData>
        <Point>
          <coordinates>
            100.421682,-0.29044,0
          </coordinates>
        </Point>
      </Placemark>
      <Placemark>
        <name/>
        <description><![CDATA[nama: 4 Core Simp Senggol<br>deskripsi: Jumlah Core : 4 Core<br>Jumlah Core Terpakai : 2 Core<br>Klasifikasi Kabel : Distribusi<br>Letak Kabel : Udara]]></description>
        <styleUrl>#line-000000-1200</styleUrl>
        <ExtendedData>
          <Data name="nama">
            <value>4 Core Simp Senggol</value>
          </Data>
          <Data name="deskripsi">
            <value>Jumlah Core : 4 Core
Jumlah Core Terpakai : 2 Core
Klasifikasi Kabel : Distribusi
Letak Kabel : Udara</value>
          </Data>
        </ExtendedData>
        <LineString>
          <tessellate>1</tessellate>
          <coordinates>
            100.426422,-0.289508,0
            100.426523,-0.290192,0
            100.426533,-0.290688,0
          </coordinates>
        </LineString>
      </Placemark>
      <Placemark>
        <name/>
        <description><![CDATA[nama: F7-ODP1<br>deskripsi: ]]></description>
        <styleUrl>#icon-1899-0288D1</styleUrl>
        <ExtendedData>
          <Data name="nama">
            <value>F7-ODP1</value>
          </Data>
          <Data name="deskripsi">
            <value/>
          </Data>
        </ExtendedData>
        <Point>
          <coordinates>
            100.424717,-0.288215,0
          </coordinates>
        </Point>
      </Placemark>
      <Placemark>
        <name/>
        <description><![CDATA[nama: F7-ODP2<br>deskripsi: ]]></description>
        <styleUrl>#icon-1899-0288D1</styleUrl>
        <ExtendedData>
          <Data name="nama">
            <value>F7-ODP2</value>
          </Data>
          <Data name="deskripsi">
            <value/>
          </Data>
        </ExtendedData>
        <Point>
          <coordinates>
            100.424123,-0.288033,0
          </coordinates>
        </Point>
      </Placemark>
      <Placemark>
        <name/>
        <description><![CDATA[nama: F7-ODP3<br>deskripsi: ]]></description>
        <styleUrl>#icon-1899-0288D1</styleUrl>
        <ExtendedData>
          <Data name="nama">
            <value>F7-ODP3</value>
          </Data>
          <Data name="deskripsi">
            <value/>
          </Data>
        </ExtendedData>
        <Point>
          <coordinates>
            100.423511,-0.287873,0
          </coordinates>
        </Point>
      </Placemark>
      <Placemark>
        <name/>
        <description><![CDATA[nama: F7-ODP4<br>deskripsi: ]]></description>
        <styleUrl>#icon-1899-0288D1</styleUrl>
        <ExtendedData>
          <Data name="nama">
            <value>F7-ODP4</value>
          </Data>
          <Data name="deskripsi">
            <value/>
          </Data>
        </ExtendedData>
        <Point>
          <coordinates>
            100.425187,-0.287909,0
          </coordinates>
        </Point>
      </Placemark>
      <Placemark>
        <name/>
        <description><![CDATA[nama: 4 Core Perum Mutiara Sakinah<br>deskripsi: Jumlah Core : 4 Core<br>Jumlah Core Terpakai : 4 Core<br>Klasifikasi Kabel : Distribusi<br>Letak Kabel : Udara]]></description>
        <styleUrl>#line-000000-1200</styleUrl>
        <ExtendedData>
          <Data name="nama">
            <value>4 Core Perum Mutiara Sakinah</value>
          </Data>
          <Data name="deskripsi">
            <value>Jumlah Core : 4 Core
Jumlah Core Terpakai : 4 Core
Klasifikasi Kabel : Distribusi
Letak Kabel : Udara</value>
          </Data>
        </ExtendedData>
        <LineString>
          <tessellate>1</tessellate>
          <coordinates>
            100.424983,-0.289748,0
            100.425094,-0.289329,0
            100.424877,-0.289058,0
            100.424668,-0.288752,0
            100.424625,-0.288473,0
            100.424733,-0.288175,0
            100.424623,-0.288024,0
            100.424398,-0.287905,0
            100.424099,-0.287989,0
            100.423523,-0.28784,0
          </coordinates>
        </LineString>
      </Placemark>
      <Placemark>
        <name/>
        <description><![CDATA[nama: 4 Core Mutiara Sakinah<br>deskripsi: Jumlah Core : 4 Core<br>Jumlah Core Terpakai : 1 Core<br>Klasifikasi Kabel : Distribusi<br>Letak Kabel : Udara]]></description>
        <styleUrl>#line-000000-1200</styleUrl>
        <ExtendedData>
          <Data name="nama">
            <value>4 Core Mutiara Sakinah</value>
          </Data>
          <Data name="deskripsi">
            <value>Jumlah Core : 4 Core
Jumlah Core Terpakai : 1 Core
Klasifikasi Kabel : Distribusi
Letak Kabel : Udara</value>
          </Data>
        </ExtendedData>
        <LineString>
          <tessellate>1</tessellate>
          <coordinates>
            100.424737,-0.288185,0
            100.424917,-0.288271,0
            100.425193,-0.287861,0
          </coordinates>
        </LineString>
      </Placemark>
      <Placemark>
        <name/>
        <description><![CDATA[nama: 48 Core Tanjung Alam<br>deskripsi: Jumlah Core : 48 Core<br>Jumlah Core Terpakai : 24 Core<br>Klasifikasi Kabel : Backbone<br>Letak Kabel : Udara]]></description>
        <styleUrl>#line-000000-1200</styleUrl>
        <ExtendedData>
          <Data name="nama">
            <value>48 Core Tanjung Alam</value>
          </Data>
          <Data name="deskripsi">
            <value>Jumlah Core : 48 Core
Jumlah Core Terpakai : 24 Core
Klasifikasi Kabel : Backbone
Letak Kabel : Udara</value>
          </Data>
        </ExtendedData>
        <LineString>
          <tessellate>1</tessellate>
          <coordinates>
            100.430266,-0.284875,0
            100.429664,-0.284713,0
            100.428848,-0.284436,0
            100.427961,-0.284208,0
            100.426954,-0.283896,0
            100.425209,-0.282458,0
            100.422487,-0.280113,0
            100.420543,-0.28162,0
            100.419786,-0.28262,0
            100.419452,-0.283026,0
            100.418985,-0.283243,0
            100.417744,-0.283828,0
            100.416695,-0.284366,0
            100.415459,-0.284964,0
            100.4153,-0.285482,0
            100.414491,-0.285813,0
            100.414063,-0.285657,0
            100.413223,-0.284997,0
            100.412008,-0.284471,0
            100.411764,-0.284383,0
            100.411449,-0.283856,0
            100.410695,-0.283637,0
            100.409112,-0.283257,0
            100.409039,-0.285299,0
            100.409062,-0.28663,0
            100.409048,-0.28878,0
            100.409113,-0.290796,0
            100.409184,-0.292087,0
            100.409329,-0.292986,0
          </coordinates>
        </LineString>
      </Placemark>
      <Placemark>
        <name/>
        <description><![CDATA[nama: 24 Core Kapau<br>deskripsi: Jumlah Core : 24 Core<br>Jumlah Core Terpakai : 6 Core<br>Klasifikasi Kabel : Backbone<br>Letak Kabel : Udara]]></description>
        <styleUrl>#line-000000-1200</styleUrl>
        <ExtendedData>
          <Data name="nama">
            <value>24 Core Kapau</value>
          </Data>
          <Data name="deskripsi">
            <value>Jumlah Core : 24 Core
Jumlah Core Terpakai : 6 Core
Klasifikasi Kabel : Backbone
Letak Kabel : Udara</value>
          </Data>
        </ExtendedData>
        <LineString>
          <tessellate>1</tessellate>
          <coordinates>
            100.409126,-0.283262,0
            100.409335,-0.281028,0
            100.40963,-0.279089,0
            100.409718,-0.278263,0
            100.409732,-0.277405,0
            100.409382,-0.276245,0
            100.408855,-0.274266,0
            100.408196,-0.272626,0
          </coordinates>
        </LineString>
      </Placemark>
      <Placemark>
        <name/>
        <description><![CDATA[nama: 12 Core Tj Bungo<br>deskripsi: Jumlah Core : 12 Core<br>Jumlah Core Terpakai : 6 Core<br>Klasifikasi Kabel : Distribusi<br>Letak Kabel : Udara]]></description>
        <styleUrl>#line-000000-1200</styleUrl>
        <ExtendedData>
          <Data name="nama">
            <value>12 Core Tj Bungo</value>
          </Data>
          <Data name="deskripsi">
            <value>Jumlah Core : 12 Core
Jumlah Core Terpakai : 6 Core
Klasifikasi Kabel : Distribusi
Letak Kabel : Udara</value>
          </Data>
        </ExtendedData>
        <LineString>
          <tessellate>1</tessellate>
          <coordinates>
            100.40927,-0.292411,0
            100.409371,-0.292953,0
            100.410902,-0.292634,0
            100.412208,-0.292326,0
            100.414758,-0.29187,0
            100.41612,-0.291574,0
          </coordinates>
        </LineString>
      </Placemark>
      <Placemark>
        <name/>
        <description><![CDATA[nama: 4 Core Pilubang<br>deskripsi: Jumlah Core : 4 Core<br>Jumlah Core Terpakai : 4 Core<br>Klasifikasi Kabel : Distribusi<br>Letak Kabel : Udara]]></description>
        <styleUrl>#line-000000-1200</styleUrl>
        <ExtendedData>
          <Data name="nama">
            <value>4 Core Pilubang</value>
          </Data>
          <Data name="deskripsi">
            <value>Jumlah Core : 4 Core
Jumlah Core Terpakai : 4 Core
Klasifikasi Kabel : Distribusi
Letak Kabel : Udara</value>
          </Data>
        </ExtendedData>
        <LineString>
          <tessellate>1</tessellate>
          <coordinates>
            100.409121,-0.290723,0
            100.407608,-0.290696,0
            100.406859,-0.290763,0
            100.40546,-0.29048,0
            100.40483,-0.290424,0
            100.403517,-0.290259,0
            100.402751,-0.290331,0
            100.40098,-0.289965,0
            100.401336,-0.288812,0
            100.400938,-0.287476,0
            100.401019,-0.286311,0
            100.40093,-0.285924,0
            100.401009,-0.284928,0
            100.402211,-0.284732,0
          </coordinates>
        </LineString>
      </Placemark>
      <Placemark>
        <name/>
        <description><![CDATA[nama: 4 Core Pilubang 2<br>deskripsi: Jumlah Core : 4 Core<br>Jumlah Core Terpakai : 1 Core<br>Klasifikasi Kabel : Distribusi<br>Letak Kabel : Udara]]></description>
        <styleUrl>#line-000000-1200</styleUrl>
        <ExtendedData>
          <Data name="nama">
            <value>4 Core Pilubang 2</value>
          </Data>
          <Data name="deskripsi">
            <value>Jumlah Core : 4 Core
Jumlah Core Terpakai : 1 Core
Klasifikasi Kabel : Distribusi
Letak Kabel : Udara</value>
          </Data>
        </ExtendedData>
        <LineString>
          <tessellate>1</tessellate>
          <coordinates>
            100.401019,-0.286321,0
            100.401381,-0.286508,0
            100.40195,-0.286546,0
            100.402638,-0.286577,0
            100.403138,-0.286496,0
            100.403369,-0.286522,0
          </coordinates>
        </LineString>
      </Placemark>
      <Placemark>
        <name/>
        <description><![CDATA[nama: 4 Core Pilubang 3<br>deskripsi: Jumlah Core : 4 Core<br>Jumlah Core Terpakai : 3 Core<br>Klasifikasi Kabel : Distribusi<br>Letak Kabel : Udara]]></description>
        <styleUrl>#line-000000-1200</styleUrl>
        <ExtendedData>
          <Data name="nama">
            <value>4 Core Pilubang 3</value>
          </Data>
          <Data name="deskripsi">
            <value>Jumlah Core : 4 Core
Jumlah Core Terpakai : 3 Core
Klasifikasi Kabel : Distribusi
Letak Kabel : Udara</value>
          </Data>
        </ExtendedData>
        <LineString>
          <tessellate>1</tessellate>
          <coordinates>
            100.40932,-0.280995,0
            100.408529,-0.280905,0
            100.407065,-0.280873,0
            100.404626,-0.280581,0
            100.404282,-0.280566,0
            100.404166,-0.280903,0
            100.404408,-0.281695,0
            100.404482,-0.282334,0
            100.403708,-0.282342,0
          </coordinates>
        </LineString>
      </Placemark>
      <Placemark>
        <name/>
        <description><![CDATA[nama: G21-ODP1<br>deskripsi: ]]></description>
        <styleUrl>#icon-1899-0288D1</styleUrl>
        <ExtendedData>
          <Data name="nama">
            <value>G21-ODP1</value>
          </Data>
          <Data name="deskripsi">
            <value/>
          </Data>
        </ExtendedData>
        <Point>
          <coordinates>
            100.40911,-0.283292,0
          </coordinates>
        </Point>
      </Placemark>
      <Placemark>
        <name/>
        <description><![CDATA[nama: G21-ODP2<br>deskripsi: ]]></description>
        <styleUrl>#icon-1899-0288D1</styleUrl>
        <ExtendedData>
          <Data name="nama">
            <value>G21-ODP2</value>
          </Data>
          <Data name="deskripsi">
            <value/>
          </Data>
        </ExtendedData>
        <Point>
          <coordinates>
            100.409564,-0.279486,0
          </coordinates>
        </Point>
      </Placemark>
      <Placemark>
        <name/>
        <description><![CDATA[nama: G21-ODP3<br>deskripsi: ]]></description>
        <styleUrl>#icon-1899-0288D1</styleUrl>
        <ExtendedData>
          <Data name="nama">
            <value>G21-ODP3</value>
          </Data>
          <Data name="deskripsi">
            <value/>
          </Data>
        </ExtendedData>
        <Point>
          <coordinates>
            100.409048,-0.286624,0
          </coordinates>
        </Point>
      </Placemark>
      <Placemark>
        <name/>
        <description><![CDATA[nama: G22-ODP1<br>deskripsi: ]]></description>
        <styleUrl>#icon-1899-0288D1</styleUrl>
        <ExtendedData>
          <Data name="nama">
            <value>G22-ODP1</value>
          </Data>
          <Data name="deskripsi">
            <value/>
          </Data>
        </ExtendedData>
        <Point>
          <coordinates>
            100.409677,-0.292851,0
          </coordinates>
        </Point>
      </Placemark>
      <Placemark>
        <name/>
        <description><![CDATA[nama: G22-ODP2<br>deskripsi: ]]></description>
        <styleUrl>#icon-1899-0288D1</styleUrl>
        <ExtendedData>
          <Data name="nama">
            <value>G22-ODP2</value>
          </Data>
          <Data name="deskripsi">
            <value/>
          </Data>
        </ExtendedData>
        <Point>
          <coordinates>
            100.410781,-0.292669,0
          </coordinates>
        </Point>
      </Placemark>
      <Placemark>
        <name/>
        <description><![CDATA[nama: G22-ODP3<br>deskripsi: ]]></description>
        <styleUrl>#icon-1899-0288D1</styleUrl>
        <ExtendedData>
          <Data name="nama">
            <value>G22-ODP3</value>
          </Data>
          <Data name="deskripsi">
            <value/>
          </Data>
        </ExtendedData>
        <Point>
          <coordinates>
            100.41387,-0.292017,0
          </coordinates>
        </Point>
      </Placemark>
      <Placemark>
        <name/>
        <description><![CDATA[nama: G22-ODP4<br>deskripsi: ]]></description>
        <styleUrl>#icon-1899-0288D1</styleUrl>
        <ExtendedData>
          <Data name="nama">
            <value>G22-ODP4</value>
          </Data>
          <Data name="deskripsi">
            <value/>
          </Data>
        </ExtendedData>
        <Point>
          <coordinates>
            100.414699,-0.291862,0
          </coordinates>
        </Point>
      </Placemark>
      <Placemark>
        <name/>
        <description><![CDATA[nama: G22-ODP5<br>deskripsi: ]]></description>
        <styleUrl>#icon-1899-0288D1</styleUrl>
        <ExtendedData>
          <Data name="nama">
            <value>G22-ODP5</value>
          </Data>
          <Data name="deskripsi">
            <value/>
          </Data>
        </ExtendedData>
        <Point>
          <coordinates>
            100.416096,-0.29157,0
          </coordinates>
        </Point>
      </Placemark>
      <Placemark>
        <name/>
        <description><![CDATA[nama: G22-ODP6<br>deskripsi: ]]></description>
        <styleUrl>#icon-1899-0288D1</styleUrl>
        <ExtendedData>
          <Data name="nama">
            <value>G22-ODP6</value>
          </Data>
          <Data name="deskripsi">
            <value/>
          </Data>
        </ExtendedData>
        <Point>
          <coordinates>
            100.409063,-0.289423,0
          </coordinates>
        </Point>
      </Placemark>
      <Placemark>
        <name/>
        <description><![CDATA[nama: G22-ODP7<br>deskripsi: ]]></description>
        <styleUrl>#icon-1899-0288D1</styleUrl>
        <ExtendedData>
          <Data name="nama">
            <value>G22-ODP7</value>
          </Data>
          <Data name="deskripsi">
            <value/>
          </Data>
        </ExtendedData>
        <Point>
          <coordinates>
            100.409116,-0.290789,0
          </coordinates>
        </Point>
      </Placemark>
      <Placemark>
        <name/>
        <description><![CDATA[nama: G22-ODP8<br>deskripsi: ]]></description>
        <styleUrl>#icon-1899-0288D1</styleUrl>
        <ExtendedData>
          <Data name="nama">
            <value>G22-ODP8</value>
          </Data>
          <Data name="deskripsi">
            <value/>
          </Data>
        </ExtendedData>
        <Point>
          <coordinates>
            100.40925,-0.292433,0
          </coordinates>
        </Point>
      </Placemark>
      <Placemark>
        <name/>
        <description><![CDATA[nama: G23-ODP1<br>deskripsi: ]]></description>
        <styleUrl>#icon-1899-0288D1</styleUrl>
        <ExtendedData>
          <Data name="nama">
            <value>G23-ODP1</value>
          </Data>
          <Data name="deskripsi">
            <value/>
          </Data>
        </ExtendedData>
        <Point>
          <coordinates>
            100.404856,-0.290384,0
          </coordinates>
        </Point>
      </Placemark>
      <Placemark>
        <name/>
        <description><![CDATA[nama: G23-ODP2<br>deskripsi: ]]></description>
        <styleUrl>#icon-1899-0288D1</styleUrl>
        <ExtendedData>
          <Data name="nama">
            <value>G23-ODP2</value>
          </Data>
          <Data name="deskripsi">
            <value/>
          </Data>
        </ExtendedData>
        <Point>
          <coordinates>
            100.403533,-0.290253,0
          </coordinates>
        </Point>
      </Placemark>
      <Placemark>
        <name/>
        <description><![CDATA[nama: G23-ODP3<br>deskripsi: ]]></description>
        <styleUrl>#icon-1899-0288D1</styleUrl>
        <ExtendedData>
          <Data name="nama">
            <value>G23-ODP3</value>
          </Data>
          <Data name="deskripsi">
            <value/>
          </Data>
        </ExtendedData>
        <Point>
          <coordinates>
            100.400998,-0.28999,0
          </coordinates>
        </Point>
      </Placemark>
      <Placemark>
        <name/>
        <description><![CDATA[nama: G23-ODP4<br>deskripsi: ]]></description>
        <styleUrl>#icon-1899-0288D1</styleUrl>
        <ExtendedData>
          <Data name="nama">
            <value>G23-ODP4</value>
          </Data>
          <Data name="deskripsi">
            <value/>
          </Data>
        </ExtendedData>
        <Point>
          <coordinates>
            100.401026,-0.286357,0
          </coordinates>
        </Point>
      </Placemark>
      <Placemark>
        <name/>
        <description><![CDATA[nama: G23-ODP6<br>deskripsi: ]]></description>
        <styleUrl>#icon-1899-0288D1</styleUrl>
        <ExtendedData>
          <Data name="nama">
            <value>G23-ODP6</value>
          </Data>
          <Data name="deskripsi">
            <value/>
          </Data>
        </ExtendedData>
        <Point>
          <coordinates>
            100.401016,-0.284913,0
          </coordinates>
        </Point>
      </Placemark>
      <Placemark>
        <name/>
        <description><![CDATA[nama: G23-ODP5<br>deskripsi: ]]></description>
        <styleUrl>#icon-1899-0288D1</styleUrl>
        <ExtendedData>
          <Data name="nama">
            <value>G23-ODP5</value>
          </Data>
          <Data name="deskripsi">
            <value/>
          </Data>
        </ExtendedData>
        <Point>
          <coordinates>
            100.403361,-0.286498,0
          </coordinates>
        </Point>
      </Placemark>
      <Placemark>
        <name/>
        <description><![CDATA[nama: G23-ODP7<br>deskripsi: ]]></description>
        <styleUrl>#icon-1899-0288D1</styleUrl>
        <ExtendedData>
          <Data name="nama">
            <value>G23-ODP7</value>
          </Data>
          <Data name="deskripsi">
            <value/>
          </Data>
        </ExtendedData>
        <Point>
          <coordinates>
            100.402209,-0.2847,0
          </coordinates>
        </Point>
      </Placemark>
      <Placemark>
        <name/>
        <description><![CDATA[nama: G23-ODP8<br>deskripsi: ]]></description>
        <styleUrl>#icon-1899-0288D1</styleUrl>
        <ExtendedData>
          <Data name="nama">
            <value>G23-ODP8</value>
          </Data>
          <Data name="deskripsi">
            <value/>
          </Data>
        </ExtendedData>
        <Point>
          <coordinates>
            100.396696,-0.285019,0
          </coordinates>
        </Point>
      </Placemark>
      <Placemark>
        <name/>
        <description><![CDATA[nama: G24-ODP1<br>deskripsi: ]]></description>
        <styleUrl>#icon-1899-0288D1</styleUrl>
        <ExtendedData>
          <Data name="nama">
            <value>G24-ODP1</value>
          </Data>
          <Data name="deskripsi">
            <value/>
          </Data>
        </ExtendedData>
        <Point>
          <coordinates>
            100.409357,-0.280994,0
          </coordinates>
        </Point>
      </Placemark>
      <Placemark>
        <name/>
        <description><![CDATA[nama: G24-ODP2<br>deskripsi: ]]></description>
        <styleUrl>#icon-1899-0288D1</styleUrl>
        <ExtendedData>
          <Data name="nama">
            <value>G24-ODP2</value>
          </Data>
          <Data name="deskripsi">
            <value/>
          </Data>
        </ExtendedData>
        <Point>
          <coordinates>
            100.407064,-0.280854,0
          </coordinates>
        </Point>
      </Placemark>
      <Placemark>
        <name/>
        <description><![CDATA[nama: G24-ODP3<br>deskripsi: ]]></description>
        <styleUrl>#icon-1899-0288D1</styleUrl>
        <ExtendedData>
          <Data name="nama">
            <value>G24-ODP3</value>
          </Data>
          <Data name="deskripsi">
            <value/>
          </Data>
        </ExtendedData>
        <Point>
          <coordinates>
            100.404668,-0.280575,0
          </coordinates>
        </Point>
      </Placemark>
      <Placemark>
        <name/>
        <description><![CDATA[nama: G24-ODP4<br>deskripsi: ]]></description>
        <styleUrl>#icon-1899-0288D1</styleUrl>
        <ExtendedData>
          <Data name="nama">
            <value>G24-ODP4</value>
          </Data>
          <Data name="deskripsi">
            <value/>
          </Data>
        </ExtendedData>
        <Point>
          <coordinates>
            100.403711,-0.282354,0
          </coordinates>
        </Point>
      </Placemark>
      <Placemark>
        <name/>
        <description><![CDATA[nama: 4 Core Talao<br>deskripsi: ]]></description>
        <styleUrl>#line-000000-1200</styleUrl>
        <ExtendedData>
          <Data name="nama">
            <value>4 Core Talao</value>
          </Data>
          <Data name="deskripsi">
            <value/>
          </Data>
        </ExtendedData>
        <LineString>
          <tessellate>1</tessellate>
          <coordinates>
            100.401004,-0.284986,0
            100.400339,-0.284968,0
            100.400102,-0.284795,0
            100.399042,-0.284759,0
            100.39888,-0.2846,0
            100.39833,-0.284526,0
            100.397629,-0.284538,0
            100.397575,-0.284737,0
            100.397067,-0.284881,0
            100.396712,-0.285031,0
          </coordinates>
        </LineString>
      </Placemark>
      <Placemark>
        <name/>
        <description><![CDATA[nama: 24 Core Kapau<br>deskripsi: ]]></description>
        <styleUrl>#line-000000-1200</styleUrl>
        <ExtendedData>
          <Data name="nama">
            <value>24 Core Kapau</value>
          </Data>
          <Data name="deskripsi">
            <value/>
          </Data>
        </ExtendedData>
        <LineString>
          <tessellate>1</tessellate>
          <coordinates>
            100.412959,-0.265313,0
            100.411059,-0.270678,0
            100.409579,-0.271744,0
            100.408091,-0.27269,0
            100.406526,-0.273535,0
            100.404624,-0.274628,0
            100.403881,-0.275144,0
            100.402327,-0.276776,0
            100.401264,-0.277811,0
            100.399275,-0.27956,0
            100.398276,-0.280147,0
            100.397552,-0.280378,0
            100.396726,-0.280526,0
            100.394992,-0.280714,0
            100.394203,-0.280818,0
            100.393782,-0.280873,0
            100.392891,-0.280938,0
            100.392152,-0.280999,0
            100.391083,-0.281009,0
            100.389745,-0.280927,0
            100.388924,-0.280844,0
            100.388652,-0.280728,0
            100.388069,-0.280618,0
            100.387623,-0.280507,0
            100.387147,-0.280303,0
            100.386901,-0.280212,0
            100.38665,-0.280388,0
          </coordinates>
        </LineString>
      </Placemark>
      <Placemark>
        <name/>
        <description><![CDATA[nama: 12 Core Parak Maru<br>deskripsi: ]]></description>
        <styleUrl>#line-000000-1200</styleUrl>
        <ExtendedData>
          <Data name="nama">
            <value>12 Core Parak Maru</value>
          </Data>
          <Data name="deskripsi">
            <value/>
          </Data>
        </ExtendedData>
        <LineString>
          <tessellate>1</tessellate>
          <coordinates>
            100.411058,-0.270672,0
            100.411951,-0.270533,0
            100.412699,-0.270327,0
            100.413288,-0.270147,0
            100.413932,-0.26998,0
            100.414541,-0.270126,0
            100.416331,-0.270034,0
          </coordinates>
        </LineString>
      </Placemark>
      <Placemark>
        <name/>
        <description><![CDATA[nama: G19-ODP0<br>deskripsi: ]]></description>
        <styleUrl>#icon-1899-0288D1</styleUrl>
        <ExtendedData>
          <Data name="nama">
            <value>G19-ODP0</value>
          </Data>
          <Data name="deskripsi">
            <value/>
          </Data>
        </ExtendedData>
        <Point>
          <coordinates>
            100.409232,-0.275766,0
          </coordinates>
        </Point>
      </Placemark>
      <Placemark>
        <name/>
        <description><![CDATA[nama: G7-ODP0<br>deskripsi: ]]></description>
        <styleUrl>#icon-1899-0288D1</styleUrl>
        <ExtendedData>
          <Data name="nama">
            <value>G7-ODP0</value>
          </Data>
          <Data name="deskripsi">
            <value/>
          </Data>
        </ExtendedData>
        <Point>
          <coordinates>
            100.408067,-0.272702,0
          </coordinates>
        </Point>
      </Placemark>
      <Placemark>
        <name/>
        <description><![CDATA[nama: G7-ODP1<br>deskripsi: ]]></description>
        <styleUrl>#icon-1899-0288D1</styleUrl>
        <ExtendedData>
          <Data name="nama">
            <value>G7-ODP1</value>
          </Data>
          <Data name="deskripsi">
            <value/>
          </Data>
        </ExtendedData>
        <Point>
          <coordinates>
            100.408591,-0.273666,0
          </coordinates>
        </Point>
      </Placemark>
      <Placemark>
        <name/>
        <description><![CDATA[nama: G7-ODP2<br>deskripsi: ]]></description>
        <styleUrl>#icon-1899-0288D1</styleUrl>
        <ExtendedData>
          <Data name="nama">
            <value>G7-ODP2</value>
          </Data>
          <Data name="deskripsi">
            <value/>
          </Data>
        </ExtendedData>
        <Point>
          <coordinates>
            100.409577,-0.271737,0
          </coordinates>
        </Point>
      </Placemark>
      <Placemark>
        <name/>
        <description><![CDATA[nama: G8-ODP0<br>deskripsi: ]]></description>
        <styleUrl>#icon-1899-0288D1</styleUrl>
        <ExtendedData>
          <Data name="nama">
            <value>G8-ODP0</value>
          </Data>
          <Data name="deskripsi">
            <value/>
          </Data>
        </ExtendedData>
        <Point>
          <coordinates>
            100.411069,-0.270681,0
          </coordinates>
        </Point>
      </Placemark>
      <Placemark>
        <name/>
        <description><![CDATA[nama: G9-ODP0<br>deskripsi: ]]></description>
        <styleUrl>#icon-1899-0288D1</styleUrl>
        <ExtendedData>
          <Data name="nama">
            <value>G9-ODP0</value>
          </Data>
          <Data name="deskripsi">
            <value/>
          </Data>
        </ExtendedData>
        <Point>
          <coordinates>
            100.41161,-0.269173,0
          </coordinates>
        </Point>
      </Placemark>
      <Placemark>
        <name/>
        <description><![CDATA[nama: G8-ODP1<br>deskripsi: ]]></description>
        <styleUrl>#icon-1899-0288D1</styleUrl>
        <ExtendedData>
          <Data name="nama">
            <value>G8-ODP1</value>
          </Data>
          <Data name="deskripsi">
            <value/>
          </Data>
        </ExtendedData>
        <Point>
          <coordinates>
            100.413099,-0.270212,0
          </coordinates>
        </Point>
      </Placemark>
      <Placemark>
        <name/>
        <description><![CDATA[nama: G8-ODP2<br>deskripsi: ]]></description>
        <styleUrl>#icon-1899-0288D1</styleUrl>
        <ExtendedData>
          <Data name="nama">
            <value>G8-ODP2</value>
          </Data>
          <Data name="deskripsi">
            <value/>
          </Data>
        </ExtendedData>
        <Point>
          <coordinates>
            100.413901,-0.269986,0
          </coordinates>
        </Point>
      </Placemark>
      <Placemark>
        <name/>
        <description><![CDATA[nama: G8-ODP3<br>deskripsi: ]]></description>
        <styleUrl>#icon-1899-0288D1</styleUrl>
        <ExtendedData>
          <Data name="nama">
            <value>G8-ODP3</value>
          </Data>
          <Data name="deskripsi">
            <value/>
          </Data>
        </ExtendedData>
        <Point>
          <coordinates>
            100.415445,-0.270069,0
          </coordinates>
        </Point>
      </Placemark>
      <Placemark>
        <name/>
        <description><![CDATA[nama: G8-ODP4<br>deskripsi: ]]></description>
        <styleUrl>#icon-1899-0288D1</styleUrl>
        <ExtendedData>
          <Data name="nama">
            <value>G8-ODP4</value>
          </Data>
          <Data name="deskripsi">
            <value/>
          </Data>
        </ExtendedData>
        <Point>
          <coordinates>
            100.416332,-0.270026,0
          </coordinates>
        </Point>
      </Placemark>
      <Placemark>
        <name/>
        <description><![CDATA[nama: G7-ODP3<br>deskripsi: ]]></description>
        <styleUrl>#icon-1899-0288D1</styleUrl>
        <ExtendedData>
          <Data name="nama">
            <value>G7-ODP3</value>
          </Data>
          <Data name="deskripsi">
            <value/>
          </Data>
        </ExtendedData>
        <Point>
          <coordinates>
            100.412946,-0.265316,0
          </coordinates>
        </Point>
      </Placemark>
      <Placemark>
        <name/>
        <description><![CDATA[nama: G3-ODP0<br>deskripsi: ]]></description>
        <styleUrl>#icon-1899-0288D1</styleUrl>
        <ExtendedData>
          <Data name="nama">
            <value>G3-ODP0</value>
          </Data>
          <Data name="deskripsi">
            <value/>
          </Data>
        </ExtendedData>
        <Point>
          <coordinates>
            100.406263,-0.273702,0
          </coordinates>
        </Point>
      </Placemark>
      <Placemark>
        <name/>
        <description><![CDATA[nama: G7-ODP4<br>deskripsi: ]]></description>
        <styleUrl>#icon-1899-0288D1</styleUrl>
        <ExtendedData>
          <Data name="nama">
            <value>G7-ODP4</value>
          </Data>
          <Data name="deskripsi">
            <value/>
          </Data>
        </ExtendedData>
        <Point>
          <coordinates>
            100.404638,-0.274613,0
          </coordinates>
        </Point>
      </Placemark>
      <Placemark>
        <name/>
        <description><![CDATA[nama: G4-ODP0<br>deskripsi: ]]></description>
        <styleUrl>#icon-1899-0288D1</styleUrl>
        <ExtendedData>
          <Data name="nama">
            <value>G4-ODP0</value>
          </Data>
          <Data name="deskripsi">
            <value/>
          </Data>
        </ExtendedData>
        <Point>
          <coordinates>
            100.402494,-0.276583,0
          </coordinates>
        </Point>
      </Placemark>
      <Placemark>
        <name/>
        <description><![CDATA[nama: G5-ODP0<br>deskripsi: ]]></description>
        <styleUrl>#icon-1899-0288D1</styleUrl>
        <ExtendedData>
          <Data name="nama">
            <value>G5-ODP0</value>
          </Data>
          <Data name="deskripsi">
            <value/>
          </Data>
        </ExtendedData>
        <Point>
          <coordinates>
            100.401304,-0.277774,0
          </coordinates>
        </Point>
      </Placemark>
      <Placemark>
        <name/>
        <description><![CDATA[nama: G6-ODP3<br>deskripsi: ]]></description>
        <styleUrl>#icon-1899-0288D1</styleUrl>
        <ExtendedData>
          <Data name="nama">
            <value>G6-ODP3</value>
          </Data>
          <Data name="deskripsi">
            <value/>
          </Data>
        </ExtendedData>
        <Point>
          <coordinates>
            100.399153,-0.279637,0
          </coordinates>
        </Point>
      </Placemark>
      <Placemark>
        <name/>
        <description><![CDATA[nama: G6-ODP2<br>deskripsi: ]]></description>
        <styleUrl>#icon-1899-0288D1</styleUrl>
        <ExtendedData>
          <Data name="nama">
            <value>G6-ODP2</value>
          </Data>
          <Data name="deskripsi">
            <value/>
          </Data>
        </ExtendedData>
        <Point>
          <coordinates>
            100.396731,-0.280509,0
          </coordinates>
        </Point>
      </Placemark>
      <Placemark>
        <name/>
        <description><![CDATA[nama: G6-ODP0<br>deskripsi: ]]></description>
        <styleUrl>#icon-1899-0288D1</styleUrl>
        <ExtendedData>
          <Data name="nama">
            <value>G6-ODP0</value>
          </Data>
          <Data name="deskripsi">
            <value/>
          </Data>
        </ExtendedData>
        <Point>
          <coordinates>
            100.394194,-0.280816,0
          </coordinates>
        </Point>
      </Placemark>
      <Placemark>
        <name/>
        <description><![CDATA[nama: G6-ODP4<br>deskripsi: ]]></description>
        <styleUrl>#icon-1899-0288D1</styleUrl>
        <ExtendedData>
          <Data name="nama">
            <value>G6-ODP4</value>
          </Data>
          <Data name="deskripsi">
            <value/>
          </Data>
        </ExtendedData>
        <Point>
          <coordinates>
            100.39291,-0.28092,0
          </coordinates>
        </Point>
      </Placemark>
      <Placemark>
        <name/>
        <description><![CDATA[nama: G6-ODP5<br>deskripsi: ]]></description>
        <styleUrl>#icon-1899-0288D1</styleUrl>
        <ExtendedData>
          <Data name="nama">
            <value>G6-ODP5</value>
          </Data>
          <Data name="deskripsi">
            <value/>
          </Data>
        </ExtendedData>
        <Point>
          <coordinates>
            100.391601,-0.281003,0
          </coordinates>
        </Point>
      </Placemark>
      <Placemark>
        <name/>
        <description><![CDATA[nama: G6-ODP6<br>deskripsi: ]]></description>
        <styleUrl>#icon-1899-0288D1</styleUrl>
        <ExtendedData>
          <Data name="nama">
            <value>G6-ODP6</value>
          </Data>
          <Data name="deskripsi">
            <value/>
          </Data>
        </ExtendedData>
        <Point>
          <coordinates>
            100.388926,-0.280849,0
          </coordinates>
        </Point>
      </Placemark>
      <Placemark>
        <name/>
        <description><![CDATA[nama: G7-ODP5<br>deskripsi: ]]></description>
        <styleUrl>#icon-1899-0288D1</styleUrl>
        <ExtendedData>
          <Data name="nama">
            <value>G7-ODP5</value>
          </Data>
          <Data name="deskripsi">
            <value/>
          </Data>
        </ExtendedData>
        <Point>
          <coordinates>
            100.403618,-0.275413,0
          </coordinates>
        </Point>
      </Placemark>
      <Placemark>
        <name/>
        <description><![CDATA[nama: G6-ODP1<br>deskripsi: ]]></description>
        <styleUrl>#icon-1899-0288D1</styleUrl>
        <ExtendedData>
          <Data name="nama">
            <value>G6-ODP1</value>
          </Data>
          <Data name="deskripsi">
            <value/>
          </Data>
        </ExtendedData>
        <Point>
          <coordinates>
            100.395103,-0.280693,0
          </coordinates>
        </Point>
      </Placemark>
      <Placemark>
        <name/>
        <description><![CDATA[nama: Untitled Placemark<br>deskripsi: ]]></description>
        <styleUrl>#icon-1899-0288D1</styleUrl>
        <ExtendedData>
          <Data name="nama">
            <value>Untitled Placemark</value>
          </Data>
          <Data name="deskripsi">
            <value/>
          </Data>
        </ExtendedData>
        <Point>
          <coordinates>
            100.415737,-0.275211,0
          </coordinates>
        </Point>
      </Placemark>
      <Placemark>
        <name/>
        <description><![CDATA[nama: Untitled Placemark<br>deskripsi: ]]></description>
        <styleUrl>#icon-1899-0288D1</styleUrl>
        <ExtendedData>
          <Data name="nama">
            <value>Untitled Placemark</value>
          </Data>
          <Data name="deskripsi">
            <value/>
          </Data>
        </ExtendedData>
        <Point>
          <coordinates>
            100.412052,-0.275159,0
          </coordinates>
        </Point>
      </Placemark>
      <Placemark>
        <name/>
        <description><![CDATA[nama: Untitled Placemark<br>deskripsi: ]]></description>
        <styleUrl>#icon-1899-0288D1</styleUrl>
        <ExtendedData>
          <Data name="nama">
            <value>Untitled Placemark</value>
          </Data>
          <Data name="deskripsi">
            <value/>
          </Data>
        </ExtendedData>
        <Point>
          <coordinates>
            100.410632,-0.276418,0
          </coordinates>
        </Point>
      </Placemark>
      <Placemark>
        <name/>
        <description><![CDATA[nama: 48 4000 Simp Tj Alam - Anak Air<br>deskripsi: Jumlah Core : 48 Core<br>Jumlah Core Terpakai : 24 Core<br>Klasifikasi Kabel : Backbone dan Distribusi<br>Letak Kabel : Udara]]></description>
        <styleUrl>#line-000000-1200</styleUrl>
        <ExtendedData>
          <Data name="nama">
            <value>48 4000 Simp Tj Alam - Anak Air</value>
          </Data>
          <Data name="deskripsi">
            <value>Jumlah Core : 48 Core
Jumlah Core Terpakai : 24 Core
Klasifikasi Kabel : Backbone dan Distribusi
Letak Kabel : Udara</value>
          </Data>
        </ExtendedData>
        <LineString>
          <tessellate>1</tessellate>
          <coordinates>
            100.409342,-0.292981,0
            100.40682,-0.293505,0
            100.404459,-0.293948,0
            100.401875,-0.294477,0
            100.399621,-0.295025,0
            100.39667,-0.295712,0
            100.391975,-0.296403,0
            100.38776,-0.29684,0
            100.386415,-0.297021,0
            100.385279,-0.297148,0
            100.384056,-0.297421,0
            100.37906,-0.298678,0
            100.378221,-0.298854,0
            100.377343,-0.299062,0
            100.377233,-0.2991,0
          </coordinates>
        </LineString>
      </Placemark>
      <Placemark>
        <name/>
        <description><![CDATA[nama: A13-ODP0<br>deskripsi: T2-C13-14]]></description>
        <styleUrl>#icon-1899-0288D1</styleUrl>
        <ExtendedData>
          <Data name="nama">
            <value>A13-ODP0</value>
          </Data>
          <Data name="deskripsi">
            <value>T2-C13-14</value>
          </Data>
        </ExtendedData>
        <Point>
          <coordinates>
            100.402488,-0.294363,0
          </coordinates>
        </Point>
      </Placemark>
      <Placemark>
        <name/>
        <description><![CDATA[nama: A13-ODP1<br>deskripsi: ]]></description>
        <styleUrl>#icon-1899-0288D1</styleUrl>
        <ExtendedData>
          <Data name="nama">
            <value>A13-ODP1</value>
          </Data>
          <Data name="deskripsi">
            <value/>
          </Data>
        </ExtendedData>
        <Point>
          <coordinates>
            100.402393,-0.296466,0
          </coordinates>
        </Point>
      </Placemark>
      <Placemark>
        <name/>
        <description><![CDATA[nama: A13-ODP2<br>deskripsi: ]]></description>
        <styleUrl>#icon-1899-0288D1</styleUrl>
        <ExtendedData>
          <Data name="nama">
            <value>A13-ODP2</value>
          </Data>
          <Data name="deskripsi">
            <value/>
          </Data>
        </ExtendedData>
        <Point>
          <coordinates>
            100.401416,-0.297129,0
          </coordinates>
        </Point>
      </Placemark>
      <Placemark>
        <name/>
        <description><![CDATA[nama: A13-ODP3<br>deskripsi: ]]></description>
        <styleUrl>#icon-1899-0288D1</styleUrl>
        <ExtendedData>
          <Data name="nama">
            <value>A13-ODP3</value>
          </Data>
          <Data name="deskripsi">
            <value/>
          </Data>
        </ExtendedData>
        <Point>
          <coordinates>
            100.401009,-0.294708,0
          </coordinates>
        </Point>
      </Placemark>
      <Placemark>
        <name/>
        <description><![CDATA[nama: A13-ODP4<br>deskripsi: ]]></description>
        <styleUrl>#icon-1899-0288D1</styleUrl>
        <ExtendedData>
          <Data name="nama">
            <value>A13-ODP4</value>
          </Data>
          <Data name="deskripsi">
            <value/>
          </Data>
        </ExtendedData>
        <Point>
          <coordinates>
            100.404363,-0.294012,0
          </coordinates>
        </Point>
      </Placemark>
      <Placemark>
        <name/>
        <description><![CDATA[nama: A13-ODP5<br>deskripsi: ]]></description>
        <styleUrl>#icon-1899-0288D1</styleUrl>
        <ExtendedData>
          <Data name="nama">
            <value>A13-ODP5</value>
          </Data>
          <Data name="deskripsi">
            <value/>
          </Data>
        </ExtendedData>
        <Point>
          <coordinates>
            100.40226,-0.293405,0
          </coordinates>
        </Point>
      </Placemark>
      <Placemark>
        <name/>
        <description><![CDATA[nama: A14-ODP1<br>deskripsi: ]]></description>
        <styleUrl>#icon-1899-0288D1</styleUrl>
        <ExtendedData>
          <Data name="nama">
            <value>A14-ODP1</value>
          </Data>
          <Data name="deskripsi">
            <value/>
          </Data>
        </ExtendedData>
        <Point>
          <coordinates>
            100.402478,-0.29565,0
          </coordinates>
        </Point>
      </Placemark>
      <Placemark>
        <name/>
        <description><![CDATA[nama: A14-ODP2<br>deskripsi: ]]></description>
        <styleUrl>#icon-1899-0288D1</styleUrl>
        <ExtendedData>
          <Data name="nama">
            <value>A14-ODP2</value>
          </Data>
          <Data name="deskripsi">
            <value/>
          </Data>
        </ExtendedData>
        <Point>
          <coordinates>
            100.402461,-0.297426,0
          </coordinates>
        </Point>
      </Placemark>
      <Placemark>
        <name/>
        <description><![CDATA[nama: A14-ODP3<br>deskripsi: ]]></description>
        <styleUrl>#icon-1899-0288D1</styleUrl>
        <ExtendedData>
          <Data name="nama">
            <value>A14-ODP3</value>
          </Data>
          <Data name="deskripsi">
            <value/>
          </Data>
        </ExtendedData>
        <Point>
          <coordinates>
            100.402695,-0.299134,0
          </coordinates>
        </Point>
      </Placemark>
      <Placemark>
        <name/>
        <description><![CDATA[nama: A14-ODP4<br>deskripsi: ]]></description>
        <styleUrl>#icon-1899-0288D1</styleUrl>
        <ExtendedData>
          <Data name="nama">
            <value>A14-ODP4</value>
          </Data>
          <Data name="deskripsi">
            <value/>
          </Data>
        </ExtendedData>
        <Point>
          <coordinates>
            100.403282,-0.301262,0
          </coordinates>
        </Point>
      </Placemark>
      <Placemark>
        <name/>
        <description><![CDATA[nama: A14-ODP5<br>deskripsi: ]]></description>
        <styleUrl>#icon-1899-0288D1</styleUrl>
        <ExtendedData>
          <Data name="nama">
            <value>A14-ODP5</value>
          </Data>
          <Data name="deskripsi">
            <value/>
          </Data>
        </ExtendedData>
        <Point>
          <coordinates>
            100.403789,-0.302083,0
          </coordinates>
        </Point>
      </Placemark>
      <Placemark>
        <name/>
        <description><![CDATA[nama: A14-ODP6<br>deskripsi: ]]></description>
        <styleUrl>#icon-1899-0288D1</styleUrl>
        <ExtendedData>
          <Data name="nama">
            <value>A14-ODP6</value>
          </Data>
          <Data name="deskripsi">
            <value/>
          </Data>
        </ExtendedData>
        <Point>
          <coordinates>
            100.404203,-0.303026,0
          </coordinates>
        </Point>
      </Placemark>
      <Placemark>
        <name/>
        <description><![CDATA[nama: A14-ODP7<br>deskripsi: ]]></description>
        <styleUrl>#icon-1899-0288D1</styleUrl>
        <ExtendedData>
          <Data name="nama">
            <value>A14-ODP7</value>
          </Data>
          <Data name="deskripsi">
            <value/>
          </Data>
        </ExtendedData>
        <Point>
          <coordinates>
            100.405959,-0.304553,0
          </coordinates>
        </Point>
      </Placemark>
      <Placemark>
        <name/>
        <description><![CDATA[nama: A15-ODP0<br>deskripsi: T2-C15-18]]></description>
        <styleUrl>#icon-1899-0288D1</styleUrl>
        <ExtendedData>
          <Data name="nama">
            <value>A15-ODP0</value>
          </Data>
          <Data name="deskripsi">
            <value>T2-C15-18</value>
          </Data>
        </ExtendedData>
        <Point>
          <coordinates>
            100.399346,-0.295133,0
          </coordinates>
        </Point>
      </Placemark>
      <Placemark>
        <name/>
        <description><![CDATA[nama: A16-ODP6<br>deskripsi: ]]></description>
        <styleUrl>#icon-1899-0288D1</styleUrl>
        <ExtendedData>
          <Data name="nama">
            <value>A16-ODP6</value>
          </Data>
          <Data name="deskripsi">
            <value/>
          </Data>
        </ExtendedData>
        <Point>
          <coordinates>
            100.399335,-0.296563,0
          </coordinates>
        </Point>
      </Placemark>
      <Placemark>
        <name/>
        <description><![CDATA[nama: A16-ODP5<br>deskripsi: ]]></description>
        <styleUrl>#icon-1899-0288D1</styleUrl>
        <ExtendedData>
          <Data name="nama">
            <value>A16-ODP5</value>
          </Data>
          <Data name="deskripsi">
            <value/>
          </Data>
        </ExtendedData>
        <Point>
          <coordinates>
            100.399811,-0.298985,0
          </coordinates>
        </Point>
      </Placemark>
      <Placemark>
        <name/>
        <description><![CDATA[nama: A16-ODP4<br>deskripsi: ]]></description>
        <styleUrl>#icon-1899-0288D1</styleUrl>
        <ExtendedData>
          <Data name="nama">
            <value>A16-ODP4</value>
          </Data>
          <Data name="deskripsi">
            <value/>
          </Data>
        </ExtendedData>
        <Point>
          <coordinates>
            100.400656,-0.30002,0
          </coordinates>
        </Point>
      </Placemark>
      <Placemark>
        <name/>
        <description><![CDATA[nama: A16-ODP3<br>deskripsi: ]]></description>
        <styleUrl>#icon-1899-0288D1</styleUrl>
        <ExtendedData>
          <Data name="nama">
            <value>A16-ODP3</value>
          </Data>
          <Data name="deskripsi">
            <value/>
          </Data>
        </ExtendedData>
        <Point>
          <coordinates>
            100.400821,-0.301251,0
          </coordinates>
        </Point>
      </Placemark>
      <Placemark>
        <name/>
        <description><![CDATA[nama: A16-ODP2<br>deskripsi: ]]></description>
        <styleUrl>#icon-1899-0288D1</styleUrl>
        <ExtendedData>
          <Data name="nama">
            <value>A16-ODP2</value>
          </Data>
          <Data name="deskripsi">
            <value/>
          </Data>
        </ExtendedData>
        <Point>
          <coordinates>
            100.401155,-0.301985,0
          </coordinates>
        </Point>
      </Placemark>
      <Placemark>
        <name/>
        <description><![CDATA[nama: A16-ODP1<br>deskripsi: ]]></description>
        <styleUrl>#icon-1899-0288D1</styleUrl>
        <ExtendedData>
          <Data name="nama">
            <value>A16-ODP1</value>
          </Data>
          <Data name="deskripsi">
            <value/>
          </Data>
        </ExtendedData>
        <Point>
          <coordinates>
            100.402538,-0.304222,0
          </coordinates>
        </Point>
      </Placemark>
      <Placemark>
        <name/>
        <description><![CDATA[nama: A16-ODP0<br>deskripsi: ]]></description>
        <styleUrl>#icon-1899-0288D1</styleUrl>
        <ExtendedData>
          <Data name="nama">
            <value>A16-ODP0</value>
          </Data>
          <Data name="deskripsi">
            <value/>
          </Data>
        </ExtendedData>
        <Point>
          <coordinates>
            100.403359,-0.305615,0
          </coordinates>
        </Point>
      </Placemark>
      <Placemark>
        <name/>
        <description><![CDATA[nama: A17-ODP0<br>deskripsi: ]]></description>
        <styleUrl>#icon-1899-0288D1</styleUrl>
        <ExtendedData>
          <Data name="nama">
            <value>A17-ODP0</value>
          </Data>
          <Data name="deskripsi">
            <value/>
          </Data>
        </ExtendedData>
        <Point>
          <coordinates>
            100.4038,-0.306304,0
          </coordinates>
        </Point>
      </Placemark>
      <Placemark>
        <name/>
        <description><![CDATA[nama: A17-ODP1<br>deskripsi: ]]></description>
        <styleUrl>#icon-1899-0288D1</styleUrl>
        <ExtendedData>
          <Data name="nama">
            <value>A17-ODP1</value>
          </Data>
          <Data name="deskripsi">
            <value/>
          </Data>
        </ExtendedData>
        <Point>
          <coordinates>
            100.405151,-0.305502,0
          </coordinates>
        </Point>
      </Placemark>
      <Placemark>
        <name/>
        <description><![CDATA[nama: A17-ODP2<br>deskripsi: ]]></description>
        <styleUrl>#icon-1899-0288D1</styleUrl>
        <ExtendedData>
          <Data name="nama">
            <value>A17-ODP2</value>
          </Data>
          <Data name="deskripsi">
            <value/>
          </Data>
        </ExtendedData>
        <Point>
          <coordinates>
            100.407278,-0.304407,0
          </coordinates>
        </Point>
      </Placemark>
      <Placemark>
        <name/>
        <description><![CDATA[nama: A17-ODP3<br>deskripsi: ]]></description>
        <styleUrl>#icon-1899-0288D1</styleUrl>
        <ExtendedData>
          <Data name="nama">
            <value>A17-ODP3</value>
          </Data>
          <Data name="deskripsi">
            <value/>
          </Data>
        </ExtendedData>
        <Point>
          <coordinates>
            100.40914,-0.30366,0
          </coordinates>
        </Point>
      </Placemark>
      <Placemark>
        <name/>
        <description><![CDATA[nama: A17-ODP4<br>deskripsi: ]]></description>
        <styleUrl>#icon-1899-0288D1</styleUrl>
        <ExtendedData>
          <Data name="nama">
            <value>A17-ODP4</value>
          </Data>
          <Data name="deskripsi">
            <value/>
          </Data>
        </ExtendedData>
        <Point>
          <coordinates>
            100.40773,-0.304862,0
          </coordinates>
        </Point>
      </Placemark>
      <Placemark>
        <name/>
        <description><![CDATA[nama: A17-ODP5<br>deskripsi: ]]></description>
        <styleUrl>#icon-1899-0288D1</styleUrl>
        <ExtendedData>
          <Data name="nama">
            <value>A17-ODP5</value>
          </Data>
          <Data name="deskripsi">
            <value/>
          </Data>
        </ExtendedData>
        <Point>
          <coordinates>
            100.408404,-0.306091,0
          </coordinates>
        </Point>
      </Placemark>
      <Placemark>
        <name/>
        <description><![CDATA[nama: A17-ODP6<br>deskripsi: ]]></description>
        <styleUrl>#icon-1899-0288D1</styleUrl>
        <ExtendedData>
          <Data name="nama">
            <value>A17-ODP6</value>
          </Data>
          <Data name="deskripsi">
            <value/>
          </Data>
        </ExtendedData>
        <Point>
          <coordinates>
            100.409241,-0.307398,0
          </coordinates>
        </Point>
      </Placemark>
      <Placemark>
        <name/>
        <description><![CDATA[nama: A17-ODP7<br>deskripsi: ]]></description>
        <styleUrl>#icon-1899-0288D1</styleUrl>
        <ExtendedData>
          <Data name="nama">
            <value>A17-ODP7</value>
          </Data>
          <Data name="deskripsi">
            <value/>
          </Data>
        </ExtendedData>
        <Point>
          <coordinates>
            100.404199,-0.307134,0
          </coordinates>
        </Point>
      </Placemark>
      <Placemark>
        <name/>
        <description><![CDATA[nama: A17-ODP8<br>deskripsi: ]]></description>
        <styleUrl>#icon-1899-0288D1</styleUrl>
        <ExtendedData>
          <Data name="nama">
            <value>A17-ODP8</value>
          </Data>
          <Data name="deskripsi">
            <value/>
          </Data>
        </ExtendedData>
        <Point>
          <coordinates>
            100.404911,-0.308582,0
          </coordinates>
        </Point>
      </Placemark>
      <Placemark>
        <name/>
        <description><![CDATA[nama: A18-ODP0<br>deskripsi: ]]></description>
        <styleUrl>#icon-1899-0288D1</styleUrl>
        <ExtendedData>
          <Data name="nama">
            <value>A18-ODP0</value>
          </Data>
          <Data name="deskripsi">
            <value/>
          </Data>
        </ExtendedData>
        <Point>
          <coordinates>
            100.405232,-0.309237,0
          </coordinates>
        </Point>
      </Placemark>
      <Placemark>
        <name/>
        <description><![CDATA[nama: A18-ODP1<br>deskripsi: ]]></description>
        <styleUrl>#icon-1899-0288D1</styleUrl>
        <ExtendedData>
          <Data name="nama">
            <value>A18-ODP1</value>
          </Data>
          <Data name="deskripsi">
            <value/>
          </Data>
        </ExtendedData>
        <Point>
          <coordinates>
            100.405933,-0.310357,0
          </coordinates>
        </Point>
      </Placemark>
      <Placemark>
        <name/>
        <description><![CDATA[nama: A18-ODP2<br>deskripsi: ]]></description>
        <styleUrl>#icon-1899-0288D1</styleUrl>
        <ExtendedData>
          <Data name="nama">
            <value>A18-ODP2</value>
          </Data>
          <Data name="deskripsi">
            <value/>
          </Data>
        </ExtendedData>
        <Point>
          <coordinates>
            100.406766,-0.311454,0
          </coordinates>
        </Point>
      </Placemark>
      <Placemark>
        <name/>
        <description><![CDATA[nama: A18-ODP3<br>deskripsi: ]]></description>
        <styleUrl>#icon-1899-0288D1</styleUrl>
        <ExtendedData>
          <Data name="nama">
            <value>A18-ODP3</value>
          </Data>
          <Data name="deskripsi">
            <value/>
          </Data>
        </ExtendedData>
        <Point>
          <coordinates>
            100.40739,-0.313226,0
          </coordinates>
        </Point>
      </Placemark>
      <Placemark>
        <name/>
        <description><![CDATA[nama: A18-ODP4<br>deskripsi: ]]></description>
        <styleUrl>#icon-1899-0288D1</styleUrl>
        <ExtendedData>
          <Data name="nama">
            <value>A18-ODP4</value>
          </Data>
          <Data name="deskripsi">
            <value/>
          </Data>
        </ExtendedData>
        <Point>
          <coordinates>
            100.407509,-0.314111,0
          </coordinates>
        </Point>
      </Placemark>
      <Placemark>
        <name/>
        <description><![CDATA[nama: A18-ODP5<br>deskripsi: ]]></description>
        <styleUrl>#icon-1899-0288D1</styleUrl>
        <ExtendedData>
          <Data name="nama">
            <value>A18-ODP5</value>
          </Data>
          <Data name="deskripsi">
            <value/>
          </Data>
        </ExtendedData>
        <Point>
          <coordinates>
            100.406641,-0.314876,0
          </coordinates>
        </Point>
      </Placemark>
      <Placemark>
        <name/>
        <description><![CDATA[nama: A18-ODP6<br>deskripsi: ]]></description>
        <styleUrl>#icon-1899-0288D1</styleUrl>
        <ExtendedData>
          <Data name="nama">
            <value>A18-ODP6</value>
          </Data>
          <Data name="deskripsi">
            <value/>
          </Data>
        </ExtendedData>
        <Point>
          <coordinates>
            100.405635,-0.315065,0
          </coordinates>
        </Point>
      </Placemark>
      <Placemark>
        <name/>
        <description><![CDATA[nama: A19-ODP0<br>deskripsi: ]]></description>
        <styleUrl>#icon-1899-0288D1</styleUrl>
        <ExtendedData>
          <Data name="nama">
            <value>A19-ODP0</value>
          </Data>
          <Data name="deskripsi">
            <value/>
          </Data>
        </ExtendedData>
        <Point>
          <coordinates>
            100.40233,-0.311235,0
          </coordinates>
        </Point>
      </Placemark>
      <Placemark>
        <name/>
        <description><![CDATA[nama: A19-ODP1<br>deskripsi: ]]></description>
        <styleUrl>#icon-1899-0288D1</styleUrl>
        <ExtendedData>
          <Data name="nama">
            <value>A19-ODP1</value>
          </Data>
          <Data name="deskripsi">
            <value/>
          </Data>
        </ExtendedData>
        <Point>
          <coordinates>
            100.403102,-0.312278,0
          </coordinates>
        </Point>
      </Placemark>
      <Placemark>
        <name/>
        <description><![CDATA[nama: A19-ODP2<br>deskripsi: ]]></description>
        <styleUrl>#icon-1899-0288D1</styleUrl>
        <ExtendedData>
          <Data name="nama">
            <value>A19-ODP2</value>
          </Data>
          <Data name="deskripsi">
            <value/>
          </Data>
        </ExtendedData>
        <Point>
          <coordinates>
            100.404248,-0.313879,0
          </coordinates>
        </Point>
      </Placemark>
      <Placemark>
        <name/>
        <description><![CDATA[nama: A19-ODP3<br>deskripsi: ]]></description>
        <styleUrl>#icon-1899-0288D1</styleUrl>
        <ExtendedData>
          <Data name="nama">
            <value>A19-ODP3</value>
          </Data>
          <Data name="deskripsi">
            <value/>
          </Data>
        </ExtendedData>
        <Point>
          <coordinates>
            100.404882,-0.315179,0
          </coordinates>
        </Point>
      </Placemark>
      <Placemark>
        <name/>
        <description><![CDATA[nama: A19-BKT1<br>deskripsi: T2-C19-20]]></description>
        <styleUrl>#icon-1899-0288D1</styleUrl>
        <ExtendedData>
          <Data name="nama">
            <value>A19-BKT1</value>
          </Data>
          <Data name="deskripsi">
            <value>T2-C19-20</value>
          </Data>
        </ExtendedData>
        <Point>
          <coordinates>
            100.394237,-0.296095,0
          </coordinates>
        </Point>
      </Placemark>
      <Placemark>
        <name/>
        <description><![CDATA[nama: A19-BKT2<br>deskripsi: ]]></description>
        <styleUrl>#icon-1899-0288D1</styleUrl>
        <ExtendedData>
          <Data name="nama">
            <value>A19-BKT2</value>
          </Data>
          <Data name="deskripsi">
            <value/>
          </Data>
        </ExtendedData>
        <Point>
          <coordinates>
            100.394736,-0.292825,0
          </coordinates>
        </Point>
      </Placemark>
      <Placemark>
        <name/>
        <description><![CDATA[nama: A19-BKT3<br>deskripsi: ]]></description>
        <styleUrl>#icon-1899-0288D1</styleUrl>
        <ExtendedData>
          <Data name="nama">
            <value>A19-BKT3</value>
          </Data>
          <Data name="deskripsi">
            <value/>
          </Data>
        </ExtendedData>
        <Point>
          <coordinates>
            100.395736,-0.293742,0
          </coordinates>
        </Point>
      </Placemark>
      <Placemark>
        <name/>
        <description><![CDATA[nama: A13-BKT1<br>deskripsi: ]]></description>
        <styleUrl>#icon-1899-0288D1</styleUrl>
        <ExtendedData>
          <Data name="nama">
            <value>A13-BKT1</value>
          </Data>
          <Data name="deskripsi">
            <value/>
          </Data>
        </ExtendedData>
        <Point>
          <coordinates>
            100.392333,-0.296389,0
          </coordinates>
        </Point>
      </Placemark>
      <Placemark>
        <name/>
        <description><![CDATA[nama: A13-BKT2<br>deskripsi: ]]></description>
        <styleUrl>#icon-1899-0288D1</styleUrl>
        <ExtendedData>
          <Data name="nama">
            <value>A13-BKT2</value>
          </Data>
          <Data name="deskripsi">
            <value/>
          </Data>
        </ExtendedData>
        <Point>
          <coordinates>
            100.393023,-0.298657,0
          </coordinates>
        </Point>
      </Placemark>
      <Placemark>
        <name/>
        <description><![CDATA[nama: A21-BKT1<br>deskripsi: T2-C21-22]]></description>
        <styleUrl>#icon-1899-0288D1</styleUrl>
        <ExtendedData>
          <Data name="nama">
            <value>A21-BKT1</value>
          </Data>
          <Data name="deskripsi">
            <value>T2-C21-22</value>
          </Data>
        </ExtendedData>
        <Point>
          <coordinates>
            100.386073,-0.297067,0
          </coordinates>
        </Point>
      </Placemark>
      <Placemark>
        <name/>
        <description><![CDATA[nama: A23-BKT1<br>deskripsi: T2-C23-24]]></description>
        <styleUrl>#icon-1899-0288D1</styleUrl>
        <ExtendedData>
          <Data name="nama">
            <value>A23-BKT1</value>
          </Data>
          <Data name="deskripsi">
            <value>T2-C23-24</value>
          </Data>
        </ExtendedData>
        <Point>
          <coordinates>
            100.384441,-0.297394,0
          </coordinates>
        </Point>
      </Placemark>
      <Placemark>
        <name/>
        <description><![CDATA[nama: Path Measure<br>deskripsi: ]]></description>
        <styleUrl>#line-000000-1200</styleUrl>
        <ExtendedData>
          <Data name="nama">
            <value>Path Measure</value>
          </Data>
          <Data name="deskripsi">
            <value/>
          </Data>
        </ExtendedData>
        <LineString>
          <tessellate>1</tessellate>
          <coordinates>
            100.394235,-0.296071,0
            100.394144,-0.295706,0
            100.393893,-0.295591,0
            100.394224,-0.294133,0
            100.394659,-0.293135,0
            100.394742,-0.292805,0
          </coordinates>
        </LineString>
      </Placemark>
      <Placemark>
        <name/>
        <description><![CDATA[nama: Path Measure<br>deskripsi: ]]></description>
        <styleUrl>#line-000000-1200</styleUrl>
        <ExtendedData>
          <Data name="nama">
            <value>Path Measure</value>
          </Data>
          <Data name="deskripsi">
            <value/>
          </Data>
        </ExtendedData>
        <LineString>
          <tessellate>1</tessellate>
          <coordinates>
            100.402484,-0.294352,0
            100.401911,-0.294474,0
            100.401986,-0.293391,0
            100.402274,-0.293409,0
          </coordinates>
        </LineString>
      </Placemark>
      <Placemark>
        <name/>
        <description><![CDATA[nama: 4 Core Tangah Sawah Bukittinggi<br>deskripsi: Jumlah Core : 4 Core<br>Jumlah Core Terpakai : 1 Core<br>Klasifikasi Kabel : Distribusi<br>Letak Kabel : Udara]]></description>
        <styleUrl>#line-000000-1200</styleUrl>
        <ExtendedData>
          <Data name="nama">
            <value>4 Core Tangah Sawah Bukittinggi</value>
          </Data>
          <Data name="deskripsi">
            <value>Jumlah Core : 4 Core
Jumlah Core Terpakai : 1 Core
Klasifikasi Kabel : Distribusi
Letak Kabel : Udara</value>
          </Data>
        </ExtendedData>
        <LineString>
          <tessellate>1</tessellate>
          <coordinates>
            100.375306,-0.303516,0
            100.375519,-0.304784,0
            100.375379,-0.305965,0
            100.375341,-0.306529,0
            100.375474,-0.307343,0
            100.375609,-0.308139,0
          </coordinates>
        </LineString>
      </Placemark>
      <Placemark>
        <name/>
        <description><![CDATA[nama: JB Anak Air<br>deskripsi: ]]></description>
        <styleUrl>#icon-1899-0288D1</styleUrl>
        <ExtendedData>
          <Data name="nama">
            <value>JB Anak Air</value>
          </Data>
          <Data name="deskripsi">
            <value/>
          </Data>
        </ExtendedData>
        <Point>
          <coordinates>
            100.377236,-0.299108,0
          </coordinates>
        </Point>
      </Placemark>
      <Placemark>
        <name/>
        <description><![CDATA[nama: 4 Core Pintu Angin<br>deskripsi: Jumlah Core : 4 Core<br>Jumlah Core Terpakai : 4 Core<br>Klasifikasi Kabel : Distribusi<br>Letak Kabel : Udara]]></description>
        <styleUrl>#line-000000-1200</styleUrl>
        <ExtendedData>
          <Data name="nama">
            <value>4 Core Pintu Angin</value>
          </Data>
          <Data name="deskripsi">
            <value>Jumlah Core : 4 Core
Jumlah Core Terpakai : 4 Core
Klasifikasi Kabel : Distribusi
Letak Kabel : Udara</value>
          </Data>
        </ExtendedData>
        <LineString>
          <tessellate>1</tessellate>
          <coordinates>
            100.402499,-0.294385,0
            100.402466,-0.296359,0
            100.402295,-0.297145,0
            100.401395,-0.297141,0
          </coordinates>
        </LineString>
      </Placemark>
      <Placemark>
        <name/>
        <description><![CDATA[nama: Line Measure<br>deskripsi: ]]></description>
        <styleUrl>#line-000000-1200</styleUrl>
        <ExtendedData>
          <Data name="nama">
            <value>Line Measure</value>
          </Data>
          <Data name="deskripsi">
            <value/>
          </Data>
        </ExtendedData>
        <LineString>
          <tessellate>1</tessellate>
          <coordinates>
            100.394662,-0.29314,905.98
            100.395751,-0.293753,906.37
          </coordinates>
        </LineString>
      </Placemark>
      <Placemark>
        <name/>
        <description><![CDATA[nama: 24 Core Parik Putus - 13<br>deskripsi: ]]></description>
        <styleUrl>#line-000000-1200</styleUrl>
        <ExtendedData>
          <Data name="nama">
            <value>24 Core Parik Putus - 13</value>
          </Data>
          <Data name="deskripsi">
            <value/>
          </Data>
        </ExtendedData>
        <LineString>
          <tessellate>1</tessellate>
          <coordinates>
            100.399479,-0.295125,0
            100.399331,-0.296101,0
            100.399355,-0.296828,0
            100.399463,-0.297586,0
            100.39956,-0.29793,0
            100.399674,-0.29844,0
            100.399768,-0.298896,0
            100.399948,-0.299309,0
            100.400639,-0.300001,0
            100.400862,-0.301483,0
            100.401142,-0.302032,0
            100.402352,-0.303788,0
            100.403795,-0.306252,0
            100.405361,-0.309397,0
            100.404965,-0.309842,0
            100.403994,-0.310264,0
            100.403267,-0.310643,0
            100.402834,-0.310845,0
            100.402371,-0.311127,0
            100.402332,-0.311223,0
          </coordinates>
        </LineString>
      </Placemark>
      <Placemark>
        <name/>
        <description><![CDATA[nama: 12 Core Bonjo Alam<br>deskripsi: ]]></description>
        <styleUrl>#line-000000-1200</styleUrl>
        <ExtendedData>
          <Data name="nama">
            <value>12 Core Bonjo Alam</value>
          </Data>
          <Data name="deskripsi">
            <value/>
          </Data>
        </ExtendedData>
        <LineString>
          <tessellate>1</tessellate>
          <coordinates>
            100.411044,-0.303149,0
            100.409031,-0.303646,0
            100.407438,-0.304221,0
            100.406181,-0.304904,0
            100.403837,-0.306248,0
          </coordinates>
        </LineString>
      </Placemark>
      <Placemark>
        <name/>
        <description><![CDATA[nama: 12 Core Bonjo Alam - Pasia<br>deskripsi: ]]></description>
        <styleUrl>#line-000000-1200</styleUrl>
        <ExtendedData>
          <Data name="nama">
            <value>12 Core Bonjo Alam - Pasia</value>
          </Data>
          <Data name="deskripsi">
            <value/>
          </Data>
        </ExtendedData>
        <LineString>
          <tessellate>1</tessellate>
          <coordinates>
            100.407479,-0.304206,0
            100.407637,-0.304694,0
            100.407836,-0.305052,0
            100.407964,-0.305516,0
            100.408103,-0.306023,0
            100.408393,-0.306061,0
            100.408705,-0.30646,0
            100.408962,-0.306731,0
            100.409253,-0.307393,0
            100.409335,-0.307817,0
          </coordinates>
        </LineString>
      </Placemark>
      <Placemark>
        <name/>
        <description><![CDATA[nama: 12 Core Pintu Angin<br>deskripsi: ]]></description>
        <styleUrl>#line-000000-1200</styleUrl>
        <ExtendedData>
          <Data name="nama">
            <value>12 Core Pintu Angin</value>
          </Data>
          <Data name="deskripsi">
            <value/>
          </Data>
        </ExtendedData>
        <LineString>
          <tessellate>1</tessellate>
          <coordinates>
            100.402474,-0.294386,0
            100.40249,-0.295883,0
            100.402316,-0.297006,0
            100.402656,-0.297984,0
            100.402681,-0.298247,0
            100.402712,-0.299506,0
            100.40275,-0.299815,0
            100.403298,-0.301221,0
            100.404214,-0.302995,0
            100.405335,-0.304053,0
            100.405951,-0.30454,0
            100.406223,-0.304915,0
          </coordinates>
        </LineString>
      </Placemark>
      <Placemark>
        <name/>
        <description><![CDATA[nama: 12 Core Sungai Rotan<br>deskripsi: ]]></description>
        <styleUrl>#line-000000-1200</styleUrl>
        <ExtendedData>
          <Data name="nama">
            <value>12 Core Sungai Rotan</value>
          </Data>
          <Data name="deskripsi">
            <value/>
          </Data>
        </ExtendedData>
        <LineString>
          <tessellate>1</tessellate>
          <coordinates>
            100.405234,-0.309224,0
            100.406775,-0.311434,0
            100.407222,-0.312444,0
            100.407383,-0.313217,0
            100.407724,-0.314669,0
            100.404879,-0.315176,0
            100.404227,-0.313885,0
            100.403111,-0.312264,0
            100.402333,-0.311213,0
          </coordinates>
        </LineString>
      </Placemark>
      <Placemark>
        <name/>
        <description><![CDATA[nama: Untitled Placemark<br>deskripsi: ]]></description>
        <styleUrl>#icon-1899-0288D1</styleUrl>
        <ExtendedData>
          <Data name="nama">
            <value>Untitled Placemark</value>
          </Data>
          <Data name="deskripsi">
            <value/>
          </Data>
        </ExtendedData>
        <Point>
          <coordinates>
            100.40189,-0.311817,0
          </coordinates>
        </Point>
      </Placemark>
      <Placemark>
        <name/>
        <description><![CDATA[nama: 48 Core Tanjung Alam<br>deskripsi: Jumlah Core : 48 Core<br>Jumlah Core Terpakai : 24 Core<br>Klasifikasi Kabel : Backbone<br>Letak Kabel : Udara]]></description>
        <styleUrl>#line-000000-1200</styleUrl>
        <ExtendedData>
          <Data name="nama">
            <value>48 Core Tanjung Alam</value>
          </Data>
          <Data name="deskripsi">
            <value>Jumlah Core : 48 Core
Jumlah Core Terpakai : 24 Core
Klasifikasi Kabel : Backbone
Letak Kabel : Udara</value>
          </Data>
        </ExtendedData>
        <LineString>
          <tessellate>1</tessellate>
          <coordinates>
            100.430266,-0.284875,0
            100.429664,-0.284713,0
            100.428848,-0.284436,0
            100.427961,-0.284208,0
            100.426954,-0.283896,0
            100.425209,-0.282458,0
            100.422487,-0.280113,0
            100.420543,-0.28162,0
            100.419786,-0.28262,0
            100.419452,-0.283026,0
            100.418985,-0.283243,0
            100.417744,-0.283828,0
            100.416695,-0.284366,0
            100.415459,-0.284964,0
            100.4153,-0.285482,0
            100.414491,-0.285813,0
            100.414063,-0.285657,0
            100.413223,-0.284997,0
            100.412008,-0.284471,0
            100.411764,-0.284383,0
            100.411449,-0.283856,0
            100.410695,-0.283637,0
            100.409112,-0.283257,0
            100.409039,-0.285299,0
            100.409062,-0.28663,0
            100.409048,-0.28878,0
            100.409113,-0.290796,0
            100.409184,-0.292087,0
            100.409329,-0.292986,0
          </coordinates>
        </LineString>
      </Placemark>
      <Placemark>
        <name/>
        <description><![CDATA[nama: 24 Core Kapau<br>deskripsi: Jumlah Core : 24 Core<br>Jumlah Core Terpakai : 6 Core<br>Klasifikasi Kabel : Backbone<br>Letak Kabel : Udara]]></description>
        <styleUrl>#line-000000-1200</styleUrl>
        <ExtendedData>
          <Data name="nama">
            <value>24 Core Kapau</value>
          </Data>
          <Data name="deskripsi">
            <value>Jumlah Core : 24 Core
Jumlah Core Terpakai : 6 Core
Klasifikasi Kabel : Backbone
Letak Kabel : Udara</value>
          </Data>
        </ExtendedData>
        <LineString>
          <tessellate>1</tessellate>
          <coordinates>
            100.409126,-0.283262,0
            100.409335,-0.281028,0
            100.40963,-0.279089,0
            100.409718,-0.278263,0
            100.409732,-0.277405,0
            100.409382,-0.276245,0
            100.408855,-0.274266,0
            100.408196,-0.272626,0
          </coordinates>
        </LineString>
      </Placemark>
      <Placemark>
        <name/>
        <description><![CDATA[nama: 12 Core Tj Bungo<br>deskripsi: Jumlah Core : 12 Core<br>Jumlah Core Terpakai : 6 Core<br>Klasifikasi Kabel : Distribusi<br>Letak Kabel : Udara]]></description>
        <styleUrl>#line-000000-1200</styleUrl>
        <ExtendedData>
          <Data name="nama">
            <value>12 Core Tj Bungo</value>
          </Data>
          <Data name="deskripsi">
            <value>Jumlah Core : 12 Core
Jumlah Core Terpakai : 6 Core
Klasifikasi Kabel : Distribusi
Letak Kabel : Udara</value>
          </Data>
        </ExtendedData>
        <LineString>
          <tessellate>1</tessellate>
          <coordinates>
            100.40927,-0.292411,0
            100.409371,-0.292953,0
            100.410902,-0.292634,0
            100.412208,-0.292326,0
            100.414758,-0.29187,0
            100.41612,-0.291574,0
          </coordinates>
        </LineString>
      </Placemark>
      <Placemark>
        <name/>
        <description><![CDATA[nama: 4 Core Pilubang<br>deskripsi: Jumlah Core : 4 Core<br>Jumlah Core Terpakai : 4 Core<br>Klasifikasi Kabel : Distribusi<br>Letak Kabel : Udara]]></description>
        <styleUrl>#line-000000-1200</styleUrl>
        <ExtendedData>
          <Data name="nama">
            <value>4 Core Pilubang</value>
          </Data>
          <Data name="deskripsi">
            <value>Jumlah Core : 4 Core
Jumlah Core Terpakai : 4 Core
Klasifikasi Kabel : Distribusi
Letak Kabel : Udara</value>
          </Data>
        </ExtendedData>
        <LineString>
          <tessellate>1</tessellate>
          <coordinates>
            100.409121,-0.290723,0
            100.407608,-0.290696,0
            100.406859,-0.290763,0
            100.40546,-0.29048,0
            100.40483,-0.290424,0
            100.403517,-0.290259,0
            100.402751,-0.290331,0
            100.40098,-0.289965,0
            100.401336,-0.288812,0
            100.400938,-0.287476,0
            100.401019,-0.286311,0
            100.40093,-0.285924,0
            100.401009,-0.284928,0
            100.402211,-0.284732,0
          </coordinates>
        </LineString>
      </Placemark>
      <Placemark>
        <name/>
        <description><![CDATA[nama: 4 Core Pilubang 2<br>deskripsi: Jumlah Core : 4 Core<br>Jumlah Core Terpakai : 1 Core<br>Klasifikasi Kabel : Distribusi<br>Letak Kabel : Udara]]></description>
        <styleUrl>#line-000000-1200</styleUrl>
        <ExtendedData>
          <Data name="nama">
            <value>4 Core Pilubang 2</value>
          </Data>
          <Data name="deskripsi">
            <value>Jumlah Core : 4 Core
Jumlah Core Terpakai : 1 Core
Klasifikasi Kabel : Distribusi
Letak Kabel : Udara</value>
          </Data>
        </ExtendedData>
        <LineString>
          <tessellate>1</tessellate>
          <coordinates>
            100.401019,-0.286321,0
            100.401381,-0.286508,0
            100.40195,-0.286546,0
            100.402638,-0.286577,0
            100.403138,-0.286496,0
            100.403369,-0.286522,0
          </coordinates>
        </LineString>
      </Placemark>
      <Placemark>
        <name/>
        <description><![CDATA[nama: 4 Core Pilubang 3<br>deskripsi: Jumlah Core : 4 Core<br>Jumlah Core Terpakai : 3 Core<br>Klasifikasi Kabel : Distribusi<br>Letak Kabel : Udara]]></description>
        <styleUrl>#line-000000-1200</styleUrl>
        <ExtendedData>
          <Data name="nama">
            <value>4 Core Pilubang 3</value>
          </Data>
          <Data name="deskripsi">
            <value>Jumlah Core : 4 Core
Jumlah Core Terpakai : 3 Core
Klasifikasi Kabel : Distribusi
Letak Kabel : Udara</value>
          </Data>
        </ExtendedData>
        <LineString>
          <tessellate>1</tessellate>
          <coordinates>
            100.40932,-0.280995,0
            100.408529,-0.280905,0
            100.407065,-0.280873,0
            100.404626,-0.280581,0
            100.404282,-0.280566,0
            100.404166,-0.280903,0
            100.404408,-0.281695,0
            100.404482,-0.282334,0
            100.403708,-0.282342,0
          </coordinates>
        </LineString>
      </Placemark>
      <Placemark>
        <name/>
        <description><![CDATA[nama: 4 Core Ladang Laweh Kapau<br>deskripsi: Jumlah Core : 4 Core<br>Jumlah Core Terpakai : 4 Core<br>Klasifikasi Kabel : Distribusi<br>Letak Kabel : Udara]]></description>
        <styleUrl>#line-000000-1200</styleUrl>
        <ExtendedData>
          <Data name="nama">
            <value>4 Core Ladang Laweh Kapau</value>
          </Data>
          <Data name="deskripsi">
            <value>Jumlah Core : 4 Core
Jumlah Core Terpakai : 4 Core
Klasifikasi Kabel : Distribusi
Letak Kabel : Udara</value>
          </Data>
        </ExtendedData>
        <LineString>
          <tessellate>1</tessellate>
          <coordinates>
            100.409224,-0.275706,0
            100.409394,-0.276279,0
            100.409963,-0.276368,0
            100.410378,-0.276507,0
            100.410659,-0.276404,0
            100.410916,-0.274902,0
            100.411582,-0.275063,0
            100.412116,-0.275157,0
            100.413051,-0.275137,0
            100.414111,-0.27515,0
            100.414513,-0.27518,0
            100.415737,-0.275193,0
          </coordinates>
        </LineString>
      </Placemark>
      <Placemark>
        <name/>
        <description><![CDATA[nama: 4 Core Cubadak Kapau<br>deskripsi: Jumlah Core : 4 Core<br>Jumlah Core Terpakai : 2 Core<br>Klasifikasi Kabel : Distribusi<br>Letak Kabel : Udara]]></description>
        <styleUrl>#line-000000-1200</styleUrl>
        <ExtendedData>
          <Data name="nama">
            <value>4 Core Cubadak Kapau</value>
          </Data>
          <Data name="deskripsi">
            <value>Jumlah Core : 4 Core
Jumlah Core Terpakai : 2 Core
Klasifikasi Kabel : Distribusi
Letak Kabel : Udara</value>
          </Data>
        </ExtendedData>
        <LineString>
          <tessellate>1</tessellate>
          <coordinates>
            100.411599,-0.269127,0
            100.411195,-0.269194,0
            100.410852,-0.26903,0
            100.410601,-0.269019,0
            100.410275,-0.268849,0
            100.41026,-0.268737,0
            100.410174,-0.268708,0
            100.41018,-0.268467,0
            100.410159,-0.268262,0
            100.41007,-0.268213,0
            100.410084,-0.267977,0
            100.410137,-0.267595,0
            100.41025,-0.267176,0
          </coordinates>
        </LineString>
      </Placemark>
      <Placemark>
        <name/>
        <description><![CDATA[nama: G21-ODP1<br>deskripsi: ]]></description>
        <styleUrl>#icon-1899-0288D1</styleUrl>
        <ExtendedData>
          <Data name="nama">
            <value>G21-ODP1</value>
          </Data>
          <Data name="deskripsi">
            <value/>
          </Data>
        </ExtendedData>
        <Point>
          <coordinates>
            100.40911,-0.283292,0
          </coordinates>
        </Point>
      </Placemark>
      <Placemark>
        <name/>
        <description><![CDATA[nama: G21-ODP2<br>deskripsi: ]]></description>
        <styleUrl>#icon-1899-0288D1</styleUrl>
        <ExtendedData>
          <Data name="nama">
            <value>G21-ODP2</value>
          </Data>
          <Data name="deskripsi">
            <value/>
          </Data>
        </ExtendedData>
        <Point>
          <coordinates>
            100.409564,-0.279486,0
          </coordinates>
        </Point>
      </Placemark>
      <Placemark>
        <name/>
        <description><![CDATA[nama: G21-ODP3<br>deskripsi: ]]></description>
        <styleUrl>#icon-1899-0288D1</styleUrl>
        <ExtendedData>
          <Data name="nama">
            <value>G21-ODP3</value>
          </Data>
          <Data name="deskripsi">
            <value/>
          </Data>
        </ExtendedData>
        <Point>
          <coordinates>
            100.409048,-0.286624,0
          </coordinates>
        </Point>
      </Placemark>
      <Placemark>
        <name/>
        <description><![CDATA[nama: G22-ODP1<br>deskripsi: ]]></description>
        <styleUrl>#icon-1899-0288D1</styleUrl>
        <ExtendedData>
          <Data name="nama">
            <value>G22-ODP1</value>
          </Data>
          <Data name="deskripsi">
            <value/>
          </Data>
        </ExtendedData>
        <Point>
          <coordinates>
            100.409677,-0.292851,0
          </coordinates>
        </Point>
      </Placemark>
      <Placemark>
        <name/>
        <description><![CDATA[nama: G22-ODP2<br>deskripsi: ]]></description>
        <styleUrl>#icon-1899-0288D1</styleUrl>
        <ExtendedData>
          <Data name="nama">
            <value>G22-ODP2</value>
          </Data>
          <Data name="deskripsi">
            <value/>
          </Data>
        </ExtendedData>
        <Point>
          <coordinates>
            100.410781,-0.292669,0
          </coordinates>
        </Point>
      </Placemark>
      <Placemark>
        <name/>
        <description><![CDATA[nama: G22-ODP3<br>deskripsi: ]]></description>
        <styleUrl>#icon-1899-0288D1</styleUrl>
        <ExtendedData>
          <Data name="nama">
            <value>G22-ODP3</value>
          </Data>
          <Data name="deskripsi">
            <value/>
          </Data>
        </ExtendedData>
        <Point>
          <coordinates>
            100.41387,-0.292017,0
          </coordinates>
        </Point>
      </Placemark>
      <Placemark>
        <name/>
        <description><![CDATA[nama: G22-ODP4<br>deskripsi: ]]></description>
        <styleUrl>#icon-1899-0288D1</styleUrl>
        <ExtendedData>
          <Data name="nama">
            <value>G22-ODP4</value>
          </Data>
          <Data name="deskripsi">
            <value/>
          </Data>
        </ExtendedData>
        <Point>
          <coordinates>
            100.414699,-0.291862,0
          </coordinates>
        </Point>
      </Placemark>
      <Placemark>
        <name/>
        <description><![CDATA[nama: G22-ODP5<br>deskripsi: ]]></description>
        <styleUrl>#icon-1899-0288D1</styleUrl>
        <ExtendedData>
          <Data name="nama">
            <value>G22-ODP5</value>
          </Data>
          <Data name="deskripsi">
            <value/>
          </Data>
        </ExtendedData>
        <Point>
          <coordinates>
            100.416096,-0.29157,0
          </coordinates>
        </Point>
      </Placemark>
      <Placemark>
        <name/>
        <description><![CDATA[nama: G22-ODP6<br>deskripsi: ]]></description>
        <styleUrl>#icon-1899-0288D1</styleUrl>
        <ExtendedData>
          <Data name="nama">
            <value>G22-ODP6</value>
          </Data>
          <Data name="deskripsi">
            <value/>
          </Data>
        </ExtendedData>
        <Point>
          <coordinates>
            100.409063,-0.289423,0
          </coordinates>
        </Point>
      </Placemark>
      <Placemark>
        <name/>
        <description><![CDATA[nama: G22-ODP7<br>deskripsi: ]]></description>
        <styleUrl>#icon-1899-0288D1</styleUrl>
        <ExtendedData>
          <Data name="nama">
            <value>G22-ODP7</value>
          </Data>
          <Data name="deskripsi">
            <value/>
          </Data>
        </ExtendedData>
        <Point>
          <coordinates>
            100.409116,-0.290789,0
          </coordinates>
        </Point>
      </Placemark>
      <Placemark>
        <name/>
        <description><![CDATA[nama: G22-ODP8<br>deskripsi: ]]></description>
        <styleUrl>#icon-1899-0288D1</styleUrl>
        <ExtendedData>
          <Data name="nama">
            <value>G22-ODP8</value>
          </Data>
          <Data name="deskripsi">
            <value/>
          </Data>
        </ExtendedData>
        <Point>
          <coordinates>
            100.40925,-0.292433,0
          </coordinates>
        </Point>
      </Placemark>
      <Placemark>
        <name/>
        <description><![CDATA[nama: G23-ODP1<br>deskripsi: ]]></description>
        <styleUrl>#icon-1899-0288D1</styleUrl>
        <ExtendedData>
          <Data name="nama">
            <value>G23-ODP1</value>
          </Data>
          <Data name="deskripsi">
            <value/>
          </Data>
        </ExtendedData>
        <Point>
          <coordinates>
            100.404856,-0.290384,0
          </coordinates>
        </Point>
      </Placemark>
      <Placemark>
        <name/>
        <description><![CDATA[nama: G23-ODP2<br>deskripsi: ]]></description>
        <styleUrl>#icon-1899-0288D1</styleUrl>
        <ExtendedData>
          <Data name="nama">
            <value>G23-ODP2</value>
          </Data>
          <Data name="deskripsi">
            <value/>
          </Data>
        </ExtendedData>
        <Point>
          <coordinates>
            100.403533,-0.290253,0
          </coordinates>
        </Point>
      </Placemark>
      <Placemark>
        <name/>
        <description><![CDATA[nama: G23-ODP3<br>deskripsi: ]]></description>
        <styleUrl>#icon-1899-0288D1</styleUrl>
        <ExtendedData>
          <Data name="nama">
            <value>G23-ODP3</value>
          </Data>
          <Data name="deskripsi">
            <value/>
          </Data>
        </ExtendedData>
        <Point>
          <coordinates>
            100.400998,-0.28999,0
          </coordinates>
        </Point>
      </Placemark>
      <Placemark>
        <name/>
        <description><![CDATA[nama: G23-ODP4<br>deskripsi: ]]></description>
        <styleUrl>#icon-1899-0288D1</styleUrl>
        <ExtendedData>
          <Data name="nama">
            <value>G23-ODP4</value>
          </Data>
          <Data name="deskripsi">
            <value/>
          </Data>
        </ExtendedData>
        <Point>
          <coordinates>
            100.401026,-0.286357,0
          </coordinates>
        </Point>
      </Placemark>
      <Placemark>
        <name/>
        <description><![CDATA[nama: G23-ODP6<br>deskripsi: ]]></description>
        <styleUrl>#icon-1899-0288D1</styleUrl>
        <ExtendedData>
          <Data name="nama">
            <value>G23-ODP6</value>
          </Data>
          <Data name="deskripsi">
            <value/>
          </Data>
        </ExtendedData>
        <Point>
          <coordinates>
            100.401016,-0.284913,0
          </coordinates>
        </Point>
      </Placemark>
      <Placemark>
        <name/>
        <description><![CDATA[nama: G23-ODP5<br>deskripsi: ]]></description>
        <styleUrl>#icon-1899-0288D1</styleUrl>
        <ExtendedData>
          <Data name="nama">
            <value>G23-ODP5</value>
          </Data>
          <Data name="deskripsi">
            <value/>
          </Data>
        </ExtendedData>
        <Point>
          <coordinates>
            100.403361,-0.286498,0
          </coordinates>
        </Point>
      </Placemark>
      <Placemark>
        <name/>
        <description><![CDATA[nama: G23-ODP7<br>deskripsi: ]]></description>
        <styleUrl>#icon-1899-0288D1</styleUrl>
        <ExtendedData>
          <Data name="nama">
            <value>G23-ODP7</value>
          </Data>
          <Data name="deskripsi">
            <value/>
          </Data>
        </ExtendedData>
        <Point>
          <coordinates>
            100.402209,-0.2847,0
          </coordinates>
        </Point>
      </Placemark>
      <Placemark>
        <name/>
        <description><![CDATA[nama: G23-ODP8<br>deskripsi: ]]></description>
        <styleUrl>#icon-1899-0288D1</styleUrl>
        <ExtendedData>
          <Data name="nama">
            <value>G23-ODP8</value>
          </Data>
          <Data name="deskripsi">
            <value/>
          </Data>
        </ExtendedData>
        <Point>
          <coordinates>
            100.396696,-0.285019,0
          </coordinates>
        </Point>
      </Placemark>
      <Placemark>
        <name/>
        <description><![CDATA[nama: G24-ODP1<br>deskripsi: ]]></description>
        <styleUrl>#icon-1899-0288D1</styleUrl>
        <ExtendedData>
          <Data name="nama">
            <value>G24-ODP1</value>
          </Data>
          <Data name="deskripsi">
            <value/>
          </Data>
        </ExtendedData>
        <Point>
          <coordinates>
            100.409357,-0.280994,0
          </coordinates>
        </Point>
      </Placemark>
      <Placemark>
        <name/>
        <description><![CDATA[nama: G24-ODP2<br>deskripsi: ]]></description>
        <styleUrl>#icon-1899-0288D1</styleUrl>
        <ExtendedData>
          <Data name="nama">
            <value>G24-ODP2</value>
          </Data>
          <Data name="deskripsi">
            <value/>
          </Data>
        </ExtendedData>
        <Point>
          <coordinates>
            100.407064,-0.280854,0
          </coordinates>
        </Point>
      </Placemark>
      <Placemark>
        <name/>
        <description><![CDATA[nama: G24-ODP3<br>deskripsi: ]]></description>
        <styleUrl>#icon-1899-0288D1</styleUrl>
        <ExtendedData>
          <Data name="nama">
            <value>G24-ODP3</value>
          </Data>
          <Data name="deskripsi">
            <value/>
          </Data>
        </ExtendedData>
        <Point>
          <coordinates>
            100.404668,-0.280575,0
          </coordinates>
        </Point>
      </Placemark>
      <Placemark>
        <name/>
        <description><![CDATA[nama: G24-ODP4<br>deskripsi: ]]></description>
        <styleUrl>#icon-1899-0288D1</styleUrl>
        <ExtendedData>
          <Data name="nama">
            <value>G24-ODP4</value>
          </Data>
          <Data name="deskripsi">
            <value/>
          </Data>
        </ExtendedData>
        <Point>
          <coordinates>
            100.403711,-0.282354,0
          </coordinates>
        </Point>
      </Placemark>
      <Placemark>
        <name/>
        <description><![CDATA[nama: 4 Core Talao<br>deskripsi: ]]></description>
        <styleUrl>#line-000000-1200</styleUrl>
        <ExtendedData>
          <Data name="nama">
            <value>4 Core Talao</value>
          </Data>
          <Data name="deskripsi">
            <value/>
          </Data>
        </ExtendedData>
        <LineString>
          <tessellate>1</tessellate>
          <coordinates>
            100.401004,-0.284986,0
            100.400339,-0.284968,0
            100.400102,-0.284795,0
            100.399042,-0.284759,0
            100.39888,-0.2846,0
            100.39833,-0.284526,0
            100.397629,-0.284538,0
            100.397575,-0.284737,0
            100.397067,-0.284881,0
            100.396712,-0.285031,0
          </coordinates>
        </LineString>
      </Placemark>
      <Placemark>
        <name/>
        <description><![CDATA[nama: 24 Core Kapau<br>deskripsi: ]]></description>
        <styleUrl>#line-000000-1200</styleUrl>
        <ExtendedData>
          <Data name="nama">
            <value>24 Core Kapau</value>
          </Data>
          <Data name="deskripsi">
            <value/>
          </Data>
        </ExtendedData>
        <LineString>
          <tessellate>1</tessellate>
          <coordinates>
            100.412959,-0.265313,0
            100.411059,-0.270678,0
            100.409579,-0.271744,0
            100.408091,-0.27269,0
            100.406526,-0.273535,0
            100.404624,-0.274628,0
            100.403881,-0.275144,0
            100.402327,-0.276776,0
            100.401264,-0.277811,0
            100.399275,-0.27956,0
            100.398276,-0.280147,0
            100.397552,-0.280378,0
            100.396726,-0.280526,0
            100.394992,-0.280714,0
            100.394203,-0.280818,0
            100.393782,-0.280873,0
            100.392891,-0.280938,0
            100.392152,-0.280999,0
            100.391083,-0.281009,0
            100.389745,-0.280927,0
            100.388924,-0.280844,0
            100.388652,-0.280728,0
            100.388069,-0.280618,0
            100.387623,-0.280507,0
            100.387147,-0.280303,0
            100.386901,-0.280212,0
            100.38665,-0.280388,0
          </coordinates>
        </LineString>
      </Placemark>
      <Placemark>
        <name/>
        <description><![CDATA[nama: 12 Core Parak Maru<br>deskripsi: ]]></description>
        <styleUrl>#line-000000-1200</styleUrl>
        <ExtendedData>
          <Data name="nama">
            <value>12 Core Parak Maru</value>
          </Data>
          <Data name="deskripsi">
            <value/>
          </Data>
        </ExtendedData>
        <LineString>
          <tessellate>1</tessellate>
          <coordinates>
            100.411058,-0.270672,0
            100.411951,-0.270533,0
            100.412699,-0.270327,0
            100.413288,-0.270147,0
            100.413932,-0.26998,0
            100.414541,-0.270126,0
            100.416331,-0.270034,0
            100.417196,-0.269998,0
            100.41779,-0.269453,0
            100.418532,-0.268717,0
            100.419048,-0.268356,0
            100.419459,-0.268138,0
            100.419889,-0.268045,0
          </coordinates>
        </LineString>
      </Placemark>
      <Placemark>
        <name/>
        <description><![CDATA[nama: G19-ODP0<br>deskripsi: ]]></description>
        <styleUrl>#icon-1899-0288D1</styleUrl>
        <ExtendedData>
          <Data name="nama">
            <value>G19-ODP0</value>
          </Data>
          <Data name="deskripsi">
            <value/>
          </Data>
        </ExtendedData>
        <Point>
          <coordinates>
            100.409232,-0.275766,0
          </coordinates>
        </Point>
      </Placemark>
      <Placemark>
        <name/>
        <description><![CDATA[nama: G7-ODP0<br>deskripsi: ]]></description>
        <styleUrl>#icon-1899-0288D1</styleUrl>
        <ExtendedData>
          <Data name="nama">
            <value>G7-ODP0</value>
          </Data>
          <Data name="deskripsi">
            <value/>
          </Data>
        </ExtendedData>
        <Point>
          <coordinates>
            100.408067,-0.272702,0
          </coordinates>
        </Point>
      </Placemark>
      <Placemark>
        <name/>
        <description><![CDATA[nama: G7-ODP1<br>deskripsi: ]]></description>
        <styleUrl>#icon-1899-0288D1</styleUrl>
        <ExtendedData>
          <Data name="nama">
            <value>G7-ODP1</value>
          </Data>
          <Data name="deskripsi">
            <value/>
          </Data>
        </ExtendedData>
        <Point>
          <coordinates>
            100.408591,-0.273666,0
          </coordinates>
        </Point>
      </Placemark>
      <Placemark>
        <name/>
        <description><![CDATA[nama: G7-ODP2<br>deskripsi: ]]></description>
        <styleUrl>#icon-1899-0288D1</styleUrl>
        <ExtendedData>
          <Data name="nama">
            <value>G7-ODP2</value>
          </Data>
          <Data name="deskripsi">
            <value/>
          </Data>
        </ExtendedData>
        <Point>
          <coordinates>
            100.409577,-0.271737,0
          </coordinates>
        </Point>
      </Placemark>
      <Placemark>
        <name/>
        <description><![CDATA[nama: G8-ODP0<br>deskripsi: ]]></description>
        <styleUrl>#icon-1899-0288D1</styleUrl>
        <ExtendedData>
          <Data name="nama">
            <value>G8-ODP0</value>
          </Data>
          <Data name="deskripsi">
            <value/>
          </Data>
        </ExtendedData>
        <Point>
          <coordinates>
            100.411069,-0.270681,0
          </coordinates>
        </Point>
      </Placemark>
      <Placemark>
        <name/>
        <description><![CDATA[nama: G9-ODP0<br>deskripsi: ]]></description>
        <styleUrl>#icon-1899-0288D1</styleUrl>
        <ExtendedData>
          <Data name="nama">
            <value>G9-ODP0</value>
          </Data>
          <Data name="deskripsi">
            <value/>
          </Data>
        </ExtendedData>
        <Point>
          <coordinates>
            100.41161,-0.269173,0
          </coordinates>
        </Point>
      </Placemark>
      <Placemark>
        <name/>
        <description><![CDATA[nama: G8-ODP1<br>deskripsi: ]]></description>
        <styleUrl>#icon-1899-0288D1</styleUrl>
        <ExtendedData>
          <Data name="nama">
            <value>G8-ODP1</value>
          </Data>
          <Data name="deskripsi">
            <value/>
          </Data>
        </ExtendedData>
        <Point>
          <coordinates>
            100.413099,-0.270212,0
          </coordinates>
        </Point>
      </Placemark>
      <Placemark>
        <name/>
        <description><![CDATA[nama: G8-ODP2<br>deskripsi: ]]></description>
        <styleUrl>#icon-1899-0288D1</styleUrl>
        <ExtendedData>
          <Data name="nama">
            <value>G8-ODP2</value>
          </Data>
          <Data name="deskripsi">
            <value/>
          </Data>
        </ExtendedData>
        <Point>
          <coordinates>
            100.413901,-0.269986,0
          </coordinates>
        </Point>
      </Placemark>
      <Placemark>
        <name/>
        <description><![CDATA[nama: G8-ODP3<br>deskripsi: ]]></description>
        <styleUrl>#icon-1899-0288D1</styleUrl>
        <ExtendedData>
          <Data name="nama">
            <value>G8-ODP3</value>
          </Data>
          <Data name="deskripsi">
            <value/>
          </Data>
        </ExtendedData>
        <Point>
          <coordinates>
            100.415445,-0.270069,0
          </coordinates>
        </Point>
      </Placemark>
      <Placemark>
        <name/>
        <description><![CDATA[nama: G8-ODP4<br>deskripsi: ]]></description>
        <styleUrl>#icon-1899-0288D1</styleUrl>
        <ExtendedData>
          <Data name="nama">
            <value>G8-ODP4</value>
          </Data>
          <Data name="deskripsi">
            <value/>
          </Data>
        </ExtendedData>
        <Point>
          <coordinates>
            100.416332,-0.270026,0
          </coordinates>
        </Point>
      </Placemark>
      <Placemark>
        <name/>
        <description><![CDATA[nama: G7-ODP3<br>deskripsi: ]]></description>
        <styleUrl>#icon-1899-0288D1</styleUrl>
        <ExtendedData>
          <Data name="nama">
            <value>G7-ODP3</value>
          </Data>
          <Data name="deskripsi">
            <value/>
          </Data>
        </ExtendedData>
        <Point>
          <coordinates>
            100.412946,-0.265316,0
          </coordinates>
        </Point>
      </Placemark>
      <Placemark>
        <name/>
        <description><![CDATA[nama: G3-ODP0<br>deskripsi: ]]></description>
        <styleUrl>#icon-1899-0288D1</styleUrl>
        <ExtendedData>
          <Data name="nama">
            <value>G3-ODP0</value>
          </Data>
          <Data name="deskripsi">
            <value/>
          </Data>
        </ExtendedData>
        <Point>
          <coordinates>
            100.406263,-0.273702,0
          </coordinates>
        </Point>
      </Placemark>
      <Placemark>
        <name/>
        <description><![CDATA[nama: G7-ODP4<br>deskripsi: ]]></description>
        <styleUrl>#icon-1899-0288D1</styleUrl>
        <ExtendedData>
          <Data name="nama">
            <value>G7-ODP4</value>
          </Data>
          <Data name="deskripsi">
            <value/>
          </Data>
        </ExtendedData>
        <Point>
          <coordinates>
            100.404638,-0.274613,0
          </coordinates>
        </Point>
      </Placemark>
      <Placemark>
        <name/>
        <description><![CDATA[nama: G4-ODP0<br>deskripsi: ]]></description>
        <styleUrl>#icon-1899-0288D1</styleUrl>
        <ExtendedData>
          <Data name="nama">
            <value>G4-ODP0</value>
          </Data>
          <Data name="deskripsi">
            <value/>
          </Data>
        </ExtendedData>
        <Point>
          <coordinates>
            100.402494,-0.276583,0
          </coordinates>
        </Point>
      </Placemark>
      <Placemark>
        <name/>
        <description><![CDATA[nama: G5-ODP0<br>deskripsi: ]]></description>
        <styleUrl>#icon-1899-0288D1</styleUrl>
        <ExtendedData>
          <Data name="nama">
            <value>G5-ODP0</value>
          </Data>
          <Data name="deskripsi">
            <value/>
          </Data>
        </ExtendedData>
        <Point>
          <coordinates>
            100.401304,-0.277774,0
          </coordinates>
        </Point>
      </Placemark>
      <Placemark>
        <name/>
        <description><![CDATA[nama: G6-ODP3<br>deskripsi: ]]></description>
        <styleUrl>#icon-1899-0288D1</styleUrl>
        <ExtendedData>
          <Data name="nama">
            <value>G6-ODP3</value>
          </Data>
          <Data name="deskripsi">
            <value/>
          </Data>
        </ExtendedData>
        <Point>
          <coordinates>
            100.399153,-0.279637,0
          </coordinates>
        </Point>
      </Placemark>
      <Placemark>
        <name/>
        <description><![CDATA[nama: G6-ODP2<br>deskripsi: ]]></description>
        <styleUrl>#icon-1899-0288D1</styleUrl>
        <ExtendedData>
          <Data name="nama">
            <value>G6-ODP2</value>
          </Data>
          <Data name="deskripsi">
            <value/>
          </Data>
        </ExtendedData>
        <Point>
          <coordinates>
            100.396731,-0.280509,0
          </coordinates>
        </Point>
      </Placemark>
      <Placemark>
        <name/>
        <description><![CDATA[nama: G6-ODP0<br>deskripsi: ]]></description>
        <styleUrl>#icon-1899-0288D1</styleUrl>
        <ExtendedData>
          <Data name="nama">
            <value>G6-ODP0</value>
          </Data>
          <Data name="deskripsi">
            <value/>
          </Data>
        </ExtendedData>
        <Point>
          <coordinates>
            100.394194,-0.280816,0
          </coordinates>
        </Point>
      </Placemark>
      <Placemark>
        <name/>
        <description><![CDATA[nama: G6-ODP4<br>deskripsi: ]]></description>
        <styleUrl>#icon-1899-0288D1</styleUrl>
        <ExtendedData>
          <Data name="nama">
            <value>G6-ODP4</value>
          </Data>
          <Data name="deskripsi">
            <value/>
          </Data>
        </ExtendedData>
        <Point>
          <coordinates>
            100.39291,-0.28092,0
          </coordinates>
        </Point>
      </Placemark>
      <Placemark>
        <name/>
        <description><![CDATA[nama: G6-ODP5<br>deskripsi: ]]></description>
        <styleUrl>#icon-1899-0288D1</styleUrl>
        <ExtendedData>
          <Data name="nama">
            <value>G6-ODP5</value>
          </Data>
          <Data name="deskripsi">
            <value/>
          </Data>
        </ExtendedData>
        <Point>
          <coordinates>
            100.391601,-0.281003,0
          </coordinates>
        </Point>
      </Placemark>
      <Placemark>
        <name/>
        <description><![CDATA[nama: G6-ODP6<br>deskripsi: ]]></description>
        <styleUrl>#icon-1899-0288D1</styleUrl>
        <ExtendedData>
          <Data name="nama">
            <value>G6-ODP6</value>
          </Data>
          <Data name="deskripsi">
            <value/>
          </Data>
        </ExtendedData>
        <Point>
          <coordinates>
            100.388926,-0.280849,0
          </coordinates>
        </Point>
      </Placemark>
      <Placemark>
        <name/>
        <description><![CDATA[nama: G7-ODP5<br>deskripsi: ]]></description>
        <styleUrl>#icon-1899-0288D1</styleUrl>
        <ExtendedData>
          <Data name="nama">
            <value>G7-ODP5</value>
          </Data>
          <Data name="deskripsi">
            <value/>
          </Data>
        </ExtendedData>
        <Point>
          <coordinates>
            100.403618,-0.275413,0
          </coordinates>
        </Point>
      </Placemark>
      <Placemark>
        <name/>
        <description><![CDATA[nama: G6-ODP1<br>deskripsi: ]]></description>
        <styleUrl>#icon-1899-0288D1</styleUrl>
        <ExtendedData>
          <Data name="nama">
            <value>G6-ODP1</value>
          </Data>
          <Data name="deskripsi">
            <value/>
          </Data>
        </ExtendedData>
        <Point>
          <coordinates>
            100.395103,-0.280693,0
          </coordinates>
        </Point>
      </Placemark>
      <Placemark>
        <name/>
        <description><![CDATA[nama: G19-ODP4<br>deskripsi: ]]></description>
        <styleUrl>#icon-1899-0288D1</styleUrl>
        <ExtendedData>
          <Data name="nama">
            <value>G19-ODP4</value>
          </Data>
          <Data name="deskripsi">
            <value/>
          </Data>
        </ExtendedData>
        <Point>
          <coordinates>
            100.415737,-0.275211,0
          </coordinates>
        </Point>
      </Placemark>
      <Placemark>
        <name/>
        <description><![CDATA[nama: G19-ODP2<br>deskripsi: ]]></description>
        <styleUrl>#icon-1899-0288D1</styleUrl>
        <ExtendedData>
          <Data name="nama">
            <value>G19-ODP2</value>
          </Data>
          <Data name="deskripsi">
            <value/>
          </Data>
        </ExtendedData>
        <Point>
          <coordinates>
            100.412052,-0.275159,0
          </coordinates>
        </Point>
      </Placemark>
      <Placemark>
        <name/>
        <description><![CDATA[nama: G19-ODP1<br>deskripsi: ]]></description>
        <styleUrl>#icon-1899-0288D1</styleUrl>
        <ExtendedData>
          <Data name="nama">
            <value>G19-ODP1</value>
          </Data>
          <Data name="deskripsi">
            <value/>
          </Data>
        </ExtendedData>
        <Point>
          <coordinates>
            100.410632,-0.276418,0
          </coordinates>
        </Point>
      </Placemark>
      <Placemark>
        <name/>
        <description><![CDATA[nama: G19-ODP3<br>deskripsi: ]]></description>
        <styleUrl>#icon-1899-0288D1</styleUrl>
        <ExtendedData>
          <Data name="nama">
            <value>G19-ODP3</value>
          </Data>
          <Data name="deskripsi">
            <value/>
          </Data>
        </ExtendedData>
        <Point>
          <coordinates>
            100.414101,-0.275161,0
          </coordinates>
        </Point>
      </Placemark>
      <Placemark>
        <name/>
        <description><![CDATA[nama: G9-ODP1<br>deskripsi: ]]></description>
        <styleUrl>#icon-1899-0288D1</styleUrl>
        <ExtendedData>
          <Data name="nama">
            <value>G9-ODP1</value>
          </Data>
          <Data name="deskripsi">
            <value/>
          </Data>
        </ExtendedData>
        <Point>
          <coordinates>
            100.410273,-0.268866,0
          </coordinates>
        </Point>
      </Placemark>
      <Placemark>
        <name/>
        <description><![CDATA[nama: G9-ODP2<br>deskripsi: ]]></description>
        <styleUrl>#icon-1899-0288D1</styleUrl>
        <ExtendedData>
          <Data name="nama">
            <value>G9-ODP2</value>
          </Data>
          <Data name="deskripsi">
            <value/>
          </Data>
        </ExtendedData>
        <Point>
          <coordinates>
            100.410247,-0.267209,0
          </coordinates>
        </Point>
      </Placemark>
      <Placemark>
        <name/>
        <description><![CDATA[nama: Untitled Placemark<br>deskripsi: ]]></description>
        <styleUrl>#icon-1899-0288D1</styleUrl>
        <ExtendedData>
          <Data name="nama">
            <value>Untitled Placemark</value>
          </Data>
          <Data name="deskripsi">
            <value/>
          </Data>
        </ExtendedData>
        <Point>
          <coordinates>
            100.419904,-0.268026,0
          </coordinates>
        </Point>
      </Placemark>
      <Placemark>
        <name/>
        <description><![CDATA[nama: 12 Core Simp Bukik - Lasi<br>deskripsi: Jumlah Core : 12 Core<br>Jumlah Core Terpakai : 8 Core<br>Klasifikasi Kabel : Backbone dan Distribusi<br>Letak Kabel : Udara]]></description>
        <styleUrl>#line-000000-1200</styleUrl>
        <ExtendedData>
          <Data name="nama">
            <value>12 Core Simp Bukik - Lasi</value>
          </Data>
          <Data name="deskripsi">
            <value>Jumlah Core : 12 Core
Jumlah Core Terpakai : 8 Core
Klasifikasi Kabel : Backbone dan Distribusi
Letak Kabel : Udara</value>
          </Data>
        </ExtendedData>
        <LineString>
          <tessellate>1</tessellate>
          <coordinates>
            100.412177,-0.3252,0
            100.414838,-0.324866,0
            100.416559,-0.324344,0
            100.419115,-0.323731,0
            100.420296,-0.323316,0
            100.422877,-0.322329,0
            100.425909,-0.320903,0
            100.427308,-0.319855,0
            100.427994,-0.319808,0
            100.429921,-0.319482,0
            100.431306,-0.319321,0
            100.433225,-0.318941,0
            100.434556,-0.318376,0
            100.436514,-0.317208,0
          </coordinates>
        </LineString>
      </Placemark>
      <Placemark>
        <name/>
        <description><![CDATA[nama: 4 Core Bukik Batabuah<br>deskripsi: Jumlah Core : 12 Core<br>Jumlah Core Terpakai : 8 Core<br>Klasifikasi Kabel : Distribusi<br>Letak Kabel : Udara]]></description>
        <styleUrl>#line-000000-1200</styleUrl>
        <ExtendedData>
          <Data name="nama">
            <value>4 Core Bukik Batabuah</value>
          </Data>
          <Data name="deskripsi">
            <value>Jumlah Core : 12 Core
Jumlah Core Terpakai : 8 Core
Klasifikasi Kabel : Distribusi
Letak Kabel : Udara</value>
          </Data>
        </ExtendedData>
        <LineString>
          <tessellate>1</tessellate>
          <coordinates>
            100.418954,-0.3238,0
            100.421252,-0.329594,0
            100.422615,-0.331782,0
            100.42456,-0.333217,0
            100.42536,-0.334131,0
            100.425895,-0.335079,0
            100.428045,-0.335677,0
            100.428273,-0.336019,0
            100.428643,-0.336953,0
            100.429218,-0.33816,0
            100.429924,-0.339026,0
            100.429941,-0.339311,0
            100.430416,-0.340128,0
            100.430896,-0.340548,0
            100.431007,-0.340791,0
            100.431117,-0.341203,0
            100.431601,-0.341961,0
            100.431583,-0.342202,0
            100.431361,-0.342535,0
            100.431571,-0.343015,0
            100.431783,-0.343575,0
            100.431853,-0.343967,0
            100.431944,-0.344267,0
            100.432169,-0.344985,0
            100.432348,-0.345402,0
            100.432739,-0.345836,0
            100.432845,-0.346256,0
            100.433012,-0.346949,0
            100.433586,-0.348116,0
            100.433789,-0.348634,0
          </coordinates>
        </LineString>
      </Placemark>
      <Placemark>
        <name/>
        <description><![CDATA[nama: 4 Core Bukik Batabuah2<br>deskripsi: Jumlah Core : 4 Core<br>Jumlah Core Terpakai : 4 Core<br>Klasifikasi Kabel : Distribusi<br>Letak Kabel : Udara]]></description>
        <styleUrl>#line-000000-1200</styleUrl>
        <ExtendedData>
          <Data name="nama">
            <value>4 Core Bukik Batabuah2</value>
          </Data>
          <Data name="deskripsi">
            <value>Jumlah Core : 4 Core
Jumlah Core Terpakai : 4 Core
Klasifikasi Kabel : Distribusi
Letak Kabel : Udara</value>
          </Data>
        </ExtendedData>
        <LineString>
          <tessellate>1</tessellate>
          <coordinates>
            100.424251,-0.332985,0
            100.426178,-0.332096,0
          </coordinates>
        </LineString>
      </Placemark>
      <Placemark>
        <name/>
        <description><![CDATA[nama: 4 Core Bukik Batabuah3<br>deskripsi: Jumlah Core : 4 Core<br>Jumlah Core Terpakai : 1 Core<br>Klasifikasi Kabel : Distribusi<br>Letak Kabel : Udara]]></description>
        <styleUrl>#line-000000-1200</styleUrl>
        <ExtendedData>
          <Data name="nama">
            <value>4 Core Bukik Batabuah3</value>
          </Data>
          <Data name="deskripsi">
            <value>Jumlah Core : 4 Core
Jumlah Core Terpakai : 1 Core
Klasifikasi Kabel : Distribusi
Letak Kabel : Udara</value>
          </Data>
        </ExtendedData>
        <LineString>
          <tessellate>1</tessellate>
          <coordinates>
            100.426995,-0.335881,0
            100.42772,-0.335874,0
            100.428245,-0.336034,0
            100.428053,-0.335702,0
          </coordinates>
        </LineString>
      </Placemark>
      <Placemark>
        <name/>
        <description><![CDATA[nama: 4 Core Pasanehan<br>deskripsi: Jumlah Core : 4 Core<br>Jumlah Core Terpakai : 2 Core<br>Klasifikasi Kabel : Distribusi<br>Letak Kabel : Udara]]></description>
        <styleUrl>#line-000000-1200</styleUrl>
        <ExtendedData>
          <Data name="nama">
            <value>4 Core Pasanehan</value>
          </Data>
          <Data name="deskripsi">
            <value>Jumlah Core : 4 Core
Jumlah Core Terpakai : 2 Core
Klasifikasi Kabel : Distribusi
Letak Kabel : Udara</value>
          </Data>
        </ExtendedData>
        <LineString>
          <tessellate>1</tessellate>
          <coordinates>
            100.432726,-0.318979,0
            100.431264,-0.319311,0
            100.431456,-0.321026,0
            100.431717,-0.32322,0
            100.431909,-0.325143,0
            100.432163,-0.325851,0
          </coordinates>
        </LineString>
      </Placemark>
      <Placemark>
        <name/>
        <description><![CDATA[nama: 4 Core Pasanehan2<br>deskripsi: Jumlah Core : 4 Core<br>Jumlah Core Terpakai : 1 Core<br>Klasifikasi Kabel : Distribusi<br>Letak Kabel : Udara]]></description>
        <styleUrl>#line-000000-1200</styleUrl>
        <ExtendedData>
          <Data name="nama">
            <value>4 Core Pasanehan2</value>
          </Data>
          <Data name="deskripsi">
            <value>Jumlah Core : 4 Core
Jumlah Core Terpakai : 1 Core
Klasifikasi Kabel : Distribusi
Letak Kabel : Udara</value>
          </Data>
        </ExtendedData>
        <LineString>
          <tessellate>1</tessellate>
          <coordinates>
            100.431488,-0.321019,0
            100.432228,-0.321085,0
            100.432617,-0.321141,0
          </coordinates>
        </LineString>
      </Placemark>
      <Placemark>
        <name/>
        <description><![CDATA[nama: 4 Core Kayu Rantingan<br>deskripsi: Jumlah Core : 2 Core<br>Jumlah Core Terpakai : 1 Core<br>Klasifikasi Kabel : Distribusi<br>Letak Kabel : Udara]]></description>
        <styleUrl>#line-000000-1200</styleUrl>
        <ExtendedData>
          <Data name="nama">
            <value>4 Core Kayu Rantingan</value>
          </Data>
          <Data name="deskripsi">
            <value>Jumlah Core : 2 Core
Jumlah Core Terpakai : 1 Core
Klasifikasi Kabel : Distribusi
Letak Kabel : Udara</value>
          </Data>
        </ExtendedData>
        <LineString>
          <tessellate>1</tessellate>
          <coordinates>
            100.425933,-0.320857,0
            100.426402,-0.322009,0
          </coordinates>
        </LineString>
      </Placemark>
      <Placemark>
        <name/>
        <description><![CDATA[nama: 4 Core Gobah<br>deskripsi: Jumlah Core : 4 Core<br>Jumlah Core Terpakai : 4 Core<br>Klasifikasi Kabel : Distribusi<br>Letak Kabel : Udara]]></description>
        <styleUrl>#line-000000-1200</styleUrl>
        <ExtendedData>
          <Data name="nama">
            <value>4 Core Gobah</value>
          </Data>
          <Data name="deskripsi">
            <value>Jumlah Core : 4 Core
Jumlah Core Terpakai : 4 Core
Klasifikasi Kabel : Distribusi
Letak Kabel : Udara</value>
          </Data>
        </ExtendedData>
        <LineString>
          <tessellate>1</tessellate>
          <coordinates>
            100.428085,-0.335721,0
            100.428529,-0.335341,0
            100.429005,-0.334893,0
            100.428962,-0.334314,0
            100.429091,-0.333863,0
            100.428871,-0.332613,0
            100.428683,-0.332174,0
            100.428606,-0.33136,0
            100.428378,-0.330557,0
          </coordinates>
        </LineString>
      </Placemark>
      <Placemark>
        <name/>
        <description><![CDATA[nama: 4 Core Kubu Pisang<br>deskripsi: Jumlah Core : 4 Core<br>Jumlah Core Terpakai : 2 Core<br>Klasifikasi Kabel : Distribusi<br>Letak Kabel : Udara]]></description>
        <styleUrl>#line-000000-1200</styleUrl>
        <ExtendedData>
          <Data name="nama">
            <value>4 Core Kubu Pisang</value>
          </Data>
          <Data name="deskripsi">
            <value>Jumlah Core : 4 Core
Jumlah Core Terpakai : 2 Core
Klasifikasi Kabel : Distribusi
Letak Kabel : Udara</value>
          </Data>
        </ExtendedData>
        <LineString>
          <tessellate>1</tessellate>
          <coordinates>
            100.418959,-0.323692,0
            100.420199,-0.323401,0
            100.420279,-0.322592,0
            100.420984,-0.320398,0
            100.421362,-0.319173,0
            100.421613,-0.317887,0
          </coordinates>
        </LineString>
      </Placemark>
      <Placemark>
        <name/>
        <description><![CDATA[nama: D5-ODP1<br>deskripsi: ]]></description>
        <styleUrl>#icon-1899-0288D1</styleUrl>
        <ExtendedData>
          <Data name="nama">
            <value>D5-ODP1</value>
          </Data>
          <Data name="deskripsi">
            <value/>
          </Data>
        </ExtendedData>
        <Point>
          <coordinates>
            100.436553,-0.317162,0
          </coordinates>
        </Point>
      </Placemark>
      <Placemark>
        <name/>
        <description><![CDATA[nama: D5-ODP2<br>deskripsi: ]]></description>
        <styleUrl>#icon-1899-0288D1</styleUrl>
        <ExtendedData>
          <Data name="nama">
            <value>D5-ODP2</value>
          </Data>
          <Data name="deskripsi">
            <value/>
          </Data>
        </ExtendedData>
        <Point>
          <coordinates>
            100.432754,-0.318984,0
          </coordinates>
        </Point>
      </Placemark>
      <Placemark>
        <name/>
        <description><![CDATA[nama: D5-ODP3<br>deskripsi: ]]></description>
        <styleUrl>#icon-1899-0288D1</styleUrl>
        <ExtendedData>
          <Data name="nama">
            <value>D5-ODP3</value>
          </Data>
          <Data name="deskripsi">
            <value/>
          </Data>
        </ExtendedData>
        <Point>
          <coordinates>
            100.429429,-0.319546,0
          </coordinates>
        </Point>
      </Placemark>
      <Placemark>
        <name/>
        <description><![CDATA[nama: D5-ODP4<br>deskripsi: ]]></description>
        <styleUrl>#icon-1899-0288D1</styleUrl>
        <ExtendedData>
          <Data name="nama">
            <value>D5-ODP4</value>
          </Data>
          <Data name="deskripsi">
            <value/>
          </Data>
        </ExtendedData>
        <Point>
          <coordinates>
            100.428009,-0.319783,0
          </coordinates>
        </Point>
      </Placemark>
      <Placemark>
        <name/>
        <description><![CDATA[nama: D5-ODP5<br>deskripsi: ]]></description>
        <styleUrl>#icon-1899-0288D1</styleUrl>
        <ExtendedData>
          <Data name="nama">
            <value>D5-ODP5</value>
          </Data>
          <Data name="deskripsi">
            <value/>
          </Data>
        </ExtendedData>
        <Point>
          <coordinates>
            100.425928,-0.32091,0
          </coordinates>
        </Point>
      </Placemark>
      <Placemark>
        <name/>
        <description><![CDATA[nama: D5-ODP6<br>deskripsi: ]]></description>
        <styleUrl>#icon-1899-0288D1</styleUrl>
        <ExtendedData>
          <Data name="nama">
            <value>D5-ODP6</value>
          </Data>
          <Data name="deskripsi">
            <value/>
          </Data>
        </ExtendedData>
        <Point>
          <coordinates>
            100.4264,-0.322026,0
          </coordinates>
        </Point>
      </Placemark>
      <Placemark>
        <name/>
        <description><![CDATA[nama: D7-ODP1<br>deskripsi: ]]></description>
        <styleUrl>#icon-1899-0288D1</styleUrl>
        <ExtendedData>
          <Data name="nama">
            <value>D7-ODP1</value>
          </Data>
          <Data name="deskripsi">
            <value/>
          </Data>
        </ExtendedData>
        <Point>
          <coordinates>
            100.418988,-0.323693,0
          </coordinates>
        </Point>
      </Placemark>
      <Placemark>
        <name/>
        <description><![CDATA[nama: D7-ODP2<br>deskripsi: ]]></description>
        <styleUrl>#icon-1899-0288D1</styleUrl>
        <ExtendedData>
          <Data name="nama">
            <value>D7-ODP2</value>
          </Data>
          <Data name="deskripsi">
            <value/>
          </Data>
        </ExtendedData>
        <Point>
          <coordinates>
            100.420938,-0.320455,0
          </coordinates>
        </Point>
      </Placemark>
      <Placemark>
        <name/>
        <description><![CDATA[nama: D7-ODP3<br>deskripsi: ]]></description>
        <styleUrl>#icon-1899-0288D1</styleUrl>
        <ExtendedData>
          <Data name="nama">
            <value>D7-ODP3</value>
          </Data>
          <Data name="deskripsi">
            <value/>
          </Data>
        </ExtendedData>
        <Point>
          <coordinates>
            100.421602,-0.317929,0
          </coordinates>
        </Point>
      </Placemark>
      <Placemark>
        <name/>
        <description><![CDATA[nama: D7-ODP4<br>deskripsi: ]]></description>
        <styleUrl>#icon-1899-0288D1</styleUrl>
        <ExtendedData>
          <Data name="nama">
            <value>D7-ODP4</value>
          </Data>
          <Data name="deskripsi">
            <value/>
          </Data>
        </ExtendedData>
        <Point>
          <coordinates>
            100.421687,-0.322803,0
          </coordinates>
        </Point>
      </Placemark>
      <Placemark>
        <name/>
        <description><![CDATA[nama: D7-ODP5<br>deskripsi: ]]></description>
        <styleUrl>#icon-1899-0288D1</styleUrl>
        <ExtendedData>
          <Data name="nama">
            <value>D7-ODP5</value>
          </Data>
          <Data name="deskripsi">
            <value/>
          </Data>
        </ExtendedData>
        <Point>
          <coordinates>
            100.416463,-0.32434,0
          </coordinates>
        </Point>
      </Placemark>
      <Placemark>
        <name/>
        <description><![CDATA[nama: D8-ODP1<br>deskripsi: ]]></description>
        <styleUrl>#icon-1899-0288D1</styleUrl>
        <ExtendedData>
          <Data name="nama">
            <value>D8-ODP1</value>
          </Data>
          <Data name="deskripsi">
            <value/>
          </Data>
        </ExtendedData>
        <Point>
          <coordinates>
            100.422458,-0.331529,0
          </coordinates>
        </Point>
      </Placemark>
      <Placemark>
        <name/>
        <description><![CDATA[nama: D8-ODP2<br>deskripsi: ]]></description>
        <styleUrl>#icon-1899-0288D1</styleUrl>
        <ExtendedData>
          <Data name="nama">
            <value>D8-ODP2</value>
          </Data>
          <Data name="deskripsi">
            <value/>
          </Data>
        </ExtendedData>
        <Point>
          <coordinates>
            100.424143,-0.332886,0
          </coordinates>
        </Point>
      </Placemark>
      <Placemark>
        <name/>
        <description><![CDATA[nama: D8-ODP3<br>deskripsi: ]]></description>
        <styleUrl>#icon-1899-0288D1</styleUrl>
        <ExtendedData>
          <Data name="nama">
            <value>D8-ODP3</value>
          </Data>
          <Data name="deskripsi">
            <value/>
          </Data>
        </ExtendedData>
        <Point>
          <coordinates>
            100.426187,-0.332064,0
          </coordinates>
        </Point>
      </Placemark>
      <Placemark>
        <name/>
        <description><![CDATA[nama: D9-ODP1<br>deskripsi: ]]></description>
        <styleUrl>#icon-1899-0288D1</styleUrl>
        <ExtendedData>
          <Data name="nama">
            <value>D9-ODP1</value>
          </Data>
          <Data name="deskripsi">
            <value/>
          </Data>
        </ExtendedData>
        <Point>
          <coordinates>
            100.428021,-0.335716,0
          </coordinates>
        </Point>
      </Placemark>
      <Placemark>
        <name/>
        <description><![CDATA[nama: D9-ODP2<br>deskripsi: ]]></description>
        <styleUrl>#icon-1899-0288D1</styleUrl>
        <ExtendedData>
          <Data name="nama">
            <value>D9-ODP2</value>
          </Data>
          <Data name="deskripsi">
            <value/>
          </Data>
        </ExtendedData>
        <Point>
          <coordinates>
            100.426975,-0.335879,0
          </coordinates>
        </Point>
      </Placemark>
      <Placemark>
        <name/>
        <description><![CDATA[nama: D9-ODP3<br>deskripsi: ]]></description>
        <styleUrl>#icon-1899-0288D1</styleUrl>
        <ExtendedData>
          <Data name="nama">
            <value>D9-ODP3</value>
          </Data>
          <Data name="deskripsi">
            <value/>
          </Data>
        </ExtendedData>
        <Point>
          <coordinates>
            100.428692,-0.332285,0
          </coordinates>
        </Point>
      </Placemark>
      <Placemark>
        <name/>
        <description><![CDATA[nama: D9-ODP4<br>deskripsi: ]]></description>
        <styleUrl>#icon-1899-0288D1</styleUrl>
        <ExtendedData>
          <Data name="nama">
            <value>D9-ODP4</value>
          </Data>
          <Data name="deskripsi">
            <value/>
          </Data>
        </ExtendedData>
        <Point>
          <coordinates>
            100.42837,-0.33059,0
          </coordinates>
        </Point>
      </Placemark>
      <Placemark>
        <name/>
        <description><![CDATA[nama: D11-ODP1<br>deskripsi: ]]></description>
        <styleUrl>#icon-1899-0288D1</styleUrl>
        <ExtendedData>
          <Data name="nama">
            <value>D11-ODP1</value>
          </Data>
          <Data name="deskripsi">
            <value/>
          </Data>
        </ExtendedData>
        <Point>
          <coordinates>
            100.429908,-0.33904,0
          </coordinates>
        </Point>
      </Placemark>
      <Placemark>
        <name/>
        <description><![CDATA[nama: D11-ODP2<br>deskripsi: ]]></description>
        <styleUrl>#icon-1899-0288D1</styleUrl>
        <ExtendedData>
          <Data name="nama">
            <value>D11-ODP2</value>
          </Data>
          <Data name="deskripsi">
            <value/>
          </Data>
        </ExtendedData>
        <Point>
          <coordinates>
            100.431851,-0.34374,0
          </coordinates>
        </Point>
      </Placemark>
      <Placemark>
        <name/>
        <description><![CDATA[nama: D11-ODP3<br>deskripsi: ]]></description>
        <styleUrl>#icon-1899-0288D1</styleUrl>
        <ExtendedData>
          <Data name="nama">
            <value>D11-ODP3</value>
          </Data>
          <Data name="deskripsi">
            <value/>
          </Data>
        </ExtendedData>
        <Point>
          <coordinates>
            100.432865,-0.34637,0
          </coordinates>
        </Point>
      </Placemark>
      <Placemark>
        <name/>
        <description><![CDATA[nama: D11-ODP4<br>deskripsi: ]]></description>
        <styleUrl>#icon-1899-0288D1</styleUrl>
        <ExtendedData>
          <Data name="nama">
            <value>D11-ODP4</value>
          </Data>
          <Data name="deskripsi">
            <value/>
          </Data>
        </ExtendedData>
        <Point>
          <coordinates>
            100.43379,-0.348636,0
          </coordinates>
        </Point>
      </Placemark>
      <Placemark>
        <name/>
        <description><![CDATA[nama: D12-ODP1<br>deskripsi: ]]></description>
        <styleUrl>#icon-1899-0288D1</styleUrl>
        <ExtendedData>
          <Data name="nama">
            <value>D12-ODP1</value>
          </Data>
          <Data name="deskripsi">
            <value/>
          </Data>
        </ExtendedData>
        <Point>
          <coordinates>
            100.431641,-0.322629,0
          </coordinates>
        </Point>
      </Placemark>
      <Placemark>
        <name/>
        <description><![CDATA[nama: D12-ODP2<br>deskripsi: ]]></description>
        <styleUrl>#icon-1899-0288D1</styleUrl>
        <ExtendedData>
          <Data name="nama">
            <value>D12-ODP2</value>
          </Data>
          <Data name="deskripsi">
            <value/>
          </Data>
        </ExtendedData>
        <Point>
          <coordinates>
            100.432162,-0.325865,0
          </coordinates>
        </Point>
      </Placemark>
      <Placemark>
        <name/>
        <description><![CDATA[nama: D12-ODP3<br>deskripsi: ]]></description>
        <styleUrl>#icon-1899-0288D1</styleUrl>
        <ExtendedData>
          <Data name="nama">
            <value>D12-ODP3</value>
          </Data>
          <Data name="deskripsi">
            <value/>
          </Data>
        </ExtendedData>
        <Point>
          <coordinates>
            100.432624,-0.321189,0
          </coordinates>
        </Point>
      </Placemark>
      <Placemark>
        <name/>
        <description><![CDATA[nama: D13-ODP7<br>deskripsi: ]]></description>
        <styleUrl>#icon-1899-0288D1</styleUrl>
        <ExtendedData>
          <Data name="nama">
            <value>D13-ODP7</value>
          </Data>
          <Data name="deskripsi">
            <value/>
          </Data>
        </ExtendedData>
        <Point>
          <coordinates>
            100.435066,-0.31615,0
          </coordinates>
        </Point>
      </Placemark>
      <Placemark>
        <name/>
        <description><![CDATA[nama: A25-ODP1<br>deskripsi: ]]></description>
        <styleUrl>#icon-1899-0288D1</styleUrl>
        <ExtendedData>
          <Data name="nama">
            <value>A25-ODP1</value>
          </Data>
          <Data name="deskripsi">
            <value/>
          </Data>
        </ExtendedData>
        <Point>
          <coordinates>
            100.414621,-0.32487,0
          </coordinates>
        </Point>
      </Placemark>
      <Placemark>
        <name/>
        <description><![CDATA[nama: Untitled Placemark<br>deskripsi: ]]></description>
        <styleUrl>#icon-1899-0288D1</styleUrl>
        <ExtendedData>
          <Data name="nama">
            <value>Untitled Placemark</value>
          </Data>
          <Data name="deskripsi">
            <value/>
          </Data>
        </ExtendedData>
        <Point>
          <coordinates>
            100.438525,-0.317745,0
          </coordinates>
        </Point>
      </Placemark>
      <Placemark>
        <name/>
        <description><![CDATA[nama: 24 1600 Simp Mandiangin - BTS Bukittinggi<br>deskripsi: Jumlah Core : 24 Core<br>Jumlah Core Terpakai : 12 Core<br>Klasifikasi Kabel : Backbone<br>Letak Kabel : Udara]]></description>
        <styleUrl>#line-000000-1200</styleUrl>
        <ExtendedData>
          <Data name="nama">
            <value>24 1600 Simp Mandiangin - BTS Bukittinggi</value>
          </Data>
          <Data name="deskripsi">
            <value>Jumlah Core : 24 Core
Jumlah Core Terpakai : 12 Core
Klasifikasi Kabel : Backbone
Letak Kabel : Udara</value>
          </Data>
        </ExtendedData>
        <LineString>
          <tessellate>1</tessellate>
          <coordinates>
            100.377194,-0.299105,0
            100.376619,-0.299223,0
            100.375769,-0.299469,0
            100.375387,-0.29965,0
            100.374028,-0.300434,0
            100.373414,-0.30081,0
            100.372794,-0.30128,0
            100.372178,-0.301683,0
            100.371502,-0.302156,0
            100.371282,-0.302286,0
            100.370985,-0.302088,0
            100.370919,-0.301676,0
            100.370977,-0.30142,0
            100.371168,-0.30118,0
            100.371469,-0.301003,0
            100.371583,-0.300815,0
            100.371655,-0.300587,0
            100.370983,-0.300534,0
            100.371009,-0.30077,0
            100.370443,-0.300926,0
            100.369973,-0.300999,0
            100.369723,-0.301272,0
            100.369604,-0.301602,0
            100.369596,-0.301986,0
            100.36981,-0.302421,0
            100.369932,-0.302776,0
            100.369955,-0.302953,0
            100.369979,-0.303107,0
            100.369874,-0.303256,0
            100.369653,-0.303272,0
          </coordinates>
        </LineString>
      </Placemark>
      <Placemark>
        <name/>
        <description><![CDATA[nama: 12 1000 Simp Mandiangin SMAN 1 Bukittinggi<br>deskripsi: Jumlah Core : 12 Core<br>Jumlah Core Terpakai : 12 Core<br>Klasifikasi Kabel : Distribusi<br>Letak Kabel : Udara]]></description>
        <styleUrl>#line-000000-1200</styleUrl>
        <ExtendedData>
          <Data name="nama">
            <value>12 1000 Simp Mandiangin SMAN 1 Bukittinggi</value>
          </Data>
          <Data name="deskripsi">
            <value>Jumlah Core : 12 Core
Jumlah Core Terpakai : 12 Core
Klasifikasi Kabel : Distribusi
Letak Kabel : Udara</value>
          </Data>
        </ExtendedData>
        <LineString>
          <tessellate>1</tessellate>
          <coordinates>
            100.377182,-0.29913,0
            100.376165,-0.299395,0
            100.375383,-0.299699,0
            100.374626,-0.300133,0
            100.375521,-0.301864,0
            100.376078,-0.30282,0
            100.376361,-0.303211,0
            100.375488,-0.303449,0
            100.374859,-0.303587,0
            100.374526,-0.303585,0
            100.373965,-0.303457,0
            100.373693,-0.30343,0
            100.373415,-0.303422,0
          </coordinates>
        </LineString>
      </Placemark>
      <Placemark>
        <name/>
        <description><![CDATA[nama: 12 Core BTS Bukittinggi - RSAM<br>deskripsi: Jumlah Core : 12 Core<br>Jumlah Core Terpakai : 6 Core<br>Klasifikasi Kabel : Distribusi<br>Letak Kabel : Udara]]></description>
        <styleUrl>#line-000000-1200</styleUrl>
        <ExtendedData>
          <Data name="nama">
            <value>12 Core BTS Bukittinggi - RSAM</value>
          </Data>
          <Data name="deskripsi">
            <value>Jumlah Core : 12 Core
Jumlah Core Terpakai : 6 Core
Klasifikasi Kabel : Distribusi
Letak Kabel : Udara</value>
          </Data>
        </ExtendedData>
        <LineString>
          <tessellate>1</tessellate>
          <coordinates>
            100.371006,-0.300723,0
            100.371014,-0.30053,0
            100.37165,-0.300583,0
            100.371742,-0.300358,0
            100.370434,-0.299561,0
            100.369771,-0.299417,0
            100.368841,-0.299369,0
            100.368211,-0.298957,0
            100.367013,-0.299406,0
            100.366478,-0.299807,0
          </coordinates>
        </LineString>
      </Placemark>
      <Placemark>
        <name/>
        <description><![CDATA[nama: 12 Core RSAM - Ranjau<br>deskripsi: Jumlah Core : 12 Core<br>Jumlah Core Terpakai : 6 Core<br>Klasifikasi Kabel : Distribusi<br>Letak Kabel : Udara]]></description>
        <styleUrl>#line-000000-1200</styleUrl>
        <ExtendedData>
          <Data name="nama">
            <value>12 Core RSAM - Ranjau</value>
          </Data>
          <Data name="deskripsi">
            <value>Jumlah Core : 12 Core
Jumlah Core Terpakai : 6 Core
Klasifikasi Kabel : Distribusi
Letak Kabel : Udara</value>
          </Data>
        </ExtendedData>
        <LineString>
          <tessellate>1</tessellate>
          <coordinates>
            100.366479,-0.29979,0
            100.366652,-0.299175,0
            100.365229,-0.298629,0
            100.36526,-0.297873,0
            100.365054,-0.297332,0
            100.363472,-0.297075,0
            100.362095,-0.296268,0
            100.360629,-0.295429,0
            100.360062,-0.294853,0
            100.359442,-0.294431,0
            100.35916,-0.294107,0
            100.358749,-0.293938,0
            100.358271,-0.294409,0
            100.357656,-0.294583,0
            100.357044,-0.294668,0
            100.356419,-0.294846,0
            100.355368,-0.295286,0
            100.354623,-0.295872,0
            100.353751,-0.296373,0
          </coordinates>
        </LineString>
      </Placemark>
      <Placemark>
        <name/>
        <description><![CDATA[nama: 4 Core PMI<br>deskripsi: Jumlah Core : 4 Core<br>Jumlah Core Terpakai : 2 Core<br>Klasifikasi Kabel : Distribusi<br>Letak Kabel : Udara]]></description>
        <styleUrl>#line-000000-1200</styleUrl>
        <ExtendedData>
          <Data name="nama">
            <value>4 Core PMI</value>
          </Data>
          <Data name="deskripsi">
            <value>Jumlah Core : 4 Core
Jumlah Core Terpakai : 2 Core
Klasifikasi Kabel : Distribusi
Letak Kabel : Udara</value>
          </Data>
        </ExtendedData>
        <LineString>
          <tessellate>1</tessellate>
          <coordinates>
            100.366479,-0.299785,0
            100.366114,-0.301137,0
            100.365912,-0.301679,0
          </coordinates>
        </LineString>
      </Placemark>
      <Placemark>
        <name/>
        <description><![CDATA[nama: 12 Core Padang Hijau<br>deskripsi: Jumlah Core : 12 Core<br>Jumlah Core Terpakai : 6 Core<br>Klasifikasi Kabel : Distribusi<br>Letak Kabel : Udara]]></description>
        <styleUrl>#line-000000-1200</styleUrl>
        <ExtendedData>
          <Data name="nama">
            <value>12 Core Padang Hijau</value>
          </Data>
          <Data name="deskripsi">
            <value>Jumlah Core : 12 Core
Jumlah Core Terpakai : 6 Core
Klasifikasi Kabel : Distribusi
Letak Kabel : Udara</value>
          </Data>
        </ExtendedData>
        <LineString>
          <tessellate>1</tessellate>
          <coordinates>
            100.379113,-0.298687,0
            100.378557,-0.297659,0
            100.377406,-0.296481,0
            100.376777,-0.295485,0
            100.375899,-0.293428,0
            100.375209,-0.291224,0
            100.374345,-0.288682,0
            100.373077,-0.286612,0
            100.371289,-0.284739,0
            100.369502,-0.282944,0
            100.367326,-0.280785,0
            100.365995,-0.27954,0
            100.366376,-0.278457,0
            100.366978,-0.2781,0
            100.367005,-0.277241,0
            100.368249,-0.275173,0
            100.369739,-0.271802,0
            100.366397,-0.27126,0
            100.362677,-0.270884,0
            100.359562,-0.270995,0
            100.358764,-0.270889,0
            100.356989,-0.269,0
            100.356473,-0.265988,0
            100.355982,-0.264073,0
            100.355398,-0.26353,0
            100.35534,-0.262886,0
            100.354666,-0.262065,0
            100.353678,-0.261915,0
          </coordinates>
        </LineString>
      </Placemark>
      <Placemark>
        <name/>
        <description><![CDATA[nama: 4 Core Guguak Bulek<br>deskripsi: Jumlah Core : 4 Core<br>Jumlah Core Terpakai : 1 Core<br>Klasifikasi Kabel : Distribusi<br>Letak Kabel : Udara]]></description>
        <styleUrl>#line-000000-1200</styleUrl>
        <ExtendedData>
          <Data name="nama">
            <value>4 Core Guguak Bulek</value>
          </Data>
          <Data name="deskripsi">
            <value>Jumlah Core : 4 Core
Jumlah Core Terpakai : 1 Core
Klasifikasi Kabel : Distribusi
Letak Kabel : Udara</value>
          </Data>
        </ExtendedData>
        <LineString>
          <tessellate>1</tessellate>
          <coordinates>
            100.376832,-0.295469,0
            100.3785,-0.295203,0
            100.378943,-0.295535,0
            100.379548,-0.295248,0
            100.380231,-0.294586,0
          </coordinates>
        </LineString>
      </Placemark>
      <Placemark>
        <name/>
        <description><![CDATA[nama: 4 Core Swah Paduan<br>deskripsi: Jumlah Core : 4 Core<br>Jumlah Core Terpakai : 1 Core<br>Klasifikasi Kabel : Distribusi<br>Letak Kabel : Udara]]></description>
        <styleUrl>#line-000000-1200</styleUrl>
        <ExtendedData>
          <Data name="nama">
            <value>4 Core Swah Paduan</value>
          </Data>
          <Data name="deskripsi">
            <value>Jumlah Core : 4 Core
Jumlah Core Terpakai : 1 Core
Klasifikasi Kabel : Distribusi
Letak Kabel : Udara</value>
          </Data>
        </ExtendedData>
        <LineString>
          <tessellate>1</tessellate>
          <coordinates>
            100.374634,-0.30013,0
            100.375457,-0.299666,0
            100.375597,-0.300183,0
            100.376007,-0.300135,0
          </coordinates>
        </LineString>
      </Placemark>
      <Placemark>
        <name/>
        <description><![CDATA[nama: POP Bukittinggi<br>deskripsi: ]]></description>
        <styleUrl>#icon-1899-0288D1</styleUrl>
        <ExtendedData>
          <Data name="nama">
            <value>POP Bukittinggi</value>
          </Data>
          <Data name="deskripsi">
            <value/>
          </Data>
        </ExtendedData>
        <Point>
          <coordinates>
            100.369632,-0.303353,0
          </coordinates>
        </Point>
      </Placemark>
      <Placemark>
        <name/>
        <description><![CDATA[nama: A5-BKT1<br>deskripsi: ]]></description>
        <styleUrl>#icon-1899-0288D1</styleUrl>
        <ExtendedData>
          <Data name="nama">
            <value>A5-BKT1</value>
          </Data>
          <Data name="deskripsi">
            <value/>
          </Data>
        </ExtendedData>
        <Point>
          <coordinates>
            100.373481,-0.303423,0
          </coordinates>
        </Point>
      </Placemark>
      <Placemark>
        <name/>
        <description><![CDATA[nama: A5-BKT2<br>deskripsi: ]]></description>
        <styleUrl>#icon-1899-0288D1</styleUrl>
        <ExtendedData>
          <Data name="nama">
            <value>A5-BKT2</value>
          </Data>
          <Data name="deskripsi">
            <value/>
          </Data>
        </ExtendedData>
        <Point>
          <coordinates>
            100.376099,-0.302897,0
          </coordinates>
        </Point>
      </Placemark>
      <Placemark>
        <name/>
        <description><![CDATA[nama: A5-BKT4<br>deskripsi: ]]></description>
        <styleUrl>#icon-1899-0288D1</styleUrl>
        <ExtendedData>
          <Data name="nama">
            <value>A5-BKT4</value>
          </Data>
          <Data name="deskripsi">
            <value/>
          </Data>
        </ExtendedData>
        <Point>
          <coordinates>
            100.375617,-0.308182,0
          </coordinates>
        </Point>
      </Placemark>
      <Placemark>
        <name/>
        <description><![CDATA[nama: A5-BKT3<br>deskripsi: ]]></description>
        <styleUrl>#icon-1899-0288D1</styleUrl>
        <ExtendedData>
          <Data name="nama">
            <value>A5-BKT3</value>
          </Data>
          <Data name="deskripsi">
            <value/>
          </Data>
        </ExtendedData>
        <Point>
          <coordinates>
            100.375255,-0.301399,0
          </coordinates>
        </Point>
      </Placemark>
      <Placemark>
        <name/>
        <description><![CDATA[nama: A6-BKT1<br>deskripsi: ]]></description>
        <styleUrl>#icon-1899-0288D1</styleUrl>
        <ExtendedData>
          <Data name="nama">
            <value>A6-BKT1</value>
          </Data>
          <Data name="deskripsi">
            <value/>
          </Data>
        </ExtendedData>
        <Point>
          <coordinates>
            100.366486,-0.299817,0
          </coordinates>
        </Point>
      </Placemark>
      <Placemark>
        <name/>
        <description><![CDATA[nama: A6-BKT2<br>deskripsi: ]]></description>
        <styleUrl>#icon-1899-0288D1</styleUrl>
        <ExtendedData>
          <Data name="nama">
            <value>A6-BKT2</value>
          </Data>
          <Data name="deskripsi">
            <value/>
          </Data>
        </ExtendedData>
        <Point>
          <coordinates>
            100.36592,-0.301707,0
          </coordinates>
        </Point>
      </Placemark>
      <Placemark>
        <name/>
        <description><![CDATA[nama: A6-BKT3<br>deskripsi: ]]></description>
        <styleUrl>#icon-1899-0288D1</styleUrl>
        <ExtendedData>
          <Data name="nama">
            <value>A6-BKT3</value>
          </Data>
          <Data name="deskripsi">
            <value/>
          </Data>
        </ExtendedData>
        <Point>
          <coordinates>
            100.360751,-0.295431,0
          </coordinates>
        </Point>
      </Placemark>
      <Placemark>
        <name/>
        <description><![CDATA[nama: A3-BKT3<br>deskripsi: ]]></description>
        <styleUrl>#icon-1899-0288D1</styleUrl>
        <ExtendedData>
          <Data name="nama">
            <value>A3-BKT3</value>
          </Data>
          <Data name="deskripsi">
            <value/>
          </Data>
        </ExtendedData>
        <Point>
          <coordinates>
            100.362966,-0.296766,0
          </coordinates>
        </Point>
      </Placemark>
      <Placemark>
        <name/>
        <description><![CDATA[nama: A6-BKT4<br>deskripsi: ]]></description>
        <styleUrl>#icon-1899-0288D1</styleUrl>
        <ExtendedData>
          <Data name="nama">
            <value>A6-BKT4</value>
          </Data>
          <Data name="deskripsi">
            <value/>
          </Data>
        </ExtendedData>
        <Point>
          <coordinates>
            100.353753,-0.296307,0
          </coordinates>
        </Point>
      </Placemark>
      <Placemark>
        <name/>
        <description><![CDATA[nama: A25-BKT1<br>deskripsi: ]]></description>
        <styleUrl>#icon-1899-0288D1</styleUrl>
        <ExtendedData>
          <Data name="nama">
            <value>A25-BKT1</value>
          </Data>
          <Data name="deskripsi">
            <value/>
          </Data>
        </ExtendedData>
        <Point>
          <coordinates>
            100.378553,-0.297652,0
          </coordinates>
        </Point>
      </Placemark>
      <Placemark>
        <name/>
        <description><![CDATA[nama: A25-BKT2<br>deskripsi: ]]></description>
        <styleUrl>#icon-1899-0288D1</styleUrl>
        <ExtendedData>
          <Data name="nama">
            <value>A25-BKT2</value>
          </Data>
          <Data name="deskripsi">
            <value/>
          </Data>
        </ExtendedData>
        <Point>
          <coordinates>
            100.377426,-0.296508,0
          </coordinates>
        </Point>
      </Placemark>
      <Placemark>
        <name/>
        <description><![CDATA[nama: A25-BKT3<br>deskripsi: ]]></description>
        <styleUrl>#icon-1899-0288D1</styleUrl>
        <ExtendedData>
          <Data name="nama">
            <value>A25-BKT3</value>
          </Data>
          <Data name="deskripsi">
            <value/>
          </Data>
        </ExtendedData>
        <Point>
          <coordinates>
            100.380193,-0.294647,0
          </coordinates>
        </Point>
      </Placemark>
      <Placemark>
        <name/>
        <description><![CDATA[nama: A26-BKT1<br>deskripsi: ]]></description>
        <styleUrl>#icon-1899-0288D1</styleUrl>
        <ExtendedData>
          <Data name="nama">
            <value>A26-BKT1</value>
          </Data>
          <Data name="deskripsi">
            <value/>
          </Data>
        </ExtendedData>
        <Point>
          <coordinates>
            100.374528,-0.288996,0
          </coordinates>
        </Point>
      </Placemark>
      <Placemark>
        <name/>
        <description><![CDATA[nama: A26-BKT2<br>deskripsi: ]]></description>
        <styleUrl>#icon-1899-0288D1</styleUrl>
        <ExtendedData>
          <Data name="nama">
            <value>A26-BKT2</value>
          </Data>
          <Data name="deskripsi">
            <value/>
          </Data>
        </ExtendedData>
        <Point>
          <coordinates>
            100.370735,-0.284136,0
          </coordinates>
        </Point>
      </Placemark>
      <Placemark>
        <name/>
        <description><![CDATA[nama: A26-BKT3<br>deskripsi: ]]></description>
        <styleUrl>#icon-1899-0288D1</styleUrl>
        <ExtendedData>
          <Data name="nama">
            <value>A26-BKT3</value>
          </Data>
          <Data name="deskripsi">
            <value/>
          </Data>
        </ExtendedData>
        <Point>
          <coordinates>
            100.368623,-0.282054,0
          </coordinates>
        </Point>
      </Placemark>
      <Placemark>
        <name/>
        <description><![CDATA[nama: A27-BKT1<br>deskripsi: ]]></description>
        <styleUrl>#icon-1899-0288D1</styleUrl>
        <ExtendedData>
          <Data name="nama">
            <value>A27-BKT1</value>
          </Data>
          <Data name="deskripsi">
            <value/>
          </Data>
        </ExtendedData>
        <Point>
          <coordinates>
            100.368555,-0.271604,0
          </coordinates>
        </Point>
      </Placemark>
      <Placemark>
        <name/>
        <description><![CDATA[nama: A27-BKT2<br>deskripsi: ]]></description>
        <styleUrl>#icon-1899-0288D1</styleUrl>
        <ExtendedData>
          <Data name="nama">
            <value>A27-BKT2</value>
          </Data>
          <Data name="deskripsi">
            <value/>
          </Data>
        </ExtendedData>
        <Point>
          <coordinates>
            100.364691,-0.271142,0
          </coordinates>
        </Point>
      </Placemark>
      <Placemark>
        <name/>
        <description><![CDATA[nama: A27-BKT3<br>deskripsi: ]]></description>
        <styleUrl>#icon-1899-0288D1</styleUrl>
        <ExtendedData>
          <Data name="nama">
            <value>A27-BKT3</value>
          </Data>
          <Data name="deskripsi">
            <value/>
          </Data>
        </ExtendedData>
        <Point>
          <coordinates>
            100.361551,-0.270988,0
          </coordinates>
        </Point>
      </Placemark>
      <Placemark>
        <name/>
        <description><![CDATA[nama: A5-BKT4<br>deskripsi: ]]></description>
        <styleUrl>#icon-1899-0288D1</styleUrl>
        <ExtendedData>
          <Data name="nama">
            <value>A5-BKT4</value>
          </Data>
          <Data name="deskripsi">
            <value/>
          </Data>
        </ExtendedData>
        <Point>
          <coordinates>
            100.37602,-0.30012,0
          </coordinates>
        </Point>
      </Placemark>
      <Placemark>
        <name/>
        <description><![CDATA[nama: 24 3800 Simp Tj Alam - Simp Bukik Batabuah<br>deskripsi: Jumlah Core : 24 Core<br>Jumlah Core Terpakai : 12 Core<br>Klasifikasi Kabel : Backbone dan Distribusi<br>Letak Kabel : Udara]]></description>
        <styleUrl>#line-000000-1200</styleUrl>
        <ExtendedData>
          <Data name="nama">
            <value>24 3800 Simp Tj Alam - Simp Bukik Batabuah</value>
          </Data>
          <Data name="deskripsi">
            <value>Jumlah Core : 24 Core
Jumlah Core Terpakai : 12 Core
Klasifikasi Kabel : Backbone dan Distribusi
Letak Kabel : Udara</value>
          </Data>
        </ExtendedData>
        <LineString>
          <tessellate>1</tessellate>
          <coordinates>
            100.409326,-0.293023,0
            100.409662,-0.29509,0
            100.409699,-0.296647,0
            100.40971,-0.298051,0
            100.410535,-0.30093,0
            100.411021,-0.303174,0
            100.412201,-0.307626,0
            100.412683,-0.310203,0
            100.413165,-0.312504,0
            100.41334,-0.314501,0
            100.413576,-0.316281,0
            100.413337,-0.318612,0
            100.413065,-0.320255,0
            100.412473,-0.324135,0
            100.41217,-0.325198,0
          </coordinates>
        </LineString>
      </Placemark>
      <Placemark>
        <name/>
        <description><![CDATA[nama: 4 Core Aia Tabik<br>deskripsi: Jumlah Core : 4 Core<br>Jumlah Core Terpakai : 4 Core<br>Klasifikasi Kabel : Distribusi<br>Letak Kabel : Udara]]></description>
        <styleUrl>#line-000000-1200</styleUrl>
        <ExtendedData>
          <Data name="nama">
            <value>4 Core Aia Tabik</value>
          </Data>
          <Data name="deskripsi">
            <value>Jumlah Core : 4 Core
Jumlah Core Terpakai : 4 Core
Klasifikasi Kabel : Distribusi
Letak Kabel : Udara</value>
          </Data>
        </ExtendedData>
        <LineString>
          <tessellate>1</tessellate>
          <coordinates>
            100.409635,-0.295206,0
            100.409698,-0.296089,0
            100.408905,-0.296115,0
          </coordinates>
        </LineString>
      </Placemark>
      <Placemark>
        <name/>
        <description><![CDATA[nama: 4 Core Panca<br>deskripsi: Jumlah Core : 4 Core<br>Jumlah Core Terpakai : 1 Core<br>Klasifikasi Kabel : Distribusi<br>Letak Kabel : Udara]]></description>
        <styleUrl>#line-000000-1200</styleUrl>
        <ExtendedData>
          <Data name="nama">
            <value>4 Core Panca</value>
          </Data>
          <Data name="deskripsi">
            <value>Jumlah Core : 4 Core
Jumlah Core Terpakai : 1 Core
Klasifikasi Kabel : Distribusi
Letak Kabel : Udara</value>
          </Data>
        </ExtendedData>
        <LineString>
          <tessellate>1</tessellate>
          <coordinates>
            100.413175,-0.319576,0
            100.414242,-0.319685,0
            100.414304,-0.318931,0
          </coordinates>
        </LineString>
      </Placemark>
      <Placemark>
        <name/>
        <description><![CDATA[nama: 4 Core Perum Lansano<br>deskripsi: Jumlah Core : 4 Core<br>Jumlah Core Terpakai : 4 Core<br>Klasifikasi Kabel : Distribusi<br>Letak Kabel : Udara]]></description>
        <styleUrl>#line-000000-1200</styleUrl>
        <ExtendedData>
          <Data name="nama">
            <value>4 Core Perum Lansano</value>
          </Data>
          <Data name="deskripsi">
            <value>Jumlah Core : 4 Core
Jumlah Core Terpakai : 4 Core
Klasifikasi Kabel : Distribusi
Letak Kabel : Udara</value>
          </Data>
        </ExtendedData>
        <LineString>
          <tessellate>1</tessellate>
          <coordinates>
            100.409653,-0.295222,0
            100.410315,-0.295175,0
            100.41034,-0.294244,0
          </coordinates>
        </LineString>
      </Placemark>
      <Placemark>
        <name/>
        <description><![CDATA[nama: 12 Core Amapng Gadang<br>deskripsi: Jumlah Core : 12 Core<br>Jumlah Core Terpakai : 12 Core<br>Klasifikasi Kabel : Distribusi<br>Letak Kabel : Udara]]></description>
        <styleUrl>#line-000000-1200</styleUrl>
        <ExtendedData>
          <Data name="nama">
            <value>12 Core Amapng Gadang</value>
          </Data>
          <Data name="deskripsi">
            <value>Jumlah Core : 12 Core
Jumlah Core Terpakai : 12 Core
Klasifikasi Kabel : Distribusi
Letak Kabel : Udara</value>
          </Data>
        </ExtendedData>
        <LineString>
          <tessellate>1</tessellate>
          <coordinates>
            100.41101,-0.303134,0
            100.411996,-0.303036,0
            100.413151,-0.302928,0
            100.413789,-0.302708,0
            100.415357,-0.302152,0
            100.417316,-0.301711,0
            100.41881,-0.301378,0
            100.419505,-0.301277,0
            100.420325,-0.30126,0
            100.42115,-0.301347,0
            100.422477,-0.301638,0
          </coordinates>
        </LineString>
      </Placemark>
      <Placemark>
        <name/>
        <description><![CDATA[nama: A31-ODP0<br>deskripsi: [K=24C-4T]-[T2-C1-2]]]></description>
        <styleUrl>#icon-1899-0288D1</styleUrl>
        <ExtendedData>
          <Data name="nama">
            <value>A31-ODP0</value>
          </Data>
          <Data name="deskripsi">
            <value>[K=24C-4T]-[T2-C1-2]</value>
          </Data>
        </ExtendedData>
        <Point>
          <coordinates>
            100.409655,-0.295224,0
          </coordinates>
        </Point>
      </Placemark>
      <Placemark>
        <name/>
        <description><![CDATA[nama: A31-ODP1<br>deskripsi: ]]></description>
        <styleUrl>#icon-1899-0288D1</styleUrl>
        <ExtendedData>
          <Data name="nama">
            <value>A31-ODP1</value>
          </Data>
          <Data name="deskripsi">
            <value/>
          </Data>
        </ExtendedData>
        <Point>
          <coordinates>
            100.408885,-0.29614,0
          </coordinates>
        </Point>
      </Placemark>
      <Placemark>
        <name/>
        <description><![CDATA[nama: A31-ODP2<br>deskripsi: ]]></description>
        <styleUrl>#icon-1899-0288D1</styleUrl>
        <ExtendedData>
          <Data name="nama">
            <value>A31-ODP2</value>
          </Data>
          <Data name="deskripsi">
            <value/>
          </Data>
        </ExtendedData>
        <Point>
          <coordinates>
            100.410346,-0.294244,0
          </coordinates>
        </Point>
      </Placemark>
      <Placemark>
        <name/>
        <description><![CDATA[nama: A31-ODP3<br>deskripsi: ]]></description>
        <styleUrl>#icon-1899-0288D1</styleUrl>
        <ExtendedData>
          <Data name="nama">
            <value>A31-ODP3</value>
          </Data>
          <Data name="deskripsi">
            <value/>
          </Data>
        </ExtendedData>
        <Point>
          <coordinates>
            100.409707,-0.298061,0
          </coordinates>
        </Point>
      </Placemark>
      <Placemark>
        <name/>
        <description><![CDATA[nama: A33-ODP1<br>deskripsi: ]]></description>
        <styleUrl>#icon-1899-0288D1</styleUrl>
        <ExtendedData>
          <Data name="nama">
            <value>A33-ODP1</value>
          </Data>
          <Data name="deskripsi">
            <value/>
          </Data>
        </ExtendedData>
        <Point>
          <coordinates>
            100.41184,-0.30303,0
          </coordinates>
        </Point>
      </Placemark>
      <Placemark>
        <name/>
        <description><![CDATA[nama: A33-ODP2<br>deskripsi: ]]></description>
        <styleUrl>#icon-1899-0288D1</styleUrl>
        <ExtendedData>
          <Data name="nama">
            <value>A33-ODP2</value>
          </Data>
          <Data name="deskripsi">
            <value/>
          </Data>
        </ExtendedData>
        <Point>
          <coordinates>
            100.412422,-0.302948,0
          </coordinates>
        </Point>
      </Placemark>
      <Placemark>
        <name/>
        <description><![CDATA[nama: A33-ODP3<br>deskripsi: ]]></description>
        <styleUrl>#icon-1899-0288D1</styleUrl>
        <ExtendedData>
          <Data name="nama">
            <value>A33-ODP3</value>
          </Data>
          <Data name="deskripsi">
            <value/>
          </Data>
        </ExtendedData>
        <Point>
          <coordinates>
            100.413073,-0.302913,0
          </coordinates>
        </Point>
      </Placemark>
      <Placemark>
        <name/>
        <description><![CDATA[nama: A33-ODP4<br>deskripsi: ]]></description>
        <styleUrl>#icon-1899-0288D1</styleUrl>
        <ExtendedData>
          <Data name="nama">
            <value>A33-ODP4</value>
          </Data>
          <Data name="deskripsi">
            <value/>
          </Data>
        </ExtendedData>
        <Point>
          <coordinates>
            100.413803,-0.30272,0
          </coordinates>
        </Point>
      </Placemark>
      <Placemark>
        <name/>
        <description><![CDATA[nama: A33-ODP5<br>deskripsi: ]]></description>
        <styleUrl>#icon-1899-0288D1</styleUrl>
        <ExtendedData>
          <Data name="nama">
            <value>A33-ODP5</value>
          </Data>
          <Data name="deskripsi">
            <value/>
          </Data>
        </ExtendedData>
        <Point>
          <coordinates>
            100.414909,-0.302306,0
          </coordinates>
        </Point>
      </Placemark>
      <Placemark>
        <name/>
        <description><![CDATA[nama: A33-ODP6<br>deskripsi: ]]></description>
        <styleUrl>#icon-1899-0288D1</styleUrl>
        <ExtendedData>
          <Data name="nama">
            <value>A33-ODP6</value>
          </Data>
          <Data name="deskripsi">
            <value/>
          </Data>
        </ExtendedData>
        <Point>
          <coordinates>
            100.418822,-0.301357,0
          </coordinates>
        </Point>
      </Placemark>
      <Placemark>
        <name/>
        <description><![CDATA[nama: A33-ODP7<br>deskripsi: ]]></description>
        <styleUrl>#icon-1899-0288D1</styleUrl>
        <ExtendedData>
          <Data name="nama">
            <value>A33-ODP7</value>
          </Data>
          <Data name="deskripsi">
            <value/>
          </Data>
        </ExtendedData>
        <Point>
          <coordinates>
            100.42248,-0.301647,0
          </coordinates>
        </Point>
      </Placemark>
      <Placemark>
        <name/>
        <description><![CDATA[nama: A33-ODP0<br>deskripsi: [K=24C-4T]-[T2-C3-6]]]></description>
        <styleUrl>#icon-1899-0288D1</styleUrl>
        <ExtendedData>
          <Data name="nama">
            <value>A33-ODP0</value>
          </Data>
          <Data name="deskripsi">
            <value>[K=24C-4T]-[T2-C3-6]</value>
          </Data>
        </ExtendedData>
        <Point>
          <coordinates>
            100.410983,-0.303145,0
          </coordinates>
        </Point>
      </Placemark>
      <Placemark>
        <name/>
        <description><![CDATA[nama: A43-ODP1<br>deskripsi: [K=24C-4T]-[T2-C1]]]></description>
        <styleUrl>#icon-1899-0288D1</styleUrl>
        <ExtendedData>
          <Data name="nama">
            <value>A43-ODP1</value>
          </Data>
          <Data name="deskripsi">
            <value>[K=24C-4T]-[T2-C1]</value>
          </Data>
        </ExtendedData>
        <Point>
          <coordinates>
            100.412307,-0.30814,0
          </coordinates>
        </Point>
      </Placemark>
      <Placemark>
        <name/>
        <description><![CDATA[nama: A43-ODP1-1<br>deskripsi: ]]></description>
        <styleUrl>#icon-1899-0288D1</styleUrl>
        <ExtendedData>
          <Data name="nama">
            <value>A43-ODP1-1</value>
          </Data>
          <Data name="deskripsi">
            <value/>
          </Data>
        </ExtendedData>
        <Point>
          <coordinates>
            100.414579,-0.308455,0
          </coordinates>
        </Point>
      </Placemark>
      <Placemark>
        <name/>
        <description><![CDATA[nama: A43-ODP2<br>deskripsi: [K=24C-4T]-[T2-C2]]]></description>
        <styleUrl>#icon-1899-0288D1</styleUrl>
        <ExtendedData>
          <Data name="nama">
            <value>A43-ODP2</value>
          </Data>
          <Data name="deskripsi">
            <value>[K=24C-4T]-[T2-C2]</value>
          </Data>
        </ExtendedData>
        <Point>
          <coordinates>
            100.412496,-0.309511,0
          </coordinates>
        </Point>
      </Placemark>
      <Placemark>
        <name/>
        <description><![CDATA[nama: A43-ODP3<br>deskripsi: [K=24C-4T]-[T2-C3]]]></description>
        <styleUrl>#icon-1899-0288D1</styleUrl>
        <ExtendedData>
          <Data name="nama">
            <value>A43-ODP3</value>
          </Data>
          <Data name="deskripsi">
            <value>[K=24C-4T]-[T2-C3]</value>
          </Data>
        </ExtendedData>
        <Point>
          <coordinates>
            100.412634,-0.310259,0
          </coordinates>
        </Point>
      </Placemark>
      <Placemark>
        <name/>
        <description><![CDATA[nama: A43-ODP4<br>deskripsi: [K=24C-4T]-[T2-C4]]]></description>
        <styleUrl>#icon-1899-0288D1</styleUrl>
        <ExtendedData>
          <Data name="nama">
            <value>A43-ODP4</value>
          </Data>
          <Data name="deskripsi">
            <value>[K=24C-4T]-[T2-C4]</value>
          </Data>
        </ExtendedData>
        <Point>
          <coordinates>
            100.412884,-0.311433,0
          </coordinates>
        </Point>
      </Placemark>
      <Placemark>
        <name/>
        <description><![CDATA[nama: A43-ODP4-1<br>deskripsi: ]]></description>
        <styleUrl>#icon-1899-0288D1</styleUrl>
        <ExtendedData>
          <Data name="nama">
            <value>A43-ODP4-1</value>
          </Data>
          <Data name="deskripsi">
            <value/>
          </Data>
        </ExtendedData>
        <Point>
          <coordinates>
            100.4116,-0.311077,0
          </coordinates>
        </Point>
      </Placemark>
      <Placemark>
        <name/>
        <description><![CDATA[nama: A44-ODP1<br>deskripsi: [K=24C-4T]-[T2-C5]]]></description>
        <styleUrl>#icon-1899-0288D1</styleUrl>
        <ExtendedData>
          <Data name="nama">
            <value>A44-ODP1</value>
          </Data>
          <Data name="deskripsi">
            <value>[K=24C-4T]-[T2-C5]</value>
          </Data>
        </ExtendedData>
        <Point>
          <coordinates>
            100.413183,-0.312867,0
          </coordinates>
        </Point>
      </Placemark>
      <Placemark>
        <name/>
        <description><![CDATA[nama: A44-ODP0<br>deskripsi: ]]></description>
        <styleUrl>#icon-1899-0288D1</styleUrl>
        <ExtendedData>
          <Data name="nama">
            <value>A44-ODP0</value>
          </Data>
          <Data name="deskripsi">
            <value/>
          </Data>
        </ExtendedData>
        <Point>
          <coordinates>
            100.413333,-0.314508,0
          </coordinates>
        </Point>
      </Placemark>
      <Placemark>
        <name/>
        <description><![CDATA[nama: A45-ODP1<br>deskripsi: ]]></description>
        <styleUrl>#icon-1899-0288D1</styleUrl>
        <ExtendedData>
          <Data name="nama">
            <value>A45-ODP1</value>
          </Data>
          <Data name="deskripsi">
            <value/>
          </Data>
        </ExtendedData>
        <Point>
          <coordinates>
            100.413573,-0.315809,0
          </coordinates>
        </Point>
      </Placemark>
      <Placemark>
        <name/>
        <description><![CDATA[nama: A45-ODP2<br>deskripsi: ]]></description>
        <styleUrl>#icon-1899-0288D1</styleUrl>
        <ExtendedData>
          <Data name="nama">
            <value>A45-ODP2</value>
          </Data>
          <Data name="deskripsi">
            <value/>
          </Data>
        </ExtendedData>
        <Point>
          <coordinates>
            100.41359,-0.316487,0
          </coordinates>
        </Point>
      </Placemark>
      <Placemark>
        <name/>
        <description><![CDATA[nama: A45-ODP3<br>deskripsi: ]]></description>
        <styleUrl>#icon-1899-0288D1</styleUrl>
        <ExtendedData>
          <Data name="nama">
            <value>A45-ODP3</value>
          </Data>
          <Data name="deskripsi">
            <value/>
          </Data>
        </ExtendedData>
        <Point>
          <coordinates>
            100.413492,-0.317476,0
          </coordinates>
        </Point>
      </Placemark>
      <Placemark>
        <name/>
        <description><![CDATA[nama: A45-ODP4<br>deskripsi: ]]></description>
        <styleUrl>#icon-1899-0288D1</styleUrl>
        <ExtendedData>
          <Data name="nama">
            <value>A45-ODP4</value>
          </Data>
          <Data name="deskripsi">
            <value/>
          </Data>
        </ExtendedData>
        <Point>
          <coordinates>
            100.41323,-0.319358,0
          </coordinates>
        </Point>
      </Placemark>
      <Placemark>
        <name/>
        <description><![CDATA[nama: A46-ODP1<br>deskripsi: [K=12C-1T-C1]]]></description>
        <styleUrl>#icon-1899-0288D1</styleUrl>
        <ExtendedData>
          <Data name="nama">
            <value>A46-ODP1</value>
          </Data>
          <Data name="deskripsi">
            <value>[K=12C-1T-C1]</value>
          </Data>
        </ExtendedData>
        <Point>
          <coordinates>
            100.410323,-0.307308,0
          </coordinates>
        </Point>
      </Placemark>
      <Placemark>
        <name/>
        <description><![CDATA[nama: A46-ODP0<br>deskripsi: ]]></description>
        <styleUrl>#icon-1899-0288D1</styleUrl>
        <ExtendedData>
          <Data name="nama">
            <value>A46-ODP0</value>
          </Data>
          <Data name="deskripsi">
            <value/>
          </Data>
        </ExtendedData>
        <Point>
          <coordinates>
            100.411897,-0.306467,0
          </coordinates>
        </Point>
      </Placemark>
      <Placemark>
        <name/>
        <description><![CDATA[nama: A46-ODP1-1<br>deskripsi: ]]></description>
        <styleUrl>#icon-1899-0288D1</styleUrl>
        <ExtendedData>
          <Data name="nama">
            <value>A46-ODP1-1</value>
          </Data>
          <Data name="deskripsi">
            <value/>
          </Data>
        </ExtendedData>
        <Point>
          <coordinates>
            100.411874,-0.306645,0
          </coordinates>
        </Point>
      </Placemark>
      <Placemark>
        <name/>
        <description><![CDATA[nama: A46-ODP1-2<br>deskripsi: ]]></description>
        <styleUrl>#icon-1899-0288D1</styleUrl>
        <ExtendedData>
          <Data name="nama">
            <value>A46-ODP1-2</value>
          </Data>
          <Data name="deskripsi">
            <value/>
          </Data>
        </ExtendedData>
        <Point>
          <coordinates>
            100.411619,-0.305395,0
          </coordinates>
        </Point>
      </Placemark>
      <Placemark>
        <name/>
        <description><![CDATA[nama: A46-ODP2<br>deskripsi: [K=12C-1T-C2]]]></description>
        <styleUrl>#icon-1899-0288D1</styleUrl>
        <ExtendedData>
          <Data name="nama">
            <value>A46-ODP2</value>
          </Data>
          <Data name="deskripsi">
            <value>[K=12C-1T-C2]</value>
          </Data>
        </ExtendedData>
        <Point>
          <coordinates>
            100.409376,-0.307806,0
          </coordinates>
        </Point>
      </Placemark>
      <Placemark>
        <name/>
        <description><![CDATA[nama: A46-ODP3<br>deskripsi: [K=12C-1T-C3]]]></description>
        <styleUrl>#icon-1899-0288D1</styleUrl>
        <ExtendedData>
          <Data name="nama">
            <value>A46-ODP3</value>
          </Data>
          <Data name="deskripsi">
            <value>[K=12C-1T-C3]</value>
          </Data>
        </ExtendedData>
        <Point>
          <coordinates>
            100.408319,-0.308283,0
          </coordinates>
        </Point>
      </Placemark>
      <Placemark>
        <name/>
        <description><![CDATA[nama: A46-ODP3-1<br>deskripsi: ]]></description>
        <styleUrl>#icon-1899-0288D1</styleUrl>
        <ExtendedData>
          <Data name="nama">
            <value>A46-ODP3-1</value>
          </Data>
          <Data name="deskripsi">
            <value/>
          </Data>
        </ExtendedData>
        <Point>
          <coordinates>
            100.406049,-0.309131,0
          </coordinates>
        </Point>
      </Placemark>
      <Placemark>
        <name/>
        <description><![CDATA[nama: A47-ODP1<br>deskripsi: [K=12C-1T-C4]]]></description>
        <styleUrl>#icon-1899-0288D1</styleUrl>
        <ExtendedData>
          <Data name="nama">
            <value>A47-ODP1</value>
          </Data>
          <Data name="deskripsi">
            <value>[K=12C-1T-C4]</value>
          </Data>
        </ExtendedData>
        <Point>
          <coordinates>
            100.408296,-0.310037,0
          </coordinates>
        </Point>
      </Placemark>
      <Placemark>
        <name/>
        <description><![CDATA[nama: A47-ODP2<br>deskripsi: [K=12C-1T-C5]]]></description>
        <styleUrl>#icon-1899-0288D1</styleUrl>
        <ExtendedData>
          <Data name="nama">
            <value>A47-ODP2</value>
          </Data>
          <Data name="deskripsi">
            <value>[K=12C-1T-C5]</value>
          </Data>
        </ExtendedData>
        <Point>
          <coordinates>
            100.408476,-0.310592,0
          </coordinates>
        </Point>
      </Placemark>
      <Placemark>
        <name/>
        <description><![CDATA[nama: A47-ODP3<br>deskripsi: [K=12C-1T-C6]]]></description>
        <styleUrl>#icon-1899-0288D1</styleUrl>
        <ExtendedData>
          <Data name="nama">
            <value>A47-ODP3</value>
          </Data>
          <Data name="deskripsi">
            <value>[K=12C-1T-C6]</value>
          </Data>
        </ExtendedData>
        <Point>
          <coordinates>
            100.408281,-0.312286,0
          </coordinates>
        </Point>
      </Placemark>
      <Placemark>
        <name/>
        <description><![CDATA[nama: A47-ODP4<br>deskripsi: [K=12C-1T-C7]]]></description>
        <styleUrl>#icon-1899-0288D1</styleUrl>
        <ExtendedData>
          <Data name="nama">
            <value>A47-ODP4</value>
          </Data>
          <Data name="deskripsi">
            <value>[K=12C-1T-C7]</value>
          </Data>
        </ExtendedData>
        <Point>
          <coordinates>
            100.408426,-0.313076,0
          </coordinates>
        </Point>
      </Placemark>
      <Placemark>
        <name/>
        <description><![CDATA[nama: A48-ODP1<br>deskripsi: [K=12C-1T-C8]]]></description>
        <styleUrl>#icon-1899-0288D1</styleUrl>
        <ExtendedData>
          <Data name="nama">
            <value>A48-ODP1</value>
          </Data>
          <Data name="deskripsi">
            <value>[K=12C-1T-C8]</value>
          </Data>
        </ExtendedData>
        <Point>
          <coordinates>
            100.408622,-0.314535,0
          </coordinates>
        </Point>
      </Placemark>
      <Placemark>
        <name/>
        <description><![CDATA[nama: A48-ODP2<br>deskripsi: [K=12C-1T-C9]]]></description>
        <styleUrl>#icon-1899-0288D1</styleUrl>
        <ExtendedData>
          <Data name="nama">
            <value>A48-ODP2</value>
          </Data>
          <Data name="deskripsi">
            <value>[K=12C-1T-C9]</value>
          </Data>
        </ExtendedData>
        <Point>
          <coordinates>
            100.410009,-0.314586,0
          </coordinates>
        </Point>
      </Placemark>
      <Placemark>
        <name/>
        <description><![CDATA[nama: A25-ODP1<br>deskripsi: [K=12C-1T-C1]]]></description>
        <styleUrl>#icon-1899-0288D1</styleUrl>
        <ExtendedData>
          <Data name="nama">
            <value>A25-ODP1</value>
          </Data>
          <Data name="deskripsi">
            <value>[K=12C-1T-C1]</value>
          </Data>
        </ExtendedData>
        <Point>
          <coordinates>
            100.412467,-0.324171,0
          </coordinates>
        </Point>
      </Placemark>
      <Placemark>
        <name/>
        <description><![CDATA[nama: A25-ODP2<br>deskripsi: [K=12C-1T-C2]]]></description>
        <styleUrl>#icon-1899-0288D1</styleUrl>
        <ExtendedData>
          <Data name="nama">
            <value>A25-ODP2</value>
          </Data>
          <Data name="deskripsi">
            <value>[K=12C-1T-C2]</value>
          </Data>
        </ExtendedData>
        <Point>
          <coordinates>
            100.411413,-0.324035,0
          </coordinates>
        </Point>
      </Placemark>
      <Placemark>
        <name/>
        <description><![CDATA[nama: A25-ODP3<br>deskripsi: [K=12C-1T-C3]]]></description>
        <styleUrl>#icon-1899-0288D1</styleUrl>
        <ExtendedData>
          <Data name="nama">
            <value>A25-ODP3</value>
          </Data>
          <Data name="deskripsi">
            <value>[K=12C-1T-C3]</value>
          </Data>
        </ExtendedData>
        <Point>
          <coordinates>
            100.410032,-0.323845,0
          </coordinates>
        </Point>
      </Placemark>
      <Placemark>
        <name/>
        <description><![CDATA[nama: A26-ODP1<br>deskripsi: ]]></description>
        <styleUrl>#icon-1899-0288D1</styleUrl>
        <ExtendedData>
          <Data name="nama">
            <value>A26-ODP1</value>
          </Data>
          <Data name="deskripsi">
            <value/>
          </Data>
        </ExtendedData>
        <Point>
          <coordinates>
            100.408637,-0.323413,0
          </coordinates>
        </Point>
      </Placemark>
      <Placemark>
        <name/>
        <description><![CDATA[nama: A26-ODP2<br>deskripsi: ]]></description>
        <styleUrl>#icon-1899-0288D1</styleUrl>
        <ExtendedData>
          <Data name="nama">
            <value>A26-ODP2</value>
          </Data>
          <Data name="deskripsi">
            <value/>
          </Data>
        </ExtendedData>
        <Point>
          <coordinates>
            100.408199,-0.322227,0
          </coordinates>
        </Point>
      </Placemark>
      <Placemark>
        <name/>
        <description><![CDATA[nama: A26-ODP3<br>deskripsi: ]]></description>
        <styleUrl>#icon-1899-0288D1</styleUrl>
        <ExtendedData>
          <Data name="nama">
            <value>A26-ODP3</value>
          </Data>
          <Data name="deskripsi">
            <value/>
          </Data>
        </ExtendedData>
        <Point>
          <coordinates>
            100.407772,-0.320834,0
          </coordinates>
        </Point>
      </Placemark>
      <Placemark>
        <name/>
        <description><![CDATA[nama: A25-ODP4<br>deskripsi: [K=12C-1T-C4]]]></description>
        <styleUrl>#icon-1899-0288D1</styleUrl>
        <ExtendedData>
          <Data name="nama">
            <value>A25-ODP4</value>
          </Data>
          <Data name="deskripsi">
            <value>[K=12C-1T-C4]</value>
          </Data>
        </ExtendedData>
        <Point>
          <coordinates>
            100.410041,-0.320573,0
          </coordinates>
        </Point>
      </Placemark>
      <Placemark>
        <name/>
        <description><![CDATA[nama: A48-ODP3<br>deskripsi: [K=12C-1T-C10]]]></description>
        <styleUrl>#icon-1899-0288D1</styleUrl>
        <ExtendedData>
          <Data name="nama">
            <value>A48-ODP3</value>
          </Data>
          <Data name="deskripsi">
            <value>[K=12C-1T-C10]</value>
          </Data>
        </ExtendedData>
        <Point>
          <coordinates>
            100.410974,-0.314659,0
          </coordinates>
        </Point>
      </Placemark>
      <Placemark>
        <name/>
        <description><![CDATA[nama: A48-ODP4<br>deskripsi: [K=12C-1T-C11]]]></description>
        <styleUrl>#icon-1899-0288D1</styleUrl>
        <ExtendedData>
          <Data name="nama">
            <value>A48-ODP4</value>
          </Data>
          <Data name="deskripsi">
            <value>[K=12C-1T-C11]</value>
          </Data>
        </ExtendedData>
        <Point>
          <coordinates>
            100.412115,-0.314594,0
          </coordinates>
        </Point>
      </Placemark>
      <Placemark>
        <name/>
        <description><![CDATA[nama: A27-ODP1<br>deskripsi: [K=12C-1T-C5]]]></description>
        <styleUrl>#icon-1899-0288D1</styleUrl>
        <ExtendedData>
          <Data name="nama">
            <value>A27-ODP1</value>
          </Data>
          <Data name="deskripsi">
            <value>[K=12C-1T-C5]</value>
          </Data>
        </ExtendedData>
        <Point>
          <coordinates>
            100.40963,-0.318688,0
          </coordinates>
        </Point>
      </Placemark>
      <Placemark>
        <name/>
        <description><![CDATA[nama: A27-ODP2<br>deskripsi: [K=12C-1T-C6]]]></description>
        <styleUrl>#icon-1899-0288D1</styleUrl>
        <ExtendedData>
          <Data name="nama">
            <value>A27-ODP2</value>
          </Data>
          <Data name="deskripsi">
            <value>[K=12C-1T-C6]</value>
          </Data>
        </ExtendedData>
        <Point>
          <coordinates>
            100.409036,-0.316992,0
          </coordinates>
        </Point>
      </Placemark>
      <Placemark>
        <name/>
        <description><![CDATA[nama: A27-ODP3<br>deskripsi: [K=12C-1T-C7]]]></description>
        <styleUrl>#icon-1899-0288D1</styleUrl>
        <ExtendedData>
          <Data name="nama">
            <value>A27-ODP3</value>
          </Data>
          <Data name="deskripsi">
            <value>[K=12C-1T-C7]</value>
          </Data>
        </ExtendedData>
        <Point>
          <coordinates>
            100.408397,-0.31568,0
          </coordinates>
        </Point>
      </Placemark>
      <Placemark>
        <name/>
        <description><![CDATA[nama: A27-ODP4<br>deskripsi: [K=12C-1T-C8]]]></description>
        <styleUrl>#icon-1899-0288D1</styleUrl>
        <ExtendedData>
          <Data name="nama">
            <value>A27-ODP4</value>
          </Data>
          <Data name="deskripsi">
            <value>[K=12C-1T-C8]</value>
          </Data>
        </ExtendedData>
        <Point>
          <coordinates>
            100.40775,-0.314672,0
          </coordinates>
        </Point>
      </Placemark>
      <Placemark>
        <name/>
        <description><![CDATA[nama: A28-ODP1<br>deskripsi: ]]></description>
        <styleUrl>#icon-1899-0288D1</styleUrl>
        <ExtendedData>
          <Data name="nama">
            <value>A28-ODP1</value>
          </Data>
          <Data name="deskripsi">
            <value/>
          </Data>
        </ExtendedData>
        <Point>
          <coordinates>
            100.412758,-0.32162,0
          </coordinates>
        </Point>
      </Placemark>
      <Placemark>
        <name/>
        <description><![CDATA[nama: A28-ODP2<br>deskripsi: ]]></description>
        <styleUrl>#icon-1899-0288D1</styleUrl>
        <ExtendedData>
          <Data name="nama">
            <value>A28-ODP2</value>
          </Data>
          <Data name="deskripsi">
            <value/>
          </Data>
        </ExtendedData>
        <Point>
          <coordinates>
            100.414297,-0.319009,0
          </coordinates>
        </Point>
      </Placemark>
      <Placemark>
        <name/>
        <description><![CDATA[nama: A25-ODP0<br>deskripsi: ]]></description>
        <styleUrl>#icon-1899-0288D1</styleUrl>
        <ExtendedData>
          <Data name="nama">
            <value>A25-ODP0</value>
          </Data>
          <Data name="deskripsi">
            <value/>
          </Data>
        </ExtendedData>
        <Point>
          <coordinates>
            100.41216,-0.325199,0
          </coordinates>
        </Point>
      </Placemark>
      <Placemark>
        <name/>
        <description><![CDATA[nama: A37-ODP1<br>deskripsi: ]]></description>
        <styleUrl>#icon-1899-0288D1</styleUrl>
        <ExtendedData>
          <Data name="nama">
            <value>A37-ODP1</value>
          </Data>
          <Data name="deskripsi">
            <value/>
          </Data>
        </ExtendedData>
        <Point>
          <coordinates>
            100.412203,-0.329623,0
          </coordinates>
        </Point>
      </Placemark>
      <Placemark>
        <name/>
        <description><![CDATA[nama: A29-ODP1<br>deskripsi: ]]></description>
        <styleUrl>#icon-1899-0288D1</styleUrl>
        <ExtendedData>
          <Data name="nama">
            <value>A29-ODP1</value>
          </Data>
          <Data name="deskripsi">
            <value/>
          </Data>
        </ExtendedData>
        <Point>
          <coordinates>
            100.410026,-0.325234,0
          </coordinates>
        </Point>
      </Placemark>
      <Placemark>
        <name/>
        <description><![CDATA[nama: A38-ODP0<br>deskripsi: ]]></description>
        <styleUrl>#icon-1899-0288D1</styleUrl>
        <ExtendedData>
          <Data name="nama">
            <value>A38-ODP0</value>
          </Data>
          <Data name="deskripsi">
            <value/>
          </Data>
        </ExtendedData>
        <Point>
          <coordinates>
            100.414869,-0.329982,0
          </coordinates>
        </Point>
      </Placemark>
      <Placemark>
        <name/>
        <description><![CDATA[nama: A38-ODP1<br>deskripsi: ]]></description>
        <styleUrl>#icon-1899-0288D1</styleUrl>
        <ExtendedData>
          <Data name="nama">
            <value>A38-ODP1</value>
          </Data>
          <Data name="deskripsi">
            <value/>
          </Data>
        </ExtendedData>
        <Point>
          <coordinates>
            100.416552,-0.330132,0
          </coordinates>
        </Point>
      </Placemark>
      <Placemark>
        <name/>
        <description><![CDATA[nama: A38-ODP2<br>deskripsi: ]]></description>
        <styleUrl>#icon-1899-0288D1</styleUrl>
        <ExtendedData>
          <Data name="nama">
            <value>A38-ODP2</value>
          </Data>
          <Data name="deskripsi">
            <value/>
          </Data>
        </ExtendedData>
        <Point>
          <coordinates>
            100.418472,-0.331711,0
          </coordinates>
        </Point>
      </Placemark>
      <Placemark>
        <name/>
        <description><![CDATA[nama: A38-ODP3<br>deskripsi: ]]></description>
        <styleUrl>#icon-1899-0288D1</styleUrl>
        <ExtendedData>
          <Data name="nama">
            <value>A38-ODP3</value>
          </Data>
          <Data name="deskripsi">
            <value/>
          </Data>
        </ExtendedData>
        <Point>
          <coordinates>
            100.420193,-0.333112,0
          </coordinates>
        </Point>
      </Placemark>
      <Placemark>
        <name/>
        <description><![CDATA[nama: A38-ODP4<br>deskripsi: ]]></description>
        <styleUrl>#icon-1899-0288D1</styleUrl>
        <ExtendedData>
          <Data name="nama">
            <value>A38-ODP4</value>
          </Data>
          <Data name="deskripsi">
            <value/>
          </Data>
        </ExtendedData>
        <Point>
          <coordinates>
            100.421331,-0.333536,0
          </coordinates>
        </Point>
      </Placemark>
      <Placemark>
        <name/>
        <description><![CDATA[nama: A38-ODP5<br>deskripsi: ]]></description>
        <styleUrl>#icon-1899-0288D1</styleUrl>
        <ExtendedData>
          <Data name="nama">
            <value>A38-ODP5</value>
          </Data>
          <Data name="deskripsi">
            <value/>
          </Data>
        </ExtendedData>
        <Point>
          <coordinates>
            100.413474,-0.330266,0
          </coordinates>
        </Point>
      </Placemark>
      <Placemark>
        <name/>
        <description><![CDATA[nama: A38-ODP6<br>deskripsi: ]]></description>
        <styleUrl>#icon-1899-0288D1</styleUrl>
        <ExtendedData>
          <Data name="nama">
            <value>A38-ODP6</value>
          </Data>
          <Data name="deskripsi">
            <value/>
          </Data>
        </ExtendedData>
        <Point>
          <coordinates>
            100.414079,-0.332449,0
          </coordinates>
        </Point>
      </Placemark>
      <Placemark>
        <name/>
        <description><![CDATA[nama: A38-ODP7<br>deskripsi: ]]></description>
        <styleUrl>#icon-1899-0288D1</styleUrl>
        <ExtendedData>
          <Data name="nama">
            <value>A38-ODP7</value>
          </Data>
          <Data name="deskripsi">
            <value/>
          </Data>
        </ExtendedData>
        <Point>
          <coordinates>
            100.414403,-0.334273,0
          </coordinates>
        </Point>
      </Placemark>
      <Placemark>
        <name/>
        <description><![CDATA[nama: 12 Core Pasia - Batu Taba<br>deskripsi: Jumlah Core : 12Core<br>Jumlah Core Terpakai : 12 Core<br>Klasifikasi Kabel : Distribusi<br>Letak Kabel : Udara]]></description>
        <styleUrl>#line-000000-1200</styleUrl>
        <ExtendedData>
          <Data name="nama">
            <value>12 Core Pasia - Batu Taba</value>
          </Data>
          <Data name="deskripsi">
            <value>Jumlah Core : 12Core
Jumlah Core Terpakai : 12 Core
Klasifikasi Kabel : Distribusi
Letak Kabel : Udara</value>
          </Data>
        </ExtendedData>
        <LineString>
          <tessellate>1</tessellate>
          <coordinates>
            100.4119,-0.306453,0
            100.410804,-0.306958,0
            100.410326,-0.307295,0
            100.409944,-0.307526,0
            100.409381,-0.307812,0
            100.408323,-0.30829,0
            100.408101,-0.308458,0
            100.408103,-0.308687,0
            100.408253,-0.309096,0
            100.408297,-0.310009,0
            100.408502,-0.31013,0
            100.408479,-0.310577,0
            100.40829,-0.312279,0
            100.40843,-0.31262,0
            100.408419,-0.312925,0
            100.408438,-0.313072,0
            100.408567,-0.313541,0
            100.408632,-0.314529,0
            100.407754,-0.314668,0
            100.408396,-0.315672,0
            100.409051,-0.316976,0
            100.409325,-0.31782,0
            100.409638,-0.318679,0
            100.410005,-0.319992,0
            100.41005,-0.320568,0
            100.410143,-0.321605,0
            100.410121,-0.322126,0
            100.410061,-0.323336,0
            100.410026,-0.323817,0
            100.410922,-0.324053,0
            100.411408,-0.324039,0
            100.412489,-0.324151,0
            100.412188,-0.325179,0
          </coordinates>
        </LineString>
      </Placemark>
      <Placemark>
        <name/>
        <description><![CDATA[nama: 4 Core Surau Langga<br>deskripsi: Jumlah Core : 4 Core<br>Jumlah Core Terpakai :  1 Core<br>Klasifikasi Kabel : Distribusi<br>Letak Kabel : Udara]]></description>
        <styleUrl>#line-000000-1200</styleUrl>
        <ExtendedData>
          <Data name="nama">
            <value>4 Core Surau Langga</value>
          </Data>
          <Data name="deskripsi">
            <value>Jumlah Core : 4 Core
Jumlah Core Terpakai :  1 Core
Klasifikasi Kabel : Distribusi
Letak Kabel : Udara</value>
          </Data>
        </ExtendedData>
        <LineString>
          <tessellate>1</tessellate>
          <coordinates>
            100.412883,-0.311401,0
            100.412876,-0.311323,0
            100.412167,-0.311436,0
            100.41214,-0.311284,0
            100.411834,-0.311306,0
            100.411803,-0.311198,0
            100.411936,-0.310987,0
            100.411607,-0.311074,0
          </coordinates>
        </LineString>
      </Placemark>
      <Placemark>
        <name/>
        <description><![CDATA[nama: 12 Core Batu Taba<br>deskripsi: Jumlah Core : 12 Core<br>Jumlah Core Terpakai : 4 Core<br>Klasifikasi Kabel : Distribusi<br>Letak Kabel : Udara]]></description>
        <styleUrl>#line-000000-1200</styleUrl>
        <ExtendedData>
          <Data name="nama">
            <value>12 Core Batu Taba</value>
          </Data>
          <Data name="deskripsi">
            <value>Jumlah Core : 12 Core
Jumlah Core Terpakai : 4 Core
Klasifikasi Kabel : Distribusi
Letak Kabel : Udara</value>
          </Data>
        </ExtendedData>
        <LineString>
          <tessellate>1</tessellate>
          <coordinates>
            100.408634,-0.314531,0
            100.410015,-0.314574,0
            100.410375,-0.314595,0
            100.411564,-0.314668,0
            100.412437,-0.314585,0
            100.413338,-0.314529,0
          </coordinates>
        </LineString>
      </Placemark>
      <Placemark>
        <name/>
        <description><![CDATA[nama: 4 Core Pasia<br>deskripsi: Jumlah Core : 4 Core<br>Jumlah Core Terpakai : 1 Core<br>Klasifikasi Kabel : Distribusi<br>Letak Kabel : Udara]]></description>
        <styleUrl>#line-000000-1200</styleUrl>
        <ExtendedData>
          <Data name="nama">
            <value>4 Core Pasia</value>
          </Data>
          <Data name="deskripsi">
            <value>Jumlah Core : 4 Core
Jumlah Core Terpakai : 1 Core
Klasifikasi Kabel : Distribusi
Letak Kabel : Udara</value>
          </Data>
        </ExtendedData>
        <LineString>
          <tessellate>1</tessellate>
          <coordinates>
            100.40832,-0.308275,0
            100.407629,-0.308515,0
            100.406043,-0.309124,0
          </coordinates>
        </LineString>
      </Placemark>
      <Placemark>
        <name/>
        <description><![CDATA[nama: 4 Core Simpang Bukik<br>deskripsi: Jumlah Core : 4 Core<br>Jumlah Core Terpakai : 1 Core<br>Klasifikasi Kabel : Distribusi<br>Letak Kabel : Udara]]></description>
        <styleUrl>#line-000000-1200</styleUrl>
        <ExtendedData>
          <Data name="nama">
            <value>4 Core Simpang Bukik</value>
          </Data>
          <Data name="deskripsi">
            <value>Jumlah Core : 4 Core
Jumlah Core Terpakai : 1 Core
Klasifikasi Kabel : Distribusi
Letak Kabel : Udara</value>
          </Data>
        </ExtendedData>
        <LineString>
          <tessellate>1</tessellate>
          <coordinates>
            100.412164,-0.325208,0
            100.411691,-0.325197,0
            100.411321,-0.325177,0
            100.410921,-0.325172,0
            100.410432,-0.325184,0
            100.410034,-0.325239,0
            100.409644,-0.325378,0
            100.40858,-0.32611,0
            100.40938,-0.327866,0
            100.409651,-0.328416,0
            100.409676,-0.328564,0
          </coordinates>
        </LineString>
      </Placemark>
      <Placemark>
        <name/>
        <description><![CDATA[nama: 4 Core 3 Jorong<br>deskripsi: Jumlah Core : 4 Core<br>Jumlah Core Terpakai : 3 Core<br>Klasifikasi Kabel : Distribusi<br>Letak Kabel : Udara]]></description>
        <styleUrl>#line-000000-1200</styleUrl>
        <ExtendedData>
          <Data name="nama">
            <value>4 Core 3 Jorong</value>
          </Data>
          <Data name="deskripsi">
            <value>Jumlah Core : 4 Core
Jumlah Core Terpakai : 3 Core
Klasifikasi Kabel : Distribusi
Letak Kabel : Udara</value>
          </Data>
        </ExtendedData>
        <LineString>
          <tessellate>1</tessellate>
          <coordinates>
            100.410046,-0.323815,0
            100.408751,-0.323703,0
            100.408305,-0.322602,0
            100.408043,-0.321582,0
            100.407773,-0.320823,0
          </coordinates>
        </LineString>
      </Placemark>
      <Placemark>
        <name/>
        <description><![CDATA[nama: 4 Core Kubang 2<br>deskripsi: Jumlah Core : 4 Core<br>Jumlah Core Terpakai : 4 Core<br>Klasifikasi Kabel : Distribusi<br>Letak Kabel : Udara]]></description>
        <styleUrl>#line-000000-1200</styleUrl>
        <ExtendedData>
          <Data name="nama">
            <value>4 Core Kubang 2</value>
          </Data>
          <Data name="deskripsi">
            <value>Jumlah Core : 4 Core
Jumlah Core Terpakai : 4 Core
Klasifikasi Kabel : Distribusi
Letak Kabel : Udara</value>
          </Data>
        </ExtendedData>
        <LineString>
          <tessellate>1</tessellate>
          <coordinates>
            100.412182,-0.325182,0
            100.41175,-0.326187,0
            100.411685,-0.326511,0
            100.411867,-0.327563,0
            100.411957,-0.3283,0
            100.412236,-0.329792,0
            100.412325,-0.330392,0
            100.413477,-0.330216,0
            100.414856,-0.329939,0
            100.416551,-0.330156,0
            100.416901,-0.330602,0
            100.418499,-0.331678,0
            100.419437,-0.332357,0
            100.41988,-0.332632,0
            100.420223,-0.333083,0
            100.420665,-0.333664,0
            100.420842,-0.333692,0
            100.421339,-0.333517,0
          </coordinates>
        </LineString>
      </Placemark>
      <Placemark>
        <name/>
        <description><![CDATA[nama: 4 Core Kubang 2 2<br>deskripsi: Jumlah Core : 4 Core<br>Jumlah Core Terpakai :  3 Core<br>Klasifikasi Kabel : Distribusi<br>Letak Kabel : Udara]]></description>
        <styleUrl>#line-000000-1200</styleUrl>
        <ExtendedData>
          <Data name="nama">
            <value>4 Core Kubang 2 2</value>
          </Data>
          <Data name="deskripsi">
            <value>Jumlah Core : 4 Core
Jumlah Core Terpakai :  3 Core
Klasifikasi Kabel : Distribusi
Letak Kabel : Udara</value>
          </Data>
        </ExtendedData>
        <LineString>
          <tessellate>1</tessellate>
          <coordinates>
            100.413491,-0.330219,0
            100.413941,-0.331753,0
            100.414074,-0.332437,0
            100.414216,-0.333436,0
            100.414404,-0.334269,0
          </coordinates>
        </LineString>
      </Placemark>
      <Placemark>
        <name/>
        <description><![CDATA[nama: 4 Core Pasia<br>deskripsi: Jumlah Core : 4 Core<br>Jumlah Core Terpakai :  1 Core<br>Klasifikasi Kabel : Distribusi<br>Letak Kabel : Udara]]></description>
        <styleUrl>#line-000000-1200</styleUrl>
        <ExtendedData>
          <Data name="nama">
            <value>4 Core Pasia</value>
          </Data>
          <Data name="deskripsi">
            <value>Jumlah Core : 4 Core
Jumlah Core Terpakai :  1 Core
Klasifikasi Kabel : Distribusi
Letak Kabel : Udara</value>
          </Data>
        </ExtendedData>
        <LineString>
          <tessellate>1</tessellate>
          <coordinates>
            100.412313,-0.308135,0
            100.412398,-0.308688,0
            100.412798,-0.308556,0
            100.413409,-0.308522,0
            100.413441,-0.308651,0
            100.41389,-0.308617,0
            100.414419,-0.308479,0
            100.414584,-0.308442,0
          </coordinates>
        </LineString>
      </Placemark>
      <Placemark>
        <name/>
        <description><![CDATA[nama: Untitled Placemark<br>deskripsi: ]]></description>
        <styleUrl>#icon-1899-0288D1</styleUrl>
        <ExtendedData>
          <Data name="nama">
            <value>Untitled Placemark</value>
          </Data>
          <Data name="deskripsi">
            <value/>
          </Data>
        </ExtendedData>
        <Point>
          <coordinates>
            100.409689,-0.328567,0
          </coordinates>
        </Point>
      </Placemark>
      <Placemark>
        <name/>
        <description><![CDATA[nama: A13-ODP0<br>deskripsi: T2-C13-14]]></description>
        <styleUrl>#icon-1899-0288D1</styleUrl>
        <ExtendedData>
          <Data name="nama">
            <value>A13-ODP0</value>
          </Data>
          <Data name="deskripsi">
            <value>T2-C13-14</value>
          </Data>
        </ExtendedData>
        <Point>
          <coordinates>
            100.402488,-0.294363,0
          </coordinates>
        </Point>
      </Placemark>
      <Placemark>
        <name/>
        <description><![CDATA[nama: A13-ODP1<br>deskripsi: ]]></description>
        <styleUrl>#icon-1899-0288D1</styleUrl>
        <ExtendedData>
          <Data name="nama">
            <value>A13-ODP1</value>
          </Data>
          <Data name="deskripsi">
            <value/>
          </Data>
        </ExtendedData>
        <Point>
          <coordinates>
            100.402393,-0.296466,0
          </coordinates>
        </Point>
      </Placemark>
      <Placemark>
        <name/>
        <description><![CDATA[nama: A13-ODP2<br>deskripsi: ]]></description>
        <styleUrl>#icon-1899-0288D1</styleUrl>
        <ExtendedData>
          <Data name="nama">
            <value>A13-ODP2</value>
          </Data>
          <Data name="deskripsi">
            <value/>
          </Data>
        </ExtendedData>
        <Point>
          <coordinates>
            100.401416,-0.297129,0
          </coordinates>
        </Point>
      </Placemark>
      <Placemark>
        <name/>
        <description><![CDATA[nama: A13-ODP3<br>deskripsi: ]]></description>
        <styleUrl>#icon-1899-0288D1</styleUrl>
        <ExtendedData>
          <Data name="nama">
            <value>A13-ODP3</value>
          </Data>
          <Data name="deskripsi">
            <value/>
          </Data>
        </ExtendedData>
        <Point>
          <coordinates>
            100.401009,-0.294708,0
          </coordinates>
        </Point>
      </Placemark>
      <Placemark>
        <name/>
        <description><![CDATA[nama: A13-ODP4<br>deskripsi: ]]></description>
        <styleUrl>#icon-1899-0288D1</styleUrl>
        <ExtendedData>
          <Data name="nama">
            <value>A13-ODP4</value>
          </Data>
          <Data name="deskripsi">
            <value/>
          </Data>
        </ExtendedData>
        <Point>
          <coordinates>
            100.404363,-0.294012,0
          </coordinates>
        </Point>
      </Placemark>
      <Placemark>
        <name/>
        <description><![CDATA[nama: A13-ODP5<br>deskripsi: ]]></description>
        <styleUrl>#icon-1899-0288D1</styleUrl>
        <ExtendedData>
          <Data name="nama">
            <value>A13-ODP5</value>
          </Data>
          <Data name="deskripsi">
            <value/>
          </Data>
        </ExtendedData>
        <Point>
          <coordinates>
            100.40226,-0.293405,0
          </coordinates>
        </Point>
      </Placemark>
      <Placemark>
        <name/>
        <description><![CDATA[nama: A14-ODP1<br>deskripsi: ]]></description>
        <styleUrl>#icon-1899-0288D1</styleUrl>
        <ExtendedData>
          <Data name="nama">
            <value>A14-ODP1</value>
          </Data>
          <Data name="deskripsi">
            <value/>
          </Data>
        </ExtendedData>
        <Point>
          <coordinates>
            100.402478,-0.29565,0
          </coordinates>
        </Point>
      </Placemark>
      <Placemark>
        <name/>
        <description><![CDATA[nama: A14-ODP2<br>deskripsi: ]]></description>
        <styleUrl>#icon-1899-0288D1</styleUrl>
        <ExtendedData>
          <Data name="nama">
            <value>A14-ODP2</value>
          </Data>
          <Data name="deskripsi">
            <value/>
          </Data>
        </ExtendedData>
        <Point>
          <coordinates>
            100.402461,-0.297426,0
          </coordinates>
        </Point>
      </Placemark>
      <Placemark>
        <name/>
        <description><![CDATA[nama: A14-ODP3<br>deskripsi: ]]></description>
        <styleUrl>#icon-1899-0288D1</styleUrl>
        <ExtendedData>
          <Data name="nama">
            <value>A14-ODP3</value>
          </Data>
          <Data name="deskripsi">
            <value/>
          </Data>
        </ExtendedData>
        <Point>
          <coordinates>
            100.402695,-0.299134,0
          </coordinates>
        </Point>
      </Placemark>
      <Placemark>
        <name/>
        <description><![CDATA[nama: A14-ODP4<br>deskripsi: ]]></description>
        <styleUrl>#icon-1899-0288D1</styleUrl>
        <ExtendedData>
          <Data name="nama">
            <value>A14-ODP4</value>
          </Data>
          <Data name="deskripsi">
            <value/>
          </Data>
        </ExtendedData>
        <Point>
          <coordinates>
            100.403282,-0.301262,0
          </coordinates>
        </Point>
      </Placemark>
      <Placemark>
        <name/>
        <description><![CDATA[nama: A14-ODP5<br>deskripsi: ]]></description>
        <styleUrl>#icon-1899-0288D1</styleUrl>
        <ExtendedData>
          <Data name="nama">
            <value>A14-ODP5</value>
          </Data>
          <Data name="deskripsi">
            <value/>
          </Data>
        </ExtendedData>
        <Point>
          <coordinates>
            100.403789,-0.302083,0
          </coordinates>
        </Point>
      </Placemark>
      <Placemark>
        <name/>
        <description><![CDATA[nama: A14-ODP6<br>deskripsi: ]]></description>
        <styleUrl>#icon-1899-0288D1</styleUrl>
        <ExtendedData>
          <Data name="nama">
            <value>A14-ODP6</value>
          </Data>
          <Data name="deskripsi">
            <value/>
          </Data>
        </ExtendedData>
        <Point>
          <coordinates>
            100.404203,-0.303026,0
          </coordinates>
        </Point>
      </Placemark>
      <Placemark>
        <name/>
        <description><![CDATA[nama: A14-ODP7<br>deskripsi: ]]></description>
        <styleUrl>#icon-1899-0288D1</styleUrl>
        <ExtendedData>
          <Data name="nama">
            <value>A14-ODP7</value>
          </Data>
          <Data name="deskripsi">
            <value/>
          </Data>
        </ExtendedData>
        <Point>
          <coordinates>
            100.405959,-0.304553,0
          </coordinates>
        </Point>
      </Placemark>
      <Placemark>
        <name/>
        <description><![CDATA[nama: A15-ODP0<br>deskripsi: T2-C15-18]]></description>
        <styleUrl>#icon-1899-0288D1</styleUrl>
        <ExtendedData>
          <Data name="nama">
            <value>A15-ODP0</value>
          </Data>
          <Data name="deskripsi">
            <value>T2-C15-18</value>
          </Data>
        </ExtendedData>
        <Point>
          <coordinates>
            100.399346,-0.295133,0
          </coordinates>
        </Point>
      </Placemark>
      <Placemark>
        <name/>
        <description><![CDATA[nama: A16-ODP6<br>deskripsi: ]]></description>
        <styleUrl>#icon-1899-0288D1</styleUrl>
        <ExtendedData>
          <Data name="nama">
            <value>A16-ODP6</value>
          </Data>
          <Data name="deskripsi">
            <value/>
          </Data>
        </ExtendedData>
        <Point>
          <coordinates>
            100.399335,-0.296563,0
          </coordinates>
        </Point>
      </Placemark>
      <Placemark>
        <name/>
        <description><![CDATA[nama: A16-ODP5<br>deskripsi: ]]></description>
        <styleUrl>#icon-1899-0288D1</styleUrl>
        <ExtendedData>
          <Data name="nama">
            <value>A16-ODP5</value>
          </Data>
          <Data name="deskripsi">
            <value/>
          </Data>
        </ExtendedData>
        <Point>
          <coordinates>
            100.399811,-0.298985,0
          </coordinates>
        </Point>
      </Placemark>
      <Placemark>
        <name/>
        <description><![CDATA[nama: A16-ODP4<br>deskripsi: ]]></description>
        <styleUrl>#icon-1899-0288D1</styleUrl>
        <ExtendedData>
          <Data name="nama">
            <value>A16-ODP4</value>
          </Data>
          <Data name="deskripsi">
            <value/>
          </Data>
        </ExtendedData>
        <Point>
          <coordinates>
            100.400656,-0.30002,0
          </coordinates>
        </Point>
      </Placemark>
      <Placemark>
        <name/>
        <description><![CDATA[nama: A16-ODP3<br>deskripsi: ]]></description>
        <styleUrl>#icon-1899-0288D1</styleUrl>
        <ExtendedData>
          <Data name="nama">
            <value>A16-ODP3</value>
          </Data>
          <Data name="deskripsi">
            <value/>
          </Data>
        </ExtendedData>
        <Point>
          <coordinates>
            100.400821,-0.301251,0
          </coordinates>
        </Point>
      </Placemark>
      <Placemark>
        <name/>
        <description><![CDATA[nama: A16-ODP2<br>deskripsi: ]]></description>
        <styleUrl>#icon-1899-0288D1</styleUrl>
        <ExtendedData>
          <Data name="nama">
            <value>A16-ODP2</value>
          </Data>
          <Data name="deskripsi">
            <value/>
          </Data>
        </ExtendedData>
        <Point>
          <coordinates>
            100.401155,-0.301985,0
          </coordinates>
        </Point>
      </Placemark>
      <Placemark>
        <name/>
        <description><![CDATA[nama: A16-ODP1<br>deskripsi: ]]></description>
        <styleUrl>#icon-1899-0288D1</styleUrl>
        <ExtendedData>
          <Data name="nama">
            <value>A16-ODP1</value>
          </Data>
          <Data name="deskripsi">
            <value/>
          </Data>
        </ExtendedData>
        <Point>
          <coordinates>
            100.402538,-0.304222,0
          </coordinates>
        </Point>
      </Placemark>
      <Placemark>
        <name/>
        <description><![CDATA[nama: A16-ODP0<br>deskripsi: ]]></description>
        <styleUrl>#icon-1899-0288D1</styleUrl>
        <ExtendedData>
          <Data name="nama">
            <value>A16-ODP0</value>
          </Data>
          <Data name="deskripsi">
            <value/>
          </Data>
        </ExtendedData>
        <Point>
          <coordinates>
            100.403359,-0.305615,0
          </coordinates>
        </Point>
      </Placemark>
      <Placemark>
        <name/>
        <description><![CDATA[nama: A17-ODP0<br>deskripsi: ]]></description>
        <styleUrl>#icon-1899-0288D1</styleUrl>
        <ExtendedData>
          <Data name="nama">
            <value>A17-ODP0</value>
          </Data>
          <Data name="deskripsi">
            <value/>
          </Data>
        </ExtendedData>
        <Point>
          <coordinates>
            100.4038,-0.306304,0
          </coordinates>
        </Point>
      </Placemark>
      <Placemark>
        <name/>
        <description><![CDATA[nama: A17-ODP1<br>deskripsi: ]]></description>
        <styleUrl>#icon-1899-0288D1</styleUrl>
        <ExtendedData>
          <Data name="nama">
            <value>A17-ODP1</value>
          </Data>
          <Data name="deskripsi">
            <value/>
          </Data>
        </ExtendedData>
        <Point>
          <coordinates>
            100.405151,-0.305502,0
          </coordinates>
        </Point>
      </Placemark>
      <Placemark>
        <name/>
        <description><![CDATA[nama: A17-ODP2<br>deskripsi: ]]></description>
        <styleUrl>#icon-1899-0288D1</styleUrl>
        <ExtendedData>
          <Data name="nama">
            <value>A17-ODP2</value>
          </Data>
          <Data name="deskripsi">
            <value/>
          </Data>
        </ExtendedData>
        <Point>
          <coordinates>
            100.407278,-0.304407,0
          </coordinates>
        </Point>
      </Placemark>
      <Placemark>
        <name/>
        <description><![CDATA[nama: A17-ODP3<br>deskripsi: ]]></description>
        <styleUrl>#icon-1899-0288D1</styleUrl>
        <ExtendedData>
          <Data name="nama">
            <value>A17-ODP3</value>
          </Data>
          <Data name="deskripsi">
            <value/>
          </Data>
        </ExtendedData>
        <Point>
          <coordinates>
            100.40914,-0.30366,0
          </coordinates>
        </Point>
      </Placemark>
      <Placemark>
        <name/>
        <description><![CDATA[nama: A17-ODP4<br>deskripsi: ]]></description>
        <styleUrl>#icon-1899-0288D1</styleUrl>
        <ExtendedData>
          <Data name="nama">
            <value>A17-ODP4</value>
          </Data>
          <Data name="deskripsi">
            <value/>
          </Data>
        </ExtendedData>
        <Point>
          <coordinates>
            100.40773,-0.304862,0
          </coordinates>
        </Point>
      </Placemark>
      <Placemark>
        <name/>
        <description><![CDATA[nama: A17-ODP5<br>deskripsi: ]]></description>
        <styleUrl>#icon-1899-0288D1</styleUrl>
        <ExtendedData>
          <Data name="nama">
            <value>A17-ODP5</value>
          </Data>
          <Data name="deskripsi">
            <value/>
          </Data>
        </ExtendedData>
        <Point>
          <coordinates>
            100.408404,-0.306091,0
          </coordinates>
        </Point>
      </Placemark>
      <Placemark>
        <name/>
        <description><![CDATA[nama: A17-ODP6<br>deskripsi: ]]></description>
        <styleUrl>#icon-1899-0288D1</styleUrl>
        <ExtendedData>
          <Data name="nama">
            <value>A17-ODP6</value>
          </Data>
          <Data name="deskripsi">
            <value/>
          </Data>
        </ExtendedData>
        <Point>
          <coordinates>
            100.409241,-0.307398,0
          </coordinates>
        </Point>
      </Placemark>
      <Placemark>
        <name/>
        <description><![CDATA[nama: A17-ODP7<br>deskripsi: ]]></description>
        <styleUrl>#icon-1899-0288D1</styleUrl>
        <ExtendedData>
          <Data name="nama">
            <value>A17-ODP7</value>
          </Data>
          <Data name="deskripsi">
            <value/>
          </Data>
        </ExtendedData>
        <Point>
          <coordinates>
            100.404199,-0.307134,0
          </coordinates>
        </Point>
      </Placemark>
      <Placemark>
        <name/>
        <description><![CDATA[nama: A17-ODP8<br>deskripsi: ]]></description>
        <styleUrl>#icon-1899-0288D1</styleUrl>
        <ExtendedData>
          <Data name="nama">
            <value>A17-ODP8</value>
          </Data>
          <Data name="deskripsi">
            <value/>
          </Data>
        </ExtendedData>
        <Point>
          <coordinates>
            100.404911,-0.308582,0
          </coordinates>
        </Point>
      </Placemark>
      <Placemark>
        <name/>
        <description><![CDATA[nama: A18-ODP0<br>deskripsi: ]]></description>
        <styleUrl>#icon-1899-0288D1</styleUrl>
        <ExtendedData>
          <Data name="nama">
            <value>A18-ODP0</value>
          </Data>
          <Data name="deskripsi">
            <value/>
          </Data>
        </ExtendedData>
        <Point>
          <coordinates>
            100.405232,-0.309237,0
          </coordinates>
        </Point>
      </Placemark>
      <Placemark>
        <name/>
        <description><![CDATA[nama: A18-ODP1<br>deskripsi: ]]></description>
        <styleUrl>#icon-1899-0288D1</styleUrl>
        <ExtendedData>
          <Data name="nama">
            <value>A18-ODP1</value>
          </Data>
          <Data name="deskripsi">
            <value/>
          </Data>
        </ExtendedData>
        <Point>
          <coordinates>
            100.405933,-0.310357,0
          </coordinates>
        </Point>
      </Placemark>
      <Placemark>
        <name/>
        <description><![CDATA[nama: A18-ODP2<br>deskripsi: ]]></description>
        <styleUrl>#icon-1899-0288D1</styleUrl>
        <ExtendedData>
          <Data name="nama">
            <value>A18-ODP2</value>
          </Data>
          <Data name="deskripsi">
            <value/>
          </Data>
        </ExtendedData>
        <Point>
          <coordinates>
            100.406766,-0.311454,0
          </coordinates>
        </Point>
      </Placemark>
      <Placemark>
        <name/>
        <description><![CDATA[nama: A18-ODP3<br>deskripsi: ]]></description>
        <styleUrl>#icon-1899-0288D1</styleUrl>
        <ExtendedData>
          <Data name="nama">
            <value>A18-ODP3</value>
          </Data>
          <Data name="deskripsi">
            <value/>
          </Data>
        </ExtendedData>
        <Point>
          <coordinates>
            100.40739,-0.313226,0
          </coordinates>
        </Point>
      </Placemark>
      <Placemark>
        <name/>
        <description><![CDATA[nama: A18-ODP4<br>deskripsi: ]]></description>
        <styleUrl>#icon-1899-0288D1</styleUrl>
        <ExtendedData>
          <Data name="nama">
            <value>A18-ODP4</value>
          </Data>
          <Data name="deskripsi">
            <value/>
          </Data>
        </ExtendedData>
        <Point>
          <coordinates>
            100.407509,-0.314111,0
          </coordinates>
        </Point>
      </Placemark>
      <Placemark>
        <name/>
        <description><![CDATA[nama: A18-ODP5<br>deskripsi: ]]></description>
        <styleUrl>#icon-1899-0288D1</styleUrl>
        <ExtendedData>
          <Data name="nama">
            <value>A18-ODP5</value>
          </Data>
          <Data name="deskripsi">
            <value/>
          </Data>
        </ExtendedData>
        <Point>
          <coordinates>
            100.406641,-0.314876,0
          </coordinates>
        </Point>
      </Placemark>
      <Placemark>
        <name/>
        <description><![CDATA[nama: A18-ODP6<br>deskripsi: ]]></description>
        <styleUrl>#icon-1899-0288D1</styleUrl>
        <ExtendedData>
          <Data name="nama">
            <value>A18-ODP6</value>
          </Data>
          <Data name="deskripsi">
            <value/>
          </Data>
        </ExtendedData>
        <Point>
          <coordinates>
            100.405635,-0.315065,0
          </coordinates>
        </Point>
      </Placemark>
      <Placemark>
        <name/>
        <description><![CDATA[nama: A19-ODP0<br>deskripsi: ]]></description>
        <styleUrl>#icon-1899-0288D1</styleUrl>
        <ExtendedData>
          <Data name="nama">
            <value>A19-ODP0</value>
          </Data>
          <Data name="deskripsi">
            <value/>
          </Data>
        </ExtendedData>
        <Point>
          <coordinates>
            100.40233,-0.311235,0
          </coordinates>
        </Point>
      </Placemark>
      <Placemark>
        <name/>
        <description><![CDATA[nama: A19-ODP1<br>deskripsi: ]]></description>
        <styleUrl>#icon-1899-0288D1</styleUrl>
        <ExtendedData>
          <Data name="nama">
            <value>A19-ODP1</value>
          </Data>
          <Data name="deskripsi">
            <value/>
          </Data>
        </ExtendedData>
        <Point>
          <coordinates>
            100.403102,-0.312278,0
          </coordinates>
        </Point>
      </Placemark>
      <Placemark>
        <name/>
        <description><![CDATA[nama: A19-ODP2<br>deskripsi: ]]></description>
        <styleUrl>#icon-1899-0288D1</styleUrl>
        <ExtendedData>
          <Data name="nama">
            <value>A19-ODP2</value>
          </Data>
          <Data name="deskripsi">
            <value/>
          </Data>
        </ExtendedData>
        <Point>
          <coordinates>
            100.404248,-0.313879,0
          </coordinates>
        </Point>
      </Placemark>
      <Placemark>
        <name/>
        <description><![CDATA[nama: A19-ODP3<br>deskripsi: ]]></description>
        <styleUrl>#icon-1899-0288D1</styleUrl>
        <ExtendedData>
          <Data name="nama">
            <value>A19-ODP3</value>
          </Data>
          <Data name="deskripsi">
            <value/>
          </Data>
        </ExtendedData>
        <Point>
          <coordinates>
            100.404882,-0.315179,0
          </coordinates>
        </Point>
      </Placemark>
      <Placemark>
        <name/>
        <description><![CDATA[nama: A19-ODP4<br>deskripsi: ]]></description>
        <styleUrl>#icon-1899-0288D1</styleUrl>
        <ExtendedData>
          <Data name="nama">
            <value>A19-ODP4</value>
          </Data>
          <Data name="deskripsi">
            <value/>
          </Data>
        </ExtendedData>
        <Point>
          <coordinates>
            100.40189,-0.311817,0
          </coordinates>
        </Point>
      </Placemark>
      <Placemark>
        <name/>
        <description><![CDATA[nama: A19-BKT1<br>deskripsi: T2-C19-20]]></description>
        <styleUrl>#icon-1899-0288D1</styleUrl>
        <ExtendedData>
          <Data name="nama">
            <value>A19-BKT1</value>
          </Data>
          <Data name="deskripsi">
            <value>T2-C19-20</value>
          </Data>
        </ExtendedData>
        <Point>
          <coordinates>
            100.394237,-0.296095,0
          </coordinates>
        </Point>
      </Placemark>
      <Placemark>
        <name/>
        <description><![CDATA[nama: A19-BKT2<br>deskripsi: ]]></description>
        <styleUrl>#icon-1899-0288D1</styleUrl>
        <ExtendedData>
          <Data name="nama">
            <value>A19-BKT2</value>
          </Data>
          <Data name="deskripsi">
            <value/>
          </Data>
        </ExtendedData>
        <Point>
          <coordinates>
            100.394736,-0.292825,0
          </coordinates>
        </Point>
      </Placemark>
      <Placemark>
        <name/>
        <description><![CDATA[nama: A19-BKT3<br>deskripsi: ]]></description>
        <styleUrl>#icon-1899-0288D1</styleUrl>
        <ExtendedData>
          <Data name="nama">
            <value>A19-BKT3</value>
          </Data>
          <Data name="deskripsi">
            <value/>
          </Data>
        </ExtendedData>
        <Point>
          <coordinates>
            100.395736,-0.293742,0
          </coordinates>
        </Point>
      </Placemark>
      <Placemark>
        <name/>
        <description><![CDATA[nama: A13-BKT1<br>deskripsi: ]]></description>
        <styleUrl>#icon-1899-0288D1</styleUrl>
        <ExtendedData>
          <Data name="nama">
            <value>A13-BKT1</value>
          </Data>
          <Data name="deskripsi">
            <value/>
          </Data>
        </ExtendedData>
        <Point>
          <coordinates>
            100.392333,-0.296389,0
          </coordinates>
        </Point>
      </Placemark>
      <Placemark>
        <name/>
        <description><![CDATA[nama: A13-BKT2<br>deskripsi: ]]></description>
        <styleUrl>#icon-1899-0288D1</styleUrl>
        <ExtendedData>
          <Data name="nama">
            <value>A13-BKT2</value>
          </Data>
          <Data name="deskripsi">
            <value/>
          </Data>
        </ExtendedData>
        <Point>
          <coordinates>
            100.393023,-0.298657,0
          </coordinates>
        </Point>
      </Placemark>
      <Placemark>
        <name/>
        <description><![CDATA[nama: A21-BKT1<br>deskripsi: T2-C21-22]]></description>
        <styleUrl>#icon-1899-0288D1</styleUrl>
        <ExtendedData>
          <Data name="nama">
            <value>A21-BKT1</value>
          </Data>
          <Data name="deskripsi">
            <value>T2-C21-22</value>
          </Data>
        </ExtendedData>
        <Point>
          <coordinates>
            100.386073,-0.297067,0
          </coordinates>
        </Point>
      </Placemark>
      <Placemark>
        <name/>
        <description><![CDATA[nama: A23-BKT1<br>deskripsi: T2-C23-24]]></description>
        <styleUrl>#icon-1899-0288D1</styleUrl>
        <ExtendedData>
          <Data name="nama">
            <value>A23-BKT1</value>
          </Data>
          <Data name="deskripsi">
            <value>T2-C23-24</value>
          </Data>
        </ExtendedData>
        <Point>
          <coordinates>
            100.384441,-0.297394,0
          </coordinates>
        </Point>
      </Placemark>
      <Placemark>
        <name/>
        <description><![CDATA[nama: 48 4000 Simp Tj Alam - Anak Air<br>deskripsi: Jumlah Core : 48 Core<br>Jumlah Core Terpakai : 24 Core<br>Klasifikasi Kabel : Backbone dan Distribusi<br>Letak Kabel : Udara]]></description>
        <styleUrl>#line-000000-1200</styleUrl>
        <ExtendedData>
          <Data name="nama">
            <value>48 4000 Simp Tj Alam - Anak Air</value>
          </Data>
          <Data name="deskripsi">
            <value>Jumlah Core : 48 Core
Jumlah Core Terpakai : 24 Core
Klasifikasi Kabel : Backbone dan Distribusi
Letak Kabel : Udara</value>
          </Data>
        </ExtendedData>
        <LineString>
          <tessellate>1</tessellate>
          <coordinates>
            100.409342,-0.292981,0
            100.40682,-0.293505,0
            100.404459,-0.293948,0
            100.401875,-0.294477,0
            100.399621,-0.295025,0
            100.39667,-0.295712,0
            100.391975,-0.296403,0
            100.38776,-0.29684,0
            100.386415,-0.297021,0
            100.385279,-0.297148,0
            100.384056,-0.297421,0
            100.37906,-0.298678,0
            100.378221,-0.298854,0
            100.377343,-0.299062,0
            100.377233,-0.2991,0
          </coordinates>
        </LineString>
      </Placemark>
      <Placemark>
        <name/>
        <description><![CDATA[nama: 4 Core Tangah Sawah Bukittinggi<br>deskripsi: Jumlah Core : 4 Core<br>Jumlah Core Terpakai : 1 Core<br>Klasifikasi Kabel : Distribusi<br>Letak Kabel : Udara]]></description>
        <styleUrl>#line-000000-1200</styleUrl>
        <ExtendedData>
          <Data name="nama">
            <value>4 Core Tangah Sawah Bukittinggi</value>
          </Data>
          <Data name="deskripsi">
            <value>Jumlah Core : 4 Core
Jumlah Core Terpakai : 1 Core
Klasifikasi Kabel : Distribusi
Letak Kabel : Udara</value>
          </Data>
        </ExtendedData>
        <LineString>
          <tessellate>1</tessellate>
          <coordinates>
            100.375306,-0.303516,0
            100.375519,-0.304784,0
            100.375379,-0.305965,0
            100.375341,-0.306529,0
            100.375474,-0.307343,0
            100.375609,-0.308139,0
          </coordinates>
        </LineString>
      </Placemark>
      <Placemark>
        <name/>
        <description><![CDATA[nama: 4 Core Mahkota Mas<br>deskripsi: Jumlah Core : 4 Core<br>Jumlah Core Terpakai : 2 Core<br>Klasifikasi Kabel : Distribusi<br>Letak Kabel : Udara]]></description>
        <styleUrl>#line-000000-1200</styleUrl>
        <ExtendedData>
          <Data name="nama">
            <value>4 Core Mahkota Mas</value>
          </Data>
          <Data name="deskripsi">
            <value>Jumlah Core : 4 Core
Jumlah Core Terpakai : 2 Core
Klasifikasi Kabel : Distribusi
Letak Kabel : Udara</value>
          </Data>
        </ExtendedData>
        <LineString>
          <tessellate>1</tessellate>
          <coordinates>
            100.394235,-0.296071,0
            100.394144,-0.295706,0
            100.393893,-0.295591,0
            100.394224,-0.294133,0
            100.394659,-0.293135,0
            100.394742,-0.292805,0
          </coordinates>
        </LineString>
      </Placemark>
      <Placemark>
        <name/>
        <description><![CDATA[nama: 4 Core Mahkota Mas 2<br>deskripsi: Jumlah Core : 4 Core<br>Jumlah Core Terpakai : 1 Core<br>Klasifikasi Kabel : Distribusi<br>Letak Kabel : Udara]]></description>
        <styleUrl>#line-000000-1200</styleUrl>
        <ExtendedData>
          <Data name="nama">
            <value>4 Core Mahkota Mas 2</value>
          </Data>
          <Data name="deskripsi">
            <value>Jumlah Core : 4 Core
Jumlah Core Terpakai : 1 Core
Klasifikasi Kabel : Distribusi
Letak Kabel : Udara</value>
          </Data>
        </ExtendedData>
        <LineString>
          <tessellate>1</tessellate>
          <coordinates>
            100.394662,-0.29314,905.98
            100.395751,-0.293753,906.37
          </coordinates>
        </LineString>
      </Placemark>
      <Placemark>
        <name/>
        <description><![CDATA[nama: 4 Core Garegeh<br>deskripsi: Jumlah Core : 4 Core<br>Jumlah Core Terpakai : 1 Core<br>Klasifikasi Kabel : Distribusi<br>Letak Kabel : Udara]]></description>
        <styleUrl>#line-000000-1200</styleUrl>
        <ExtendedData>
          <Data name="nama">
            <value>4 Core Garegeh</value>
          </Data>
          <Data name="deskripsi">
            <value>Jumlah Core : 4 Core
Jumlah Core Terpakai : 1 Core
Klasifikasi Kabel : Distribusi
Letak Kabel : Udara</value>
          </Data>
        </ExtendedData>
        <LineString>
          <tessellate>1</tessellate>
          <coordinates>
            100.392329,-0.296387,0
            100.392066,-0.296437,0
            100.39243,-0.296881,0
            100.392642,-0.297258,0
            100.392812,-0.297654,0
            100.393045,-0.297965,0
            100.393264,-0.2985,0
            100.393271,-0.298632,0
            100.39303,-0.298655,0
          </coordinates>
        </LineString>
      </Placemark>
      <Placemark>
        <name/>
        <description><![CDATA[nama: 4 Core Pintu Angin<br>deskripsi: Jumlah Core : 4 Core<br>Jumlah Core Terpakai : 4 Core<br>Klasifikasi Kabel : Distribusi<br>Letak Kabel : Udara]]></description>
        <styleUrl>#line-000000-1200</styleUrl>
        <ExtendedData>
          <Data name="nama">
            <value>4 Core Pintu Angin</value>
          </Data>
          <Data name="deskripsi">
            <value>Jumlah Core : 4 Core
Jumlah Core Terpakai : 4 Core
Klasifikasi Kabel : Distribusi
Letak Kabel : Udara</value>
          </Data>
        </ExtendedData>
        <LineString>
          <tessellate>1</tessellate>
          <coordinates>
            100.402499,-0.294385,0
            100.402466,-0.296359,0
            100.402295,-0.297145,0
            100.401395,-0.297141,0
          </coordinates>
        </LineString>
      </Placemark>
      <Placemark>
        <name/>
        <description><![CDATA[nama: 4 Core Pintu Angin 2<br>deskripsi: Jumlah Core : 4 Core<br>Jumlah Core Terpakai : 2 Core<br>Klasifikasi Kabel : Distribusi<br>Letak Kabel : Udara]]></description>
        <styleUrl>#line-000000-1200</styleUrl>
        <ExtendedData>
          <Data name="nama">
            <value>4 Core Pintu Angin 2</value>
          </Data>
          <Data name="deskripsi">
            <value>Jumlah Core : 4 Core
Jumlah Core Terpakai : 2 Core
Klasifikasi Kabel : Distribusi
Letak Kabel : Udara</value>
          </Data>
        </ExtendedData>
        <LineString>
          <tessellate>1</tessellate>
          <coordinates>
            100.402484,-0.294352,0
            100.401911,-0.294474,0
            100.401986,-0.293391,0
            100.402274,-0.293409,0
          </coordinates>
        </LineString>
      </Placemark>
      <Placemark>
        <name/>
        <description><![CDATA[nama: 24 Core Parik Putus - 13<br>deskripsi: Jumlah Core : 24 Core<br>Jumlah Core Terpakai : 12 Core<br>Klasifikasi Kabel : Distribusi<br>Letak Kabel : Udara]]></description>
        <styleUrl>#line-000000-1200</styleUrl>
        <ExtendedData>
          <Data name="nama">
            <value>24 Core Parik Putus - 13</value>
          </Data>
          <Data name="deskripsi">
            <value>Jumlah Core : 24 Core
Jumlah Core Terpakai : 12 Core
Klasifikasi Kabel : Distribusi
Letak Kabel : Udara</value>
          </Data>
        </ExtendedData>
        <LineString>
          <tessellate>1</tessellate>
          <coordinates>
            100.399479,-0.295125,0
            100.399331,-0.296101,0
            100.399355,-0.296828,0
            100.399463,-0.297586,0
            100.39956,-0.29793,0
            100.399674,-0.29844,0
            100.399768,-0.298896,0
            100.399948,-0.299309,0
            100.400639,-0.300001,0
            100.400862,-0.301483,0
            100.401142,-0.302032,0
            100.402352,-0.303788,0
            100.403795,-0.306252,0
            100.405361,-0.309397,0
            100.404965,-0.309842,0
            100.403994,-0.310264,0
            100.403267,-0.310643,0
            100.402834,-0.310845,0
            100.402371,-0.311127,0
            100.402332,-0.311223,0
          </coordinates>
        </LineString>
      </Placemark>
      <Placemark>
        <name/>
        <description><![CDATA[nama: 12 Core Bonjo Alam<br>deskripsi: Jumlah Core : 12 Core<br>Jumlah Core Terpakai : 8 Core<br>Klasifikasi Kabel : Distribusi<br>Letak Kabel : Udara]]></description>
        <styleUrl>#line-000000-1200</styleUrl>
        <ExtendedData>
          <Data name="nama">
            <value>12 Core Bonjo Alam</value>
          </Data>
          <Data name="deskripsi">
            <value>Jumlah Core : 12 Core
Jumlah Core Terpakai : 8 Core
Klasifikasi Kabel : Distribusi
Letak Kabel : Udara</value>
          </Data>
        </ExtendedData>
        <LineString>
          <tessellate>1</tessellate>
          <coordinates>
            100.411044,-0.303149,0
            100.409031,-0.303646,0
            100.407438,-0.304221,0
            100.406181,-0.304904,0
            100.403837,-0.306248,0
          </coordinates>
        </LineString>
      </Placemark>
      <Placemark>
        <name/>
        <description><![CDATA[nama: 12 Core Bonjo Alam - Pasia<br>deskripsi: Jumlah Core : 13 Core<br>Jumlah Core Terpakai : 4 Core<br>Klasifikasi Kabel : Distribusi<br>Letak Kabel : Udara]]></description>
        <styleUrl>#line-000000-1200</styleUrl>
        <ExtendedData>
          <Data name="nama">
            <value>12 Core Bonjo Alam - Pasia</value>
          </Data>
          <Data name="deskripsi">
            <value>Jumlah Core : 13 Core
Jumlah Core Terpakai : 4 Core
Klasifikasi Kabel : Distribusi
Letak Kabel : Udara</value>
          </Data>
        </ExtendedData>
        <LineString>
          <tessellate>1</tessellate>
          <coordinates>
            100.407479,-0.304206,0
            100.407637,-0.304694,0
            100.407836,-0.305052,0
            100.407964,-0.305516,0
            100.408103,-0.306023,0
            100.408393,-0.306061,0
            100.408705,-0.30646,0
            100.408962,-0.306731,0
            100.409253,-0.307393,0
            100.409335,-0.307817,0
          </coordinates>
        </LineString>
      </Placemark>
      <Placemark>
        <name/>
        <description><![CDATA[nama: 12 Core Pintu Angin<br>deskripsi: Jumlah Core : 12 Core<br>Jumlah Core Terpakai : 8 Core<br>Klasifikasi Kabel : Distribusi<br>Letak Kabel : Udara]]></description>
        <styleUrl>#line-000000-1200</styleUrl>
        <ExtendedData>
          <Data name="nama">
            <value>12 Core Pintu Angin</value>
          </Data>
          <Data name="deskripsi">
            <value>Jumlah Core : 12 Core
Jumlah Core Terpakai : 8 Core
Klasifikasi Kabel : Distribusi
Letak Kabel : Udara</value>
          </Data>
        </ExtendedData>
        <LineString>
          <tessellate>1</tessellate>
          <coordinates>
            100.402474,-0.294386,0
            100.40249,-0.295883,0
            100.402316,-0.297006,0
            100.402656,-0.297984,0
            100.402681,-0.298247,0
            100.402712,-0.299506,0
            100.40275,-0.299815,0
            100.403298,-0.301221,0
            100.404214,-0.302995,0
            100.405335,-0.304053,0
            100.405951,-0.30454,0
            100.406223,-0.304915,0
          </coordinates>
        </LineString>
      </Placemark>
      <Placemark>
        <name/>
        <description><![CDATA[nama: 12 Core Sungai Rotan<br>deskripsi: Jumlah Core : 12 Core<br>Jumlah Core Terpakai : 8 Core<br>Klasifikasi Kabel : Distribusi<br>Letak Kabel : Udara]]></description>
        <styleUrl>#line-000000-1200</styleUrl>
        <ExtendedData>
          <Data name="nama">
            <value>12 Core Sungai Rotan</value>
          </Data>
          <Data name="deskripsi">
            <value>Jumlah Core : 12 Core
Jumlah Core Terpakai : 8 Core
Klasifikasi Kabel : Distribusi
Letak Kabel : Udara</value>
          </Data>
        </ExtendedData>
        <LineString>
          <tessellate>1</tessellate>
          <coordinates>
            100.405234,-0.309224,0
            100.406775,-0.311434,0
            100.407222,-0.312444,0
            100.407383,-0.313217,0
            100.407724,-0.314669,0
            100.404879,-0.315176,0
            100.404227,-0.313885,0
            100.403111,-0.312264,0
            100.402333,-0.311213,0
          </coordinates>
        </LineString>
      </Placemark>
      <Placemark>
        <name/>
        <description><![CDATA[nama: 4 Core Kubu Tanjung<br>deskripsi: Jumlah Core : 4 Core<br>Jumlah Core Terpakai : 1 Core<br>Klasifikasi Kabel : Distribusi<br>Letak Kabel : Udara]]></description>
        <styleUrl>#line-000000-1200</styleUrl>
        <ExtendedData>
          <Data name="nama">
            <value>4 Core Kubu Tanjung</value>
          </Data>
          <Data name="deskripsi">
            <value>Jumlah Core : 4 Core
Jumlah Core Terpakai : 1 Core
Klasifikasi Kabel : Distribusi
Letak Kabel : Udara</value>
          </Data>
        </ExtendedData>
        <LineString>
          <tessellate>1</tessellate>
          <coordinates>
            100.401889,-0.311786,0
            100.401599,-0.311526,0
            100.402334,-0.311194,0
          </coordinates>
        </LineString>
      </Placemark>
      <Placemark>
        <name/>
        <description><![CDATA[nama: JB Anak Air<br>deskripsi: ]]></description>
        <styleUrl>#icon-1899-0288D1</styleUrl>
        <ExtendedData>
          <Data name="nama">
            <value>JB Anak Air</value>
          </Data>
          <Data name="deskripsi">
            <value/>
          </Data>
        </ExtendedData>
        <Point>
          <coordinates>
            100.377236,-0.299108,0
          </coordinates>
        </Point>
      </Placemark>
      <Placemark>
        <name/>
        <description><![CDATA[nama: 12 5500 Simp Canduang - Lasi<br>deskripsi: Jumlah Core : 12 Core<br>Jumlah Core Terpakai : 8 Core<br>Klasifikasi Kabel : Backbone dan Distribusi<br>Letak Kabel : Udara]]></description>
        <styleUrl>#line-000000-1200</styleUrl>
        <ExtendedData>
          <Data name="nama">
            <value>12 5500 Simp Canduang - Lasi</value>
          </Data>
          <Data name="deskripsi">
            <value>Jumlah Core : 12 Core
Jumlah Core Terpakai : 8 Core
Klasifikasi Kabel : Backbone dan Distribusi
Letak Kabel : Udara</value>
          </Data>
        </ExtendedData>
        <LineString>
          <tessellate>1</tessellate>
          <coordinates>
            100.458932,-0.285939,0
            100.461723,-0.293557,0
            100.462636,-0.295461,0
            100.463668,-0.297212,0
            100.465007,-0.29989,0
            100.463837,-0.300645,0
            100.460909,-0.301422,0
            100.457949,-0.302306,0
            100.455816,-0.30301,0
            100.453265,-0.303983,0
            100.45186,-0.304602,0
            100.449446,-0.305566,0
            100.448788,-0.305979,0
            100.446672,-0.30897,0
            100.446474,-0.309232,0
            100.445838,-0.309604,0
            100.44484,-0.310126,0
            100.444304,-0.311015,0
            100.442923,-0.312249,0
            100.440038,-0.314333,0
            100.438938,-0.315227,0
            100.437173,-0.31662,0
            100.436513,-0.317199,0
          </coordinates>
        </LineString>
      </Placemark>
      <Placemark>
        <name/>
        <description><![CDATA[nama: 4 Core Ladang Teleng<br>deskripsi: Jumlah Core : 4 Core<br>Jumlah Core Terpakai :  1 Core<br>Klasifikasi Kabel : Distribusi<br>Letak Kabel : Udara]]></description>
        <styleUrl>#line-000000-1200</styleUrl>
        <ExtendedData>
          <Data name="nama">
            <value>4 Core Ladang Teleng</value>
          </Data>
          <Data name="deskripsi">
            <value>Jumlah Core : 4 Core
Jumlah Core Terpakai :  1 Core
Klasifikasi Kabel : Distribusi
Letak Kabel : Udara</value>
          </Data>
        </ExtendedData>
        <LineString>
          <tessellate>1</tessellate>
          <coordinates>
            100.4323,-0.313595,0
            100.433222,-0.314759,0
            100.433572,-0.314998,0
            100.433845,-0.314437,0
            100.434607,-0.31445,0
          </coordinates>
        </LineString>
      </Placemark>
      <Placemark>
        <name/>
        <description><![CDATA[nama: 4 Core Pauh 3<br>deskripsi: Jumlah Core : 4 Core<br>Jumlah Core Terpakai : 4 Core<br>Klasifikasi Kabel : Distribusi<br>Letak Kabel : Udara]]></description>
        <styleUrl>#line-000000-1200</styleUrl>
        <ExtendedData>
          <Data name="nama">
            <value>4 Core Pauh 3</value>
          </Data>
          <Data name="deskripsi">
            <value>Jumlah Core : 4 Core
Jumlah Core Terpakai : 4 Core
Klasifikasi Kabel : Distribusi
Letak Kabel : Udara</value>
          </Data>
        </ExtendedData>
        <LineString>
          <tessellate>1</tessellate>
          <coordinates>
            100.465074,-0.299882,0
            100.464126,-0.300522,0
            100.46334,-0.303436,0
            100.463143,-0.306221,0
            100.462321,-0.306755,0
            100.462731,-0.307613,0
            100.462771,-0.308074,0
            100.463125,-0.308836,0
            100.463229,-0.30994,0
            100.463501,-0.312759,0
            100.463652,-0.314799,0
          </coordinates>
        </LineString>
      </Placemark>
      <Placemark>
        <name/>
        <description><![CDATA[nama: 4 Core Pulau Baringin<br>deskripsi: Jumlah Core : 4 Core<br>Jumlah Core Terpakai : 4 Core<br>Klasifikasi Kabel : Distribusi<br>Letak Kabel : Udara]]></description>
        <styleUrl>#line-000000-1200</styleUrl>
        <ExtendedData>
          <Data name="nama">
            <value>4 Core Pulau Baringin</value>
          </Data>
          <Data name="deskripsi">
            <value>Jumlah Core : 4 Core
Jumlah Core Terpakai : 4 Core
Klasifikasi Kabel : Distribusi
Letak Kabel : Udara</value>
          </Data>
        </ExtendedData>
        <LineString>
          <tessellate>1</tessellate>
          <coordinates>
            100.455945,-0.302948,0
            100.457397,-0.306129,0
            100.459071,-0.30969,0
            100.459273,-0.309869,0
            100.45933,-0.310153,0
            100.458938,-0.31024,0
            100.458808,-0.310527,0
            100.458563,-0.3111,0
            100.458179,-0.311417,0
            100.45669,-0.312043,0
            100.454455,-0.313295,0
            100.453704,-0.31237,0
            100.452843,-0.311169,0
            100.452272,-0.310432,0
          </coordinates>
        </LineString>
      </Placemark>
      <Placemark>
        <name/>
        <description><![CDATA[nama: 4 Core Lasi Mudo<br>deskripsi: Jumlah Core : 4 Core<br>Jumlah Core Terpakai : 3 Core<br>Klasifikasi Kabel : Distribusi<br>Letak Kabel : Udara]]></description>
        <styleUrl>#line-000000-1200</styleUrl>
        <ExtendedData>
          <Data name="nama">
            <value>4 Core Lasi Mudo</value>
          </Data>
          <Data name="deskripsi">
            <value>Jumlah Core : 4 Core
Jumlah Core Terpakai : 3 Core
Klasifikasi Kabel : Distribusi
Letak Kabel : Udara</value>
          </Data>
        </ExtendedData>
        <LineString>
          <tessellate>1</tessellate>
          <coordinates>
            100.444396,-0.310753,0
            100.444626,-0.310743,0
            100.445145,-0.31173,0
            100.445685,-0.31246,0
          </coordinates>
        </LineString>
      </Placemark>
      <Placemark>
        <name/>
        <description><![CDATA[nama: 4 Core 3 Suku<br>deskripsi: Jumlah Core : 4 Core<br>Jumlah Core Terpakai : 4 Core<br>Klasifikasi Kabel : Distribusi<br>Letak Kabel : Udara]]></description>
        <styleUrl>#line-000000-1200</styleUrl>
        <ExtendedData>
          <Data name="nama">
            <value>4 Core 3 Suku</value>
          </Data>
          <Data name="deskripsi">
            <value>Jumlah Core : 4 Core
Jumlah Core Terpakai : 4 Core
Klasifikasi Kabel : Distribusi
Letak Kabel : Udara</value>
          </Data>
        </ExtendedData>
        <LineString>
          <tessellate>1</tessellate>
          <coordinates>
            100.455934,-0.302932,0
            100.454612,-0.300212,0
            100.453012,-0.297388,0
            100.452089,-0.295393,0
            100.453837,-0.294073,0
          </coordinates>
        </LineString>
      </Placemark>
      <Placemark>
        <name/>
        <description><![CDATA[nama: 4 Core VI Kampung<br>deskripsi: Jumlah Core : 4 Core<br>Jumlah Core Terpakai : 4 Core<br>Klasifikasi Kabel : Distribusi<br>Letak Kabel : Udara]]></description>
        <styleUrl>#line-000000-1200</styleUrl>
        <ExtendedData>
          <Data name="nama">
            <value>4 Core VI Kampung</value>
          </Data>
          <Data name="deskripsi">
            <value>Jumlah Core : 4 Core
Jumlah Core Terpakai : 4 Core
Klasifikasi Kabel : Distribusi
Letak Kabel : Udara</value>
          </Data>
        </ExtendedData>
        <LineString>
          <tessellate>1</tessellate>
          <coordinates>
            100.452984,-0.297357,0
            100.451825,-0.298244,0
            100.450463,-0.29933,0
          </coordinates>
        </LineString>
      </Placemark>
      <Placemark>
        <name/>
        <description><![CDATA[nama: 4 Core Halaman Panjang<br>deskripsi: Jumlah Core : 4 Core<br>Jumlah Core Terpakai : 1 Core<br>Klasifikasi Kabel : Distribusi<br>Letak Kabel : Udara]]></description>
        <styleUrl>#line-000000-1200</styleUrl>
        <ExtendedData>
          <Data name="nama">
            <value>4 Core Halaman Panjang</value>
          </Data>
          <Data name="deskripsi">
            <value>Jumlah Core : 4 Core
Jumlah Core Terpakai : 1 Core
Klasifikasi Kabel : Distribusi
Letak Kabel : Udara</value>
          </Data>
        </ExtendedData>
        <LineString>
          <tessellate>1</tessellate>
          <coordinates>
            100.459783,-0.288289,0
            100.457426,-0.290267,0
            100.457294,-0.290352,0
          </coordinates>
        </LineString>
      </Placemark>
      <Placemark>
        <name/>
        <description><![CDATA[nama: 4 Core Simp Telkom<br>deskripsi: Jumlah Core : 4 Core<br>Jumlah Core Terpakai : 1 Core<br>Klasifikasi Kabel : Distribusi<br>Letak Kabel : Udara]]></description>
        <styleUrl>#line-000000-1200</styleUrl>
        <ExtendedData>
          <Data name="nama">
            <value>4 Core Simp Telkom</value>
          </Data>
          <Data name="deskripsi">
            <value>Jumlah Core : 4 Core
Jumlah Core Terpakai : 1 Core
Klasifikasi Kabel : Distribusi
Letak Kabel : Udara</value>
          </Data>
        </ExtendedData>
        <LineString>
          <tessellate>1</tessellate>
          <coordinates>
            100.459785,-0.288278,0
            100.459374,-0.287193,0
            100.458886,-0.287431,0
            100.458177,-0.288503,0
          </coordinates>
        </LineString>
      </Placemark>
      <Placemark>
        <name/>
        <description><![CDATA[nama: 4 Core 3 Kampung<br>deskripsi: Jumlah Core : 4 Core<br>Jumlah Core Terpakai : 1 Core<br>Klasifikasi Kabel : Distribusi<br>Letak Kabel : Udara]]></description>
        <styleUrl>#line-000000-1200</styleUrl>
        <ExtendedData>
          <Data name="nama">
            <value>4 Core 3 Kampung</value>
          </Data>
          <Data name="deskripsi">
            <value>Jumlah Core : 4 Core
Jumlah Core Terpakai : 1 Core
Klasifikasi Kabel : Distribusi
Letak Kabel : Udara</value>
          </Data>
        </ExtendedData>
        <LineString>
          <tessellate>1</tessellate>
          <coordinates>
            100.448655,-0.30609,0
            100.448802,-0.305998,0
            100.448284,-0.304634,0
            100.447829,-0.302725,0
          </coordinates>
        </LineString>
      </Placemark>
      <Placemark>
        <name/>
        <description><![CDATA[nama: 4 Coe Batu Balantai<br>deskripsi: Jumlah Core : 4 Core<br>Jumlah Core Terpakai :  1 Core<br>Klasifikasi Kabel : Distribusi<br>Letak Kabel : Udara]]></description>
        <styleUrl>#line-000000-1200</styleUrl>
        <ExtendedData>
          <Data name="nama">
            <value>4 Coe Batu Balantai</value>
          </Data>
          <Data name="deskripsi">
            <value>Jumlah Core : 4 Core
Jumlah Core Terpakai :  1 Core
Klasifikasi Kabel : Distribusi
Letak Kabel : Udara</value>
          </Data>
        </ExtendedData>
        <LineString>
          <tessellate>1</tessellate>
          <coordinates>
            100.462662,-0.295462,0
            100.462756,-0.2957,0
            100.462116,-0.296043,0
            100.46109,-0.296719,0
          </coordinates>
        </LineString>
      </Placemark>
      <Placemark>
        <name/>
        <description><![CDATA[nama: B1-ODP1<br>deskripsi: ]]></description>
        <styleUrl>#icon-1899-0288D1</styleUrl>
        <ExtendedData>
          <Data name="nama">
            <value>B1-ODP1</value>
          </Data>
          <Data name="deskripsi">
            <value/>
          </Data>
        </ExtendedData>
        <Point>
          <coordinates>
            100.463837,-0.301355,0
          </coordinates>
        </Point>
      </Placemark>
      <Placemark>
        <name/>
        <description><![CDATA[nama: B1-ODP2<br>deskripsi: ]]></description>
        <styleUrl>#icon-1899-0288D1</styleUrl>
        <ExtendedData>
          <Data name="nama">
            <value>B1-ODP2</value>
          </Data>
          <Data name="deskripsi">
            <value/>
          </Data>
        </ExtendedData>
        <Point>
          <coordinates>
            100.462314,-0.306774,0
          </coordinates>
        </Point>
      </Placemark>
      <Placemark>
        <name/>
        <description><![CDATA[nama: B1-ODP3<br>deskripsi: ]]></description>
        <styleUrl>#icon-1899-0288D1</styleUrl>
        <ExtendedData>
          <Data name="nama">
            <value>B1-ODP3</value>
          </Data>
          <Data name="deskripsi">
            <value/>
          </Data>
        </ExtendedData>
        <Point>
          <coordinates>
            100.463183,-0.310062,0
          </coordinates>
        </Point>
      </Placemark>
      <Placemark>
        <name/>
        <description><![CDATA[nama: B1-ODP4<br>deskripsi: ]]></description>
        <styleUrl>#icon-1899-0288D1</styleUrl>
        <ExtendedData>
          <Data name="nama">
            <value>B1-ODP4</value>
          </Data>
          <Data name="deskripsi">
            <value/>
          </Data>
        </ExtendedData>
        <Point>
          <coordinates>
            100.463657,-0.314839,0
          </coordinates>
        </Point>
      </Placemark>
      <Placemark>
        <name/>
        <description><![CDATA[nama: B2-ODP1<br>deskripsi: ]]></description>
        <styleUrl>#icon-1899-0288D1</styleUrl>
        <ExtendedData>
          <Data name="nama">
            <value>B2-ODP1</value>
          </Data>
          <Data name="deskripsi">
            <value/>
          </Data>
        </ExtendedData>
        <Point>
          <coordinates>
            100.465025,-0.299988,0
          </coordinates>
        </Point>
      </Placemark>
      <Placemark>
        <name/>
        <description><![CDATA[nama: B2-ODP2<br>deskripsi: ]]></description>
        <styleUrl>#icon-1899-0288D1</styleUrl>
        <ExtendedData>
          <Data name="nama">
            <value>B2-ODP2</value>
          </Data>
          <Data name="deskripsi">
            <value/>
          </Data>
        </ExtendedData>
        <Point>
          <coordinates>
            100.467383,-0.299663,0
          </coordinates>
        </Point>
      </Placemark>
      <Placemark>
        <name/>
        <description><![CDATA[nama: B2-ODP3<br>deskripsi: ]]></description>
        <styleUrl>#icon-1899-0288D1</styleUrl>
        <ExtendedData>
          <Data name="nama">
            <value>B2-ODP3</value>
          </Data>
          <Data name="deskripsi">
            <value/>
          </Data>
        </ExtendedData>
        <Point>
          <coordinates>
            100.463674,-0.297213,0
          </coordinates>
        </Point>
      </Placemark>
      <Placemark>
        <name/>
        <description><![CDATA[nama: B6-ODP0<br>deskripsi: ]]></description>
        <styleUrl>#icon-1899-0288D1</styleUrl>
        <ExtendedData>
          <Data name="nama">
            <value>B6-ODP0</value>
          </Data>
          <Data name="deskripsi">
            <value/>
          </Data>
        </ExtendedData>
        <Point>
          <coordinates>
            100.462642,-0.295456,0
          </coordinates>
        </Point>
      </Placemark>
      <Placemark>
        <name/>
        <description><![CDATA[nama: B6-ODP1<br>deskripsi: ]]></description>
        <styleUrl>#icon-1899-0288D1</styleUrl>
        <ExtendedData>
          <Data name="nama">
            <value>B6-ODP1</value>
          </Data>
          <Data name="deskripsi">
            <value/>
          </Data>
        </ExtendedData>
        <Point>
          <coordinates>
            100.461092,-0.296736,0
          </coordinates>
        </Point>
      </Placemark>
      <Placemark>
        <name/>
        <description><![CDATA[nama: B8-ODP0<br>deskripsi: ]]></description>
        <styleUrl>#icon-1899-0288D1</styleUrl>
        <ExtendedData>
          <Data name="nama">
            <value>B8-ODP0</value>
          </Data>
          <Data name="deskripsi">
            <value/>
          </Data>
        </ExtendedData>
        <Point>
          <coordinates>
            100.460248,-0.289625,0
          </coordinates>
        </Point>
      </Placemark>
      <Placemark>
        <name/>
        <description><![CDATA[nama: B8-ODP1<br>deskripsi: ]]></description>
        <styleUrl>#icon-1899-0288D1</styleUrl>
        <ExtendedData>
          <Data name="nama">
            <value>B8-ODP1</value>
          </Data>
          <Data name="deskripsi">
            <value/>
          </Data>
        </ExtendedData>
        <Point>
          <coordinates>
            100.459775,-0.288339,0
          </coordinates>
        </Point>
      </Placemark>
      <Placemark>
        <name/>
        <description><![CDATA[nama: B8-ODP2<br>deskripsi: ]]></description>
        <styleUrl>#icon-1899-0288D1</styleUrl>
        <ExtendedData>
          <Data name="nama">
            <value>B8-ODP2</value>
          </Data>
          <Data name="deskripsi">
            <value/>
          </Data>
        </ExtendedData>
        <Point>
          <coordinates>
            100.457282,-0.290354,0
          </coordinates>
        </Point>
      </Placemark>
      <Placemark>
        <name/>
        <description><![CDATA[nama: B8-ODP3<br>deskripsi: ]]></description>
        <styleUrl>#icon-1899-0288D1</styleUrl>
        <ExtendedData>
          <Data name="nama">
            <value>B8-ODP3</value>
          </Data>
          <Data name="deskripsi">
            <value/>
          </Data>
        </ExtendedData>
        <Point>
          <coordinates>
            100.458203,-0.288542,0
          </coordinates>
        </Point>
      </Placemark>
      <Placemark>
        <name/>
        <description><![CDATA[nama: D6-ODP1<br>deskripsi: ]]></description>
        <styleUrl>#icon-1899-0288D1</styleUrl>
        <ExtendedData>
          <Data name="nama">
            <value>D6-ODP1</value>
          </Data>
          <Data name="deskripsi">
            <value/>
          </Data>
        </ExtendedData>
        <Point>
          <coordinates>
            100.438425,-0.315597,0
          </coordinates>
        </Point>
      </Placemark>
      <Placemark>
        <name/>
        <description><![CDATA[nama: D6-ODP2<br>deskripsi: Core 5,6,7,8,9]]></description>
        <styleUrl>#icon-1899-0288D1</styleUrl>
        <ExtendedData>
          <Data name="nama">
            <value>D6-ODP2</value>
          </Data>
          <Data name="deskripsi">
            <value>Core 5,6,7,8,9</value>
          </Data>
        </ExtendedData>
        <Point>
          <coordinates>
            100.442878,-0.31219,0
          </coordinates>
        </Point>
      </Placemark>
      <Placemark>
        <name/>
        <description><![CDATA[nama: D6-ODP3<br>deskripsi: ]]></description>
        <styleUrl>#icon-1899-0288D1</styleUrl>
        <ExtendedData>
          <Data name="nama">
            <value>D6-ODP3</value>
          </Data>
          <Data name="deskripsi">
            <value/>
          </Data>
        </ExtendedData>
        <Point>
          <coordinates>
            100.44441,-0.310743,0
          </coordinates>
        </Point>
      </Placemark>
      <Placemark>
        <name/>
        <description><![CDATA[nama: D6-ODP4<br>deskripsi: ]]></description>
        <styleUrl>#icon-1899-0288D1</styleUrl>
        <ExtendedData>
          <Data name="nama">
            <value>D6-ODP4</value>
          </Data>
          <Data name="deskripsi">
            <value/>
          </Data>
        </ExtendedData>
        <Point>
          <coordinates>
            100.445145,-0.31177,0
          </coordinates>
        </Point>
      </Placemark>
      <Placemark>
        <name/>
        <description><![CDATA[nama: D6-ODP5<br>deskripsi: ]]></description>
        <styleUrl>#icon-1899-0288D1</styleUrl>
        <ExtendedData>
          <Data name="nama">
            <value>D6-ODP5</value>
          </Data>
          <Data name="deskripsi">
            <value/>
          </Data>
        </ExtendedData>
        <Point>
          <coordinates>
            100.445682,-0.312491,0
          </coordinates>
        </Point>
      </Placemark>
      <Placemark>
        <name/>
        <description><![CDATA[nama: D6-ODP6<br>deskripsi: ]]></description>
        <styleUrl>#icon-1899-0288D1</styleUrl>
        <ExtendedData>
          <Data name="nama">
            <value>D6-ODP6</value>
          </Data>
          <Data name="deskripsi">
            <value/>
          </Data>
        </ExtendedData>
        <Point>
          <coordinates>
            100.446667,-0.308978,0
          </coordinates>
        </Point>
      </Placemark>
      <Placemark>
        <name/>
        <description><![CDATA[nama: D6-ODP7<br>deskripsi: C3]]></description>
        <styleUrl>#icon-1899-0288D1</styleUrl>
        <ExtendedData>
          <Data name="nama">
            <value>D6-ODP7</value>
          </Data>
          <Data name="deskripsi">
            <value>C3</value>
          </Data>
        </ExtendedData>
        <Point>
          <coordinates>
            100.448618,-0.306142,0
          </coordinates>
        </Point>
      </Placemark>
      <Placemark>
        <name/>
        <description><![CDATA[nama: D6-ODP8<br>deskripsi: ]]></description>
        <styleUrl>#icon-1899-0288D1</styleUrl>
        <ExtendedData>
          <Data name="nama">
            <value>D6-ODP8</value>
          </Data>
          <Data name="deskripsi">
            <value/>
          </Data>
        </ExtendedData>
        <Point>
          <coordinates>
            100.447851,-0.302741,0
          </coordinates>
        </Point>
      </Placemark>
      <Placemark>
        <name/>
        <description><![CDATA[nama: D13-ODP8<br>deskripsi: ]]></description>
        <styleUrl>#icon-1899-0288D1</styleUrl>
        <ExtendedData>
          <Data name="nama">
            <value>D13-ODP8</value>
          </Data>
          <Data name="deskripsi">
            <value/>
          </Data>
        </ExtendedData>
        <Point>
          <coordinates>
            100.436559,-0.317102,0
          </coordinates>
        </Point>
      </Placemark>
      <Placemark>
        <name/>
        <description><![CDATA[nama: D23-ODP0<br>deskripsi: ]]></description>
        <styleUrl>#icon-1899-0288D1</styleUrl>
        <ExtendedData>
          <Data name="nama">
            <value>D23-ODP0</value>
          </Data>
          <Data name="deskripsi">
            <value/>
          </Data>
        </ExtendedData>
        <Point>
          <coordinates>
            100.456664,-0.312095,0
          </coordinates>
        </Point>
      </Placemark>
      <Placemark>
        <name/>
        <description><![CDATA[nama: D23-ODP1<br>deskripsi: ]]></description>
        <styleUrl>#icon-1899-0288D1</styleUrl>
        <ExtendedData>
          <Data name="nama">
            <value>D23-ODP1</value>
          </Data>
          <Data name="deskripsi">
            <value/>
          </Data>
        </ExtendedData>
        <Point>
          <coordinates>
            100.457529,-0.311664,0
          </coordinates>
        </Point>
      </Placemark>
      <Placemark>
        <name/>
        <description><![CDATA[nama: D23-ODP2<br>deskripsi: ]]></description>
        <styleUrl>#icon-1899-0288D1</styleUrl>
        <ExtendedData>
          <Data name="nama">
            <value>D23-ODP2</value>
          </Data>
          <Data name="deskripsi">
            <value/>
          </Data>
        </ExtendedData>
        <Point>
          <coordinates>
            100.459078,-0.309682,0
          </coordinates>
        </Point>
      </Placemark>
      <Placemark>
        <name/>
        <description><![CDATA[nama: D23-ODP3<br>deskripsi: ]]></description>
        <styleUrl>#icon-1899-0288D1</styleUrl>
        <ExtendedData>
          <Data name="nama">
            <value>D23-ODP3</value>
          </Data>
          <Data name="deskripsi">
            <value/>
          </Data>
        </ExtendedData>
        <Point>
          <coordinates>
            100.457396,-0.306129,0
          </coordinates>
        </Point>
      </Placemark>
      <Placemark>
        <name/>
        <description><![CDATA[nama: D23-ODP4<br>deskripsi: ]]></description>
        <styleUrl>#icon-1899-0288D1</styleUrl>
        <ExtendedData>
          <Data name="nama">
            <value>D23-ODP4</value>
          </Data>
          <Data name="deskripsi">
            <value/>
          </Data>
        </ExtendedData>
        <Point>
          <coordinates>
            100.454473,-0.313313,0
          </coordinates>
        </Point>
      </Placemark>
      <Placemark>
        <name/>
        <description><![CDATA[nama: D23-ODP5<br>deskripsi: ]]></description>
        <styleUrl>#icon-1899-0288D1</styleUrl>
        <ExtendedData>
          <Data name="nama">
            <value>D23-ODP5</value>
          </Data>
          <Data name="deskripsi">
            <value/>
          </Data>
        </ExtendedData>
        <Point>
          <coordinates>
            100.45231,-0.310475,0
          </coordinates>
        </Point>
      </Placemark>
      <Placemark>
        <name/>
        <description><![CDATA[nama: D24-ODP0<br>deskripsi: ]]></description>
        <styleUrl>#icon-1899-0288D1</styleUrl>
        <ExtendedData>
          <Data name="nama">
            <value>D24-ODP0</value>
          </Data>
          <Data name="deskripsi">
            <value/>
          </Data>
        </ExtendedData>
        <Point>
          <coordinates>
            100.455994,-0.303122,0
          </coordinates>
        </Point>
      </Placemark>
      <Placemark>
        <name/>
        <description><![CDATA[nama: D24-ODP1<br>deskripsi: ]]></description>
        <styleUrl>#icon-1899-0288D1</styleUrl>
        <ExtendedData>
          <Data name="nama">
            <value>D24-ODP1</value>
          </Data>
          <Data name="deskripsi">
            <value/>
          </Data>
        </ExtendedData>
        <Point>
          <coordinates>
            100.454568,-0.300222,0
          </coordinates>
        </Point>
      </Placemark>
      <Placemark>
        <name/>
        <description><![CDATA[nama: D24-ODP2<br>deskripsi: ]]></description>
        <styleUrl>#icon-1899-0288D1</styleUrl>
        <ExtendedData>
          <Data name="nama">
            <value>D24-ODP2</value>
          </Data>
          <Data name="deskripsi">
            <value/>
          </Data>
        </ExtendedData>
        <Point>
          <coordinates>
            100.453025,-0.29745,0
          </coordinates>
        </Point>
      </Placemark>
      <Placemark>
        <name/>
        <description><![CDATA[nama: D24-ODP3<br>deskripsi: ]]></description>
        <styleUrl>#icon-1899-0288D1</styleUrl>
        <ExtendedData>
          <Data name="nama">
            <value>D24-ODP3</value>
          </Data>
          <Data name="deskripsi">
            <value/>
          </Data>
        </ExtendedData>
        <Point>
          <coordinates>
            100.453761,-0.294238,0
          </coordinates>
        </Point>
      </Placemark>
      <Placemark>
        <name/>
        <description><![CDATA[nama: D24-ODP4<br>deskripsi: ]]></description>
        <styleUrl>#icon-1899-0288D1</styleUrl>
        <ExtendedData>
          <Data name="nama">
            <value>D24-ODP4</value>
          </Data>
          <Data name="deskripsi">
            <value/>
          </Data>
        </ExtendedData>
        <Point>
          <coordinates>
            100.450544,-0.299323,0
          </coordinates>
        </Point>
      </Placemark>
      <Placemark>
        <name/>
        <description><![CDATA[nama: D24-ODP5<br>deskripsi: ]]></description>
        <styleUrl>#icon-1899-0288D1</styleUrl>
        <ExtendedData>
          <Data name="nama">
            <value>D24-ODP5</value>
          </Data>
          <Data name="deskripsi">
            <value/>
          </Data>
        </ExtendedData>
        <Point>
          <coordinates>
            100.45282,-0.304188,0
          </coordinates>
        </Point>
      </Placemark>
      <Placemark>
        <name/>
        <description><![CDATA[nama: 24 1500 Simp Koto Tuo - Simp Batu Tagak<br>deskripsi: Jumlah Core : 24 Core<br>Jumlah Core Terpakai : 12 Core<br>Klasifikasi Kabel : Backbone dan Distribusi<br>Letak Kabel : Udara]]></description>
        <styleUrl>#line-000000-1200</styleUrl>
        <ExtendedData>
          <Data name="nama">
            <value>24 1500 Simp Koto Tuo - Simp Batu Tagak</value>
          </Data>
          <Data name="deskripsi">
            <value>Jumlah Core : 24 Core
Jumlah Core Terpakai : 12 Core
Klasifikasi Kabel : Backbone dan Distribusi
Letak Kabel : Udara</value>
          </Data>
        </ExtendedData>
        <LineString>
          <tessellate>1</tessellate>
          <coordinates>
            100.465018,-0.299924,0
            100.46739,-0.299633,0
            100.469113,-0.303661,0
            100.471291,-0.307839,0
            100.472156,-0.308062,0
            100.472237,-0.308245,0
          </coordinates>
        </LineString>
      </Placemark>
      <Placemark>
        <name/>
        <description><![CDATA[nama: 4 Core V Kampung<br>deskripsi: Jumlah Core : 4 Core<br>Jumlah Core Terpakai : 4 Core<br>Klasifikasi Kabel : Distribusi<br>Letak Kabel : Udara]]></description>
        <styleUrl>#line-000000-1200</styleUrl>
        <ExtendedData>
          <Data name="nama">
            <value>4 Core V Kampung</value>
          </Data>
          <Data name="deskripsi">
            <value>Jumlah Core : 4 Core
Jumlah Core Terpakai : 4 Core
Klasifikasi Kabel : Distribusi
Letak Kabel : Udara</value>
          </Data>
        </ExtendedData>
        <LineString>
          <tessellate>1</tessellate>
          <coordinates>
            100.472208,-0.308066,0
            100.472593,-0.30814,0
            100.472626,-0.307365,0
            100.472968,-0.307181,0
            100.473317,-0.306615,0
            100.473811,-0.306136,0
            100.474063,-0.305868,0
            100.474229,-0.305851,0
          </coordinates>
        </LineString>
      </Placemark>
      <Placemark>
        <name/>
        <description><![CDATA[nama: 4 Core Labuang<br>deskripsi: Jumlah Core : 4 Core<br>Jumlah Core Terpakai : 4 Core<br>Klasifikasi Kabel : Distribusi<br>Letak Kabel : Udara]]></description>
        <styleUrl>#line-000000-1200</styleUrl>
        <ExtendedData>
          <Data name="nama">
            <value>4 Core Labuang</value>
          </Data>
          <Data name="deskripsi">
            <value>Jumlah Core : 4 Core
Jumlah Core Terpakai : 4 Core
Klasifikasi Kabel : Distribusi
Letak Kabel : Udara</value>
          </Data>
        </ExtendedData>
        <LineString>
          <tessellate>1</tessellate>
          <coordinates>
            100.471448,-0.307936,0
            100.471938,-0.309595,0
            100.472411,-0.311807,0
            100.473178,-0.31524,0
            100.473555,-0.316514,0
            100.473834,-0.317971,0
          </coordinates>
        </LineString>
      </Placemark>
      <Placemark>
        <name/>
        <description><![CDATA[nama: 4 Core Labuang 1<br>deskripsi: Jumlah Core : 4 Core<br>Jumlah Core Terpakai : 4 Core<br>Klasifikasi Kabel : Distribusi<br>Letak Kabel : Udara]]></description>
        <styleUrl>#line-000000-1200</styleUrl>
        <ExtendedData>
          <Data name="nama">
            <value>4 Core Labuang 1</value>
          </Data>
          <Data name="deskripsi">
            <value>Jumlah Core : 4 Core
Jumlah Core Terpakai : 4 Core
Klasifikasi Kabel : Distribusi
Letak Kabel : Udara</value>
          </Data>
        </ExtendedData>
        <LineString>
          <tessellate>1</tessellate>
          <coordinates>
            100.473251,-0.315575,0
            100.472542,-0.315628,0
            100.472488,-0.315197,0
            100.471493,-0.314727,0
          </coordinates>
        </LineString>
      </Placemark>
      <Placemark>
        <name/>
        <description><![CDATA[nama: 4 Core Labuang 2<br>deskripsi: Jumlah Core : 4 Core<br>Jumlah Core Terpakai : 4 Core<br>Klasifikasi Kabel : Distribusi<br>Letak Kabel : Udara]]></description>
        <styleUrl>#line-000000-1200</styleUrl>
        <ExtendedData>
          <Data name="nama">
            <value>4 Core Labuang 2</value>
          </Data>
          <Data name="deskripsi">
            <value>Jumlah Core : 4 Core
Jumlah Core Terpakai : 4 Core
Klasifikasi Kabel : Distribusi
Letak Kabel : Udara</value>
          </Data>
        </ExtendedData>
        <LineString>
          <tessellate>1</tessellate>
          <coordinates>
            100.473191,-0.315187,0
            100.47351,-0.315305,0
            100.474439,-0.315831,0
            100.474871,-0.316144,0
          </coordinates>
        </LineString>
      </Placemark>
      <Placemark>
        <name/>
        <description><![CDATA[nama: 4 Core Bukik Bulek<br>deskripsi: Jumlah Core : 4 Core<br>Jumlah Core Terpakai : 1 Core<br>Klasifikasi Kabel : Distribusi<br>Letak Kabel : Udara]]></description>
        <styleUrl>#line-000000-1200</styleUrl>
        <ExtendedData>
          <Data name="nama">
            <value>4 Core Bukik Bulek</value>
          </Data>
          <Data name="deskripsi">
            <value>Jumlah Core : 4 Core
Jumlah Core Terpakai : 1 Core
Klasifikasi Kabel : Distribusi
Letak Kabel : Udara</value>
          </Data>
        </ExtendedData>
        <LineString>
          <tessellate>1</tessellate>
          <coordinates>
            100.472201,-0.3081,0
            100.472589,-0.308147,0
            100.473302,-0.308383,0
            100.473977,-0.308722,0
            100.474946,-0.30869,0
            100.476388,-0.308793,0
            100.476725,-0.308913,0
            100.477747,-0.309325,0
            100.478839,-0.309901,0
            100.47912,-0.310715,0
            100.479508,-0.311003,0
            100.479856,-0.310955,0
            100.480518,-0.311285,0
          </coordinates>
        </LineString>
      </Placemark>
      <Placemark>
        <name/>
        <description><![CDATA[nama: B9-ODP1<br>deskripsi: ]]></description>
        <styleUrl>#icon-1899-0288D1</styleUrl>
        <ExtendedData>
          <Data name="nama">
            <value>B9-ODP1</value>
          </Data>
          <Data name="deskripsi">
            <value/>
          </Data>
        </ExtendedData>
        <Point>
          <coordinates>
            100.47223,-0.308275,0
          </coordinates>
        </Point>
      </Placemark>
      <Placemark>
        <name/>
        <description><![CDATA[nama: B9-ODP2<br>deskripsi: ]]></description>
        <styleUrl>#icon-1899-0288D1</styleUrl>
        <ExtendedData>
          <Data name="nama">
            <value>B9-ODP2</value>
          </Data>
          <Data name="deskripsi">
            <value/>
          </Data>
        </ExtendedData>
        <Point>
          <coordinates>
            100.471248,-0.30783,0
          </coordinates>
        </Point>
      </Placemark>
      <Placemark>
        <name/>
        <description><![CDATA[nama: B9-ODP3<br>deskripsi: ]]></description>
        <styleUrl>#icon-1899-0288D1</styleUrl>
        <ExtendedData>
          <Data name="nama">
            <value>B9-ODP3</value>
          </Data>
          <Data name="deskripsi">
            <value/>
          </Data>
        </ExtendedData>
        <Point>
          <coordinates>
            100.470063,-0.305451,0
          </coordinates>
        </Point>
      </Placemark>
      <Placemark>
        <name/>
        <description><![CDATA[nama: B9-ODP4<br>deskripsi: ]]></description>
        <styleUrl>#icon-1899-0288D1</styleUrl>
        <ExtendedData>
          <Data name="nama">
            <value>B9-ODP4</value>
          </Data>
          <Data name="deskripsi">
            <value/>
          </Data>
        </ExtendedData>
        <Point>
          <coordinates>
            100.471703,-0.308527,0
          </coordinates>
        </Point>
      </Placemark>
      <Placemark>
        <name/>
        <description><![CDATA[nama: B9-ODP5<br>deskripsi: ]]></description>
        <styleUrl>#icon-1899-0288D1</styleUrl>
        <ExtendedData>
          <Data name="nama">
            <value>B9-ODP5</value>
          </Data>
          <Data name="deskripsi">
            <value/>
          </Data>
        </ExtendedData>
        <Point>
          <coordinates>
            100.471925,-0.309645,0
          </coordinates>
        </Point>
      </Placemark>
      <Placemark>
        <name/>
        <description><![CDATA[nama: B9-ODP6<br>deskripsi: ]]></description>
        <styleUrl>#icon-1899-0288D1</styleUrl>
        <ExtendedData>
          <Data name="nama">
            <value>B9-ODP6</value>
          </Data>
          <Data name="deskripsi">
            <value/>
          </Data>
        </ExtendedData>
        <Point>
          <coordinates>
            100.472375,-0.311626,0
          </coordinates>
        </Point>
      </Placemark>
      <Placemark>
        <name/>
        <description><![CDATA[nama: B10-ODP1<br>deskripsi: ]]></description>
        <styleUrl>#icon-1899-0288D1</styleUrl>
        <ExtendedData>
          <Data name="nama">
            <value>B10-ODP1</value>
          </Data>
          <Data name="deskripsi">
            <value/>
          </Data>
        </ExtendedData>
        <Point>
          <coordinates>
            100.472615,-0.30739,0
          </coordinates>
        </Point>
      </Placemark>
      <Placemark>
        <name/>
        <description><![CDATA[nama: B10-ODP2<br>deskripsi: ]]></description>
        <styleUrl>#icon-1899-0288D1</styleUrl>
        <ExtendedData>
          <Data name="nama">
            <value>B10-ODP2</value>
          </Data>
          <Data name="deskripsi">
            <value/>
          </Data>
        </ExtendedData>
        <Point>
          <coordinates>
            100.473008,-0.307119,0
          </coordinates>
        </Point>
      </Placemark>
      <Placemark>
        <name/>
        <description><![CDATA[nama: B10-ODP3<br>deskripsi: ]]></description>
        <styleUrl>#icon-1899-0288D1</styleUrl>
        <ExtendedData>
          <Data name="nama">
            <value>B10-ODP3</value>
          </Data>
          <Data name="deskripsi">
            <value/>
          </Data>
        </ExtendedData>
        <Point>
          <coordinates>
            100.474207,-0.305856,0
          </coordinates>
        </Point>
      </Placemark>
      <Placemark>
        <name/>
        <description><![CDATA[nama: B11-ODP1<br>deskripsi: ]]></description>
        <styleUrl>#icon-1899-0288D1</styleUrl>
        <ExtendedData>
          <Data name="nama">
            <value>B11-ODP1</value>
          </Data>
          <Data name="deskripsi">
            <value/>
          </Data>
        </ExtendedData>
        <Point>
          <coordinates>
            100.473309,-0.308364,0
          </coordinates>
        </Point>
      </Placemark>
      <Placemark>
        <name/>
        <description><![CDATA[nama: B11-ODP2<br>deskripsi: ]]></description>
        <styleUrl>#icon-1899-0288D1</styleUrl>
        <ExtendedData>
          <Data name="nama">
            <value>B11-ODP2</value>
          </Data>
          <Data name="deskripsi">
            <value/>
          </Data>
        </ExtendedData>
        <Point>
          <coordinates>
            100.476708,-0.308916,0
          </coordinates>
        </Point>
      </Placemark>
      <Placemark>
        <name/>
        <description><![CDATA[nama: B12-ODP1<br>deskripsi: ]]></description>
        <styleUrl>#icon-1899-0288D1</styleUrl>
        <ExtendedData>
          <Data name="nama">
            <value>B12-ODP1</value>
          </Data>
          <Data name="deskripsi">
            <value/>
          </Data>
        </ExtendedData>
        <Point>
          <coordinates>
            100.47317,-0.315245,0
          </coordinates>
        </Point>
      </Placemark>
      <Placemark>
        <name/>
        <description><![CDATA[nama: B12-ODP2<br>deskripsi: ]]></description>
        <styleUrl>#icon-1899-0288D1</styleUrl>
        <ExtendedData>
          <Data name="nama">
            <value>B12-ODP2</value>
          </Data>
          <Data name="deskripsi">
            <value/>
          </Data>
        </ExtendedData>
        <Point>
          <coordinates>
            100.474163,-0.31566,0
          </coordinates>
        </Point>
      </Placemark>
      <Placemark>
        <name/>
        <description><![CDATA[nama: B12-ODP3<br>deskripsi: ]]></description>
        <styleUrl>#icon-1899-0288D1</styleUrl>
        <ExtendedData>
          <Data name="nama">
            <value>B12-ODP3</value>
          </Data>
          <Data name="deskripsi">
            <value/>
          </Data>
        </ExtendedData>
        <Point>
          <coordinates>
            100.474837,-0.316185,0
          </coordinates>
        </Point>
      </Placemark>
      <Placemark>
        <name/>
        <description><![CDATA[nama: B12-ODP6<br>deskripsi: ]]></description>
        <styleUrl>#icon-1899-0288D1</styleUrl>
        <ExtendedData>
          <Data name="nama">
            <value>B12-ODP6</value>
          </Data>
          <Data name="deskripsi">
            <value/>
          </Data>
        </ExtendedData>
        <Point>
          <coordinates>
            100.473532,-0.31652,0
          </coordinates>
        </Point>
      </Placemark>
      <Placemark>
        <name/>
        <description><![CDATA[nama: B12-ODP4<br>deskripsi: ]]></description>
        <styleUrl>#icon-1899-0288D1</styleUrl>
        <ExtendedData>
          <Data name="nama">
            <value>B12-ODP4</value>
          </Data>
          <Data name="deskripsi">
            <value/>
          </Data>
        </ExtendedData>
        <Point>
          <coordinates>
            100.472552,-0.315632,0
          </coordinates>
        </Point>
      </Placemark>
      <Placemark>
        <name/>
        <description><![CDATA[nama: B12-ODP5<br>deskripsi: ]]></description>
        <styleUrl>#icon-1899-0288D1</styleUrl>
        <ExtendedData>
          <Data name="nama">
            <value>B12-ODP5</value>
          </Data>
          <Data name="deskripsi">
            <value/>
          </Data>
        </ExtendedData>
        <Point>
          <coordinates>
            100.471505,-0.31474,0
          </coordinates>
        </Point>
      </Placemark>
      <Placemark>
        <name/>
        <description><![CDATA[nama: B11-ODP3<br>deskripsi: ]]></description>
        <styleUrl>#icon-1899-0288D1</styleUrl>
        <ExtendedData>
          <Data name="nama">
            <value>B11-ODP3</value>
          </Data>
          <Data name="deskripsi">
            <value/>
          </Data>
        </ExtendedData>
        <Point>
          <coordinates>
            100.480524,-0.311294,0
          </coordinates>
        </Point>
      </Placemark>
      <Placemark>
        <name/>
        <description><![CDATA[nama: B12-ODP7<br>deskripsi: ]]></description>
        <styleUrl>#icon-1899-0288D1</styleUrl>
        <ExtendedData>
          <Data name="nama">
            <value>B12-ODP7</value>
          </Data>
          <Data name="deskripsi">
            <value/>
          </Data>
        </ExtendedData>
        <Point>
          <coordinates>
            100.47386,-0.318005,0
          </coordinates>
        </Point>
      </Placemark>
      <Placemark>
        <name/>
        <description><![CDATA[nama: 48 3700 Biaro - Simp Canduang<br>deskripsi: Jumlah Core : 48 Core<br>Jumlah Core Terpakai : 24 Core<br>Klasifikasi Kabel : Backbone dan Distribusi<br>Letak Kabel : Udara]]></description>
        <styleUrl>#line-000000-1200</styleUrl>
        <ExtendedData>
          <Data name="nama">
            <value>48 3700 Biaro - Simp Canduang</value>
          </Data>
          <Data name="deskripsi">
            <value>Jumlah Core : 48 Core
Jumlah Core Terpakai : 24 Core
Klasifikasi Kabel : Backbone dan Distribusi
Letak Kabel : Udara</value>
          </Data>
        </ExtendedData>
        <LineString>
          <tessellate>1</tessellate>
          <coordinates>
            100.430224,-0.284864,0
            100.431029,-0.284921,0
            100.431148,-0.288602,0
            100.434773,-0.288382,0
            100.436466,-0.2883,0
            100.438129,-0.287768,0
            100.441848,-0.286192,0
            100.4429,-0.285992,0
            100.445055,-0.285964,0
            100.451972,-0.285889,0
            100.455153,-0.285757,0
            100.457674,-0.285724,0
            100.458929,-0.285939,0
          </coordinates>
        </LineString>
      </Placemark>
      <Placemark>
        <name/>
        <description><![CDATA[nama: 4 Core Lundang<br>deskripsi: Jumlah Core : 4 Core<br>Jumlah Core Terpakai : 4 Core<br>Klasifikasi Kabel : Distribusi<br>Letak Kabel : Udara]]></description>
        <styleUrl>#line-000000-1200</styleUrl>
        <ExtendedData>
          <Data name="nama">
            <value>4 Core Lundang</value>
          </Data>
          <Data name="deskripsi">
            <value>Jumlah Core : 4 Core
Jumlah Core Terpakai : 4 Core
Klasifikasi Kabel : Distribusi
Letak Kabel : Udara</value>
          </Data>
        </ExtendedData>
        <LineString>
          <tessellate>1</tessellate>
          <coordinates>
            100.444505,-0.285978,0
            100.4448,-0.283692,0
            100.4451,-0.282188,0
            100.445233,-0.28181,0
            100.445711,-0.280638,0
            100.445941,-0.279526,0
            100.445802,-0.277984,0
            100.445802,-0.277289,0
            100.445699,-0.276588,0
            100.445725,-0.27602,0
            100.445753,-0.275638,0
            100.446129,-0.275617,0
            100.446472,-0.275757,0
            100.446834,-0.275713,0
            100.447455,-0.275402,0
            100.447447,-0.275169,0
            100.44749,-0.274953,0
          </coordinates>
        </LineString>
      </Placemark>
      <Placemark>
        <name/>
        <description><![CDATA[nama: 4 Core Lundang 1<br>deskripsi: Jumlah Core : 4 Core<br>Jumlah Core Terpakai : 1 Core<br>Klasifikasi Kabel : Distribusi<br>Letak Kabel : Udara]]></description>
        <styleUrl>#line-000000-1200</styleUrl>
        <ExtendedData>
          <Data name="nama">
            <value>4 Core Lundang 1</value>
          </Data>
          <Data name="deskripsi">
            <value>Jumlah Core : 4 Core
Jumlah Core Terpakai : 1 Core
Klasifikasi Kabel : Distribusi
Letak Kabel : Udara</value>
          </Data>
        </ExtendedData>
        <LineString>
          <tessellate>1</tessellate>
          <coordinates>
            100.444735,-0.284328,0
            100.445866,-0.284573,0
          </coordinates>
        </LineString>
      </Placemark>
      <Placemark>
        <name/>
        <description><![CDATA[nama: 4 Core Lundang 2<br>deskripsi: Jumlah Core : 4 Core<br>Jumlah Core Terpakai : 1 Core<br>Klasifikasi Kabel : Distribusi<br>Letak Kabel : Udara]]></description>
        <styleUrl>#line-000000-1200</styleUrl>
        <ExtendedData>
          <Data name="nama">
            <value>4 Core Lundang 2</value>
          </Data>
          <Data name="deskripsi">
            <value>Jumlah Core : 4 Core
Jumlah Core Terpakai : 1 Core
Klasifikasi Kabel : Distribusi
Letak Kabel : Udara</value>
          </Data>
        </ExtendedData>
        <LineString>
          <tessellate>1</tessellate>
          <coordinates>
            100.445207,-0.281859,0
            100.444986,-0.281817,0
            100.444302,-0.280643,0
          </coordinates>
        </LineString>
      </Placemark>
      <Placemark>
        <name/>
        <description><![CDATA[nama: 4 Core Banda Pili<br>deskripsi: Jumlah Core : 4 Core<br>Jumlah Core Terpakai : 2 Core<br>Klasifikasi Kabel : Distribusi<br>Letak Kabel : Udara]]></description>
        <styleUrl>#line-000000-1200</styleUrl>
        <ExtendedData>
          <Data name="nama">
            <value>4 Core Banda Pili</value>
          </Data>
          <Data name="deskripsi">
            <value>Jumlah Core : 4 Core
Jumlah Core Terpakai : 2 Core
Klasifikasi Kabel : Distribusi
Letak Kabel : Udara</value>
          </Data>
        </ExtendedData>
        <LineString>
          <tessellate>1</tessellate>
          <coordinates>
            100.439064,-0.287306,0
            100.439235,-0.287451,0
            100.439306,-0.287932,0
            100.439146,-0.288634,0
            100.439259,-0.288659,0
            100.439422,-0.288834,0
            100.439557,-0.289528,0
            100.43951,-0.289754,0
            100.440007,-0.289812,0
            100.440427,-0.290037,0
            100.440823,-0.290123,0
            100.441195,-0.290274,0
          </coordinates>
        </LineString>
      </Placemark>
      <Placemark>
        <name/>
        <description><![CDATA[nama: 4 Core Simp Gelanggang<br>deskripsi: Jumlah Core : 4 Core<br>Jumlah Core Terpakai : 4 Core<br>Klasifikasi Kabel : Distribusi<br>Letak Kabel : Udara]]></description>
        <styleUrl>#line-000000-1200</styleUrl>
        <ExtendedData>
          <Data name="nama">
            <value>4 Core Simp Gelanggang</value>
          </Data>
          <Data name="deskripsi">
            <value>Jumlah Core : 4 Core
Jumlah Core Terpakai : 4 Core
Klasifikasi Kabel : Distribusi
Letak Kabel : Udara</value>
          </Data>
        </ExtendedData>
        <LineString>
          <tessellate>1</tessellate>
          <coordinates>
            100.4529,-0.285857,0
            100.453441,-0.288419,0
            100.453833,-0.289447,0
            100.45267,-0.289994,0
            100.452465,-0.289092,0
          </coordinates>
        </LineString>
      </Placemark>
      <Placemark>
        <name/>
        <description><![CDATA[nama: 4 Core Simp KUD<br>deskripsi: Jumlah Core : 4 Core<br>Jumlah Core Terpakai : 4 Core<br>Klasifikasi Kabel : Distribusi<br>Letak Kabel : Udara]]></description>
        <styleUrl>#line-000000-1200</styleUrl>
        <ExtendedData>
          <Data name="nama">
            <value>4 Core Simp KUD</value>
          </Data>
          <Data name="deskripsi">
            <value>Jumlah Core : 4 Core
Jumlah Core Terpakai : 4 Core
Klasifikasi Kabel : Distribusi
Letak Kabel : Udara</value>
          </Data>
        </ExtendedData>
        <LineString>
          <tessellate>1</tessellate>
          <coordinates>
            100.454761,-0.285764,0
            100.454591,-0.28525,0
            100.45441,-0.284218,0
            100.453982,-0.282496,0
          </coordinates>
        </LineString>
      </Placemark>
      <Placemark>
        <name/>
        <description><![CDATA[nama: 4 Core Bonjo Panampung<br>deskripsi: Jumlah Core : 12 Core<br>Jumlah Core Terpakai :  10 Core<br>Klasifikasi Kabel : Distribusi<br>Letak Kabel : Udara]]></description>
        <styleUrl>#line-000000-1200</styleUrl>
        <ExtendedData>
          <Data name="nama">
            <value>4 Core Bonjo Panampung</value>
          </Data>
          <Data name="deskripsi">
            <value>Jumlah Core : 12 Core
Jumlah Core Terpakai :  10 Core
Klasifikasi Kabel : Distribusi
Letak Kabel : Udara</value>
          </Data>
        </ExtendedData>
        <LineString>
          <tessellate>1</tessellate>
          <coordinates>
            100.458921,-0.285896,0
            100.45867,-0.284687,0
            100.458325,-0.283846,0
            100.457609,-0.282922,0
            100.456511,-0.281293,0
            100.455726,-0.280022,0
            100.45531,-0.279529,0
            100.454388,-0.277836,0
            100.453504,-0.276165,0
            100.452884,-0.275592,0
            100.452306,-0.274786,0
            100.450984,-0.273458,0
            100.450344,-0.272582,0
          </coordinates>
        </LineString>
      </Placemark>
      <Placemark>
        <name/>
        <description><![CDATA[nama: 4 Core Lambah Ujuang<br>deskripsi: Jumlah Core : 4 Core<br>Jumlah Core Terpakai :  4 Core<br>Klasifikasi Kabel : Distribusi<br>Letak Kabel : Udara]]></description>
        <styleUrl>#line-000000-1200</styleUrl>
        <ExtendedData>
          <Data name="nama">
            <value>4 Core Lambah Ujuang</value>
          </Data>
          <Data name="deskripsi">
            <value>Jumlah Core : 4 Core
Jumlah Core Terpakai :  4 Core
Klasifikasi Kabel : Distribusi
Letak Kabel : Udara</value>
          </Data>
        </ExtendedData>
        <LineString>
          <tessellate>1</tessellate>
          <coordinates>
            100.435413,-0.288338,0
            100.435665,-0.287583,0
            100.43587,-0.287077,0
            100.435859,-0.286478,0
            100.4353,-0.285708,0
            100.435481,-0.285162,0
            100.435399,-0.284836,0
            100.435734,-0.283966,0
            100.43654,-0.284414,0
            100.436932,-0.283711,0
            100.43717,-0.283816,0
            100.437418,-0.283449,0
            100.437689,-0.283475,0
            100.437957,-0.28316,0
            100.438172,-0.282832,0
            100.438273,-0.282335,0
          </coordinates>
        </LineString>
      </Placemark>
      <Placemark>
        <name/>
        <description><![CDATA[nama: B13-ODP1<br>deskripsi: ]]></description>
        <styleUrl>#icon-1899-0288D1</styleUrl>
        <ExtendedData>
          <Data name="nama">
            <value>B13-ODP1</value>
          </Data>
          <Data name="deskripsi">
            <value/>
          </Data>
        </ExtendedData>
        <Point>
          <coordinates>
            100.435441,-0.288247,0
          </coordinates>
        </Point>
      </Placemark>
      <Placemark>
        <name/>
        <description><![CDATA[nama: B13-ODP2<br>deskripsi: ]]></description>
        <styleUrl>#icon-1899-0288D1</styleUrl>
        <ExtendedData>
          <Data name="nama">
            <value>B13-ODP2</value>
          </Data>
          <Data name="deskripsi">
            <value/>
          </Data>
        </ExtendedData>
        <Point>
          <coordinates>
            100.435331,-0.285717,0
          </coordinates>
        </Point>
      </Placemark>
      <Placemark>
        <name/>
        <description><![CDATA[nama: B13-ODP3<br>deskripsi: ]]></description>
        <styleUrl>#icon-1899-0288D1</styleUrl>
        <ExtendedData>
          <Data name="nama">
            <value>B13-ODP3</value>
          </Data>
          <Data name="deskripsi">
            <value/>
          </Data>
        </ExtendedData>
        <Point>
          <coordinates>
            100.436982,-0.283698,0
          </coordinates>
        </Point>
      </Placemark>
      <Placemark>
        <name/>
        <description><![CDATA[nama: B13-ODP4<br>deskripsi: ]]></description>
        <styleUrl>#icon-1899-0288D1</styleUrl>
        <ExtendedData>
          <Data name="nama">
            <value>B13-ODP4</value>
          </Data>
          <Data name="deskripsi">
            <value/>
          </Data>
        </ExtendedData>
        <Point>
          <coordinates>
            100.438257,-0.282356,0
          </coordinates>
        </Point>
      </Placemark>
      <Placemark>
        <name/>
        <description><![CDATA[nama: B14-ODP1<br>deskripsi: ]]></description>
        <styleUrl>#icon-1899-0288D1</styleUrl>
        <ExtendedData>
          <Data name="nama">
            <value>B14-ODP1</value>
          </Data>
          <Data name="deskripsi">
            <value/>
          </Data>
        </ExtendedData>
        <Point>
          <coordinates>
            100.439019,-0.287341,0
          </coordinates>
        </Point>
      </Placemark>
      <Placemark>
        <name/>
        <description><![CDATA[nama: B14-ODP2<br>deskripsi: ]]></description>
        <styleUrl>#icon-1899-0288D1</styleUrl>
        <ExtendedData>
          <Data name="nama">
            <value>B14-ODP2</value>
          </Data>
          <Data name="deskripsi">
            <value/>
          </Data>
        </ExtendedData>
        <Point>
          <coordinates>
            100.440419,-0.290054,0
          </coordinates>
        </Point>
      </Placemark>
      <Placemark>
        <name/>
        <description><![CDATA[nama: B14-ODP3<br>deskripsi: ]]></description>
        <styleUrl>#icon-1899-0288D1</styleUrl>
        <ExtendedData>
          <Data name="nama">
            <value>B14-ODP3</value>
          </Data>
          <Data name="deskripsi">
            <value/>
          </Data>
        </ExtendedData>
        <Point>
          <coordinates>
            100.441205,-0.290266,0
          </coordinates>
        </Point>
      </Placemark>
      <Placemark>
        <name/>
        <description><![CDATA[nama: B15-ODP1<br>deskripsi: ]]></description>
        <styleUrl>#icon-1899-0288D1</styleUrl>
        <ExtendedData>
          <Data name="nama">
            <value>B15-ODP1</value>
          </Data>
          <Data name="deskripsi">
            <value/>
          </Data>
        </ExtendedData>
        <Point>
          <coordinates>
            100.444431,-0.28597,0
          </coordinates>
        </Point>
      </Placemark>
      <Placemark>
        <name/>
        <description><![CDATA[nama: B15-ODP2<br>deskripsi: ]]></description>
        <styleUrl>#icon-1899-0288D1</styleUrl>
        <ExtendedData>
          <Data name="nama">
            <value>B15-ODP2</value>
          </Data>
          <Data name="deskripsi">
            <value/>
          </Data>
        </ExtendedData>
        <Point>
          <coordinates>
            100.444825,-0.283717,0
          </coordinates>
        </Point>
      </Placemark>
      <Placemark>
        <name/>
        <description><![CDATA[nama: B15-ODP3<br>deskripsi: ]]></description>
        <styleUrl>#icon-1899-0288D1</styleUrl>
        <ExtendedData>
          <Data name="nama">
            <value>B15-ODP3</value>
          </Data>
          <Data name="deskripsi">
            <value/>
          </Data>
        </ExtendedData>
        <Point>
          <coordinates>
            100.445201,-0.281889,0
          </coordinates>
        </Point>
      </Placemark>
      <Placemark>
        <name/>
        <description><![CDATA[nama: B15-ODP4<br>deskripsi: ]]></description>
        <styleUrl>#icon-1899-0288D1</styleUrl>
        <ExtendedData>
          <Data name="nama">
            <value>B15-ODP4</value>
          </Data>
          <Data name="deskripsi">
            <value/>
          </Data>
        </ExtendedData>
        <Point>
          <coordinates>
            100.445676,-0.280695,0
          </coordinates>
        </Point>
      </Placemark>
      <Placemark>
        <name/>
        <description><![CDATA[nama: B15-ODP5<br>deskripsi: ]]></description>
        <styleUrl>#icon-1899-0288D1</styleUrl>
        <ExtendedData>
          <Data name="nama">
            <value>B15-ODP5</value>
          </Data>
          <Data name="deskripsi">
            <value/>
          </Data>
        </ExtendedData>
        <Point>
          <coordinates>
            100.445935,-0.279544,0
          </coordinates>
        </Point>
      </Placemark>
      <Placemark>
        <name/>
        <description><![CDATA[nama: B15-ODP6<br>deskripsi: ]]></description>
        <styleUrl>#icon-1899-0288D1</styleUrl>
        <ExtendedData>
          <Data name="nama">
            <value>B15-ODP6</value>
          </Data>
          <Data name="deskripsi">
            <value/>
          </Data>
        </ExtendedData>
        <Point>
          <coordinates>
            100.445794,-0.277333,0
          </coordinates>
        </Point>
      </Placemark>
      <Placemark>
        <name/>
        <description><![CDATA[nama: B15-ODP7<br>deskripsi: ]]></description>
        <styleUrl>#icon-1899-0288D1</styleUrl>
        <ExtendedData>
          <Data name="nama">
            <value>B15-ODP7</value>
          </Data>
          <Data name="deskripsi">
            <value/>
          </Data>
        </ExtendedData>
        <Point>
          <coordinates>
            100.445736,-0.276025,0
          </coordinates>
        </Point>
      </Placemark>
      <Placemark>
        <name/>
        <description><![CDATA[nama: B15-ODP8<br>deskripsi: ]]></description>
        <styleUrl>#icon-1899-0288D1</styleUrl>
        <ExtendedData>
          <Data name="nama">
            <value>B15-ODP8</value>
          </Data>
          <Data name="deskripsi">
            <value/>
          </Data>
        </ExtendedData>
        <Point>
          <coordinates>
            100.447522,-0.274928,0
          </coordinates>
        </Point>
      </Placemark>
      <Placemark>
        <name/>
        <description><![CDATA[nama: B15-ODP9<br>deskripsi: ]]></description>
        <styleUrl>#icon-1899-0288D1</styleUrl>
        <ExtendedData>
          <Data name="nama">
            <value>B15-ODP9</value>
          </Data>
          <Data name="deskripsi">
            <value/>
          </Data>
        </ExtendedData>
        <Point>
          <coordinates>
            100.446226,-0.280707,0
          </coordinates>
        </Point>
      </Placemark>
      <Placemark>
        <name/>
        <description><![CDATA[nama: B15-ODP10<br>deskripsi: ]]></description>
        <styleUrl>#icon-1899-0288D1</styleUrl>
        <ExtendedData>
          <Data name="nama">
            <value>B15-ODP10</value>
          </Data>
          <Data name="deskripsi">
            <value/>
          </Data>
        </ExtendedData>
        <Point>
          <coordinates>
            100.444346,-0.280638,0
          </coordinates>
        </Point>
      </Placemark>
      <Placemark>
        <name/>
        <description><![CDATA[nama: B15-ODP11<br>deskripsi: ]]></description>
        <styleUrl>#icon-1899-0288D1</styleUrl>
        <ExtendedData>
          <Data name="nama">
            <value>B15-ODP11</value>
          </Data>
          <Data name="deskripsi">
            <value/>
          </Data>
        </ExtendedData>
        <Point>
          <coordinates>
            100.445866,-0.284576,0
          </coordinates>
        </Point>
      </Placemark>
      <Placemark>
        <name/>
        <description><![CDATA[nama: B16-ODP4<br>deskripsi: ]]></description>
        <styleUrl>#icon-1899-0288D1</styleUrl>
        <ExtendedData>
          <Data name="nama">
            <value>B16-ODP4</value>
          </Data>
          <Data name="deskripsi">
            <value/>
          </Data>
        </ExtendedData>
        <Point>
          <coordinates>
            100.442401,-0.286096,0
          </coordinates>
        </Point>
      </Placemark>
      <Placemark>
        <name/>
        <description><![CDATA[nama: B17-ODP1<br>deskripsi: ]]></description>
        <styleUrl>#icon-1899-0288D1</styleUrl>
        <ExtendedData>
          <Data name="nama">
            <value>B17-ODP1</value>
          </Data>
          <Data name="deskripsi">
            <value/>
          </Data>
        </ExtendedData>
        <Point>
          <coordinates>
            100.446959,-0.286003,0
          </coordinates>
        </Point>
      </Placemark>
      <Placemark>
        <name/>
        <description><![CDATA[nama: B17-ODP2<br>deskripsi: ]]></description>
        <styleUrl>#icon-1899-0288D1</styleUrl>
        <ExtendedData>
          <Data name="nama">
            <value>B17-ODP2</value>
          </Data>
          <Data name="deskripsi">
            <value/>
          </Data>
        </ExtendedData>
        <Point>
          <coordinates>
            100.448626,-0.285929,0
          </coordinates>
        </Point>
      </Placemark>
      <Placemark>
        <name/>
        <description><![CDATA[nama: B19-ODP1<br>deskripsi: ]]></description>
        <styleUrl>#icon-1899-0288D1</styleUrl>
        <ExtendedData>
          <Data name="nama">
            <value>B19-ODP1</value>
          </Data>
          <Data name="deskripsi">
            <value/>
          </Data>
        </ExtendedData>
        <Point>
          <coordinates>
            100.452894,-0.285851,0
          </coordinates>
        </Point>
      </Placemark>
      <Placemark>
        <name/>
        <description><![CDATA[nama: B19-ODP2<br>deskripsi: ]]></description>
        <styleUrl>#icon-1899-0288D1</styleUrl>
        <ExtendedData>
          <Data name="nama">
            <value>B19-ODP2</value>
          </Data>
          <Data name="deskripsi">
            <value/>
          </Data>
        </ExtendedData>
        <Point>
          <coordinates>
            100.453414,-0.288452,0
          </coordinates>
        </Point>
      </Placemark>
      <Placemark>
        <name/>
        <description><![CDATA[nama: B19-ODP3<br>deskripsi: ]]></description>
        <styleUrl>#icon-1899-0288D1</styleUrl>
        <ExtendedData>
          <Data name="nama">
            <value>B19-ODP3</value>
          </Data>
          <Data name="deskripsi">
            <value/>
          </Data>
        </ExtendedData>
        <Point>
          <coordinates>
            100.45268,-0.290012,0
          </coordinates>
        </Point>
      </Placemark>
      <Placemark>
        <name/>
        <description><![CDATA[nama: B19-ODP4<br>deskripsi: ]]></description>
        <styleUrl>#icon-1899-0288D1</styleUrl>
        <ExtendedData>
          <Data name="nama">
            <value>B19-ODP4</value>
          </Data>
          <Data name="deskripsi">
            <value/>
          </Data>
        </ExtendedData>
        <Point>
          <coordinates>
            100.452474,-0.28912,0
          </coordinates>
        </Point>
      </Placemark>
      <Placemark>
        <name/>
        <description><![CDATA[nama: B21-ODP0<br>deskripsi: ]]></description>
        <styleUrl>#icon-1899-0288D1</styleUrl>
        <ExtendedData>
          <Data name="nama">
            <value>B21-ODP0</value>
          </Data>
          <Data name="deskripsi">
            <value/>
          </Data>
        </ExtendedData>
        <Point>
          <coordinates>
            100.454769,-0.285809,0
          </coordinates>
        </Point>
      </Placemark>
      <Placemark>
        <name/>
        <description><![CDATA[nama: B21-ODP1<br>deskripsi: ]]></description>
        <styleUrl>#icon-1899-0288D1</styleUrl>
        <ExtendedData>
          <Data name="nama">
            <value>B21-ODP1</value>
          </Data>
          <Data name="deskripsi">
            <value/>
          </Data>
        </ExtendedData>
        <Point>
          <coordinates>
            100.454194,-0.283464,0
          </coordinates>
        </Point>
      </Placemark>
      <Placemark>
        <name/>
        <description><![CDATA[nama: B21-ODP2<br>deskripsi: ]]></description>
        <styleUrl>#icon-1899-0288D1</styleUrl>
        <ExtendedData>
          <Data name="nama">
            <value>B21-ODP2</value>
          </Data>
          <Data name="deskripsi">
            <value/>
          </Data>
        </ExtendedData>
        <Point>
          <coordinates>
            100.453979,-0.282506,0
          </coordinates>
        </Point>
      </Placemark>
      <Placemark>
        <name/>
        <description><![CDATA[nama: B21-ODP3<br>deskripsi: ]]></description>
        <styleUrl>#icon-1899-0288D1</styleUrl>
        <ExtendedData>
          <Data name="nama">
            <value>B21-ODP3</value>
          </Data>
          <Data name="deskripsi">
            <value/>
          </Data>
        </ExtendedData>
        <Point>
          <coordinates>
            100.456336,-0.28572,0
          </coordinates>
        </Point>
      </Placemark>
      <Placemark>
        <name/>
        <description><![CDATA[nama: B23-ODP0<br>deskripsi: ]]></description>
        <styleUrl>#icon-1899-0288D1</styleUrl>
        <ExtendedData>
          <Data name="nama">
            <value>B23-ODP0</value>
          </Data>
          <Data name="deskripsi">
            <value/>
          </Data>
        </ExtendedData>
        <Point>
          <coordinates>
            100.458905,-0.2859,0
          </coordinates>
        </Point>
      </Placemark>
      <Placemark>
        <name/>
        <description><![CDATA[nama: B23-ODP1<br>deskripsi: ]]></description>
        <styleUrl>#icon-1899-0288D1</styleUrl>
        <ExtendedData>
          <Data name="nama">
            <value>B23-ODP1</value>
          </Data>
          <Data name="deskripsi">
            <value/>
          </Data>
        </ExtendedData>
        <Point>
          <coordinates>
            100.457617,-0.282931,0
          </coordinates>
        </Point>
      </Placemark>
      <Placemark>
        <name/>
        <description><![CDATA[nama: B23-ODP2<br>deskripsi: ]]></description>
        <styleUrl>#icon-1899-0288D1</styleUrl>
        <ExtendedData>
          <Data name="nama">
            <value>B23-ODP2</value>
          </Data>
          <Data name="deskripsi">
            <value/>
          </Data>
        </ExtendedData>
        <Point>
          <coordinates>
            100.45653,-0.281308,0
          </coordinates>
        </Point>
      </Placemark>
      <Placemark>
        <name/>
        <description><![CDATA[nama: B24-ODP8<br>deskripsi: ]]></description>
        <styleUrl>#icon-1899-0288D1</styleUrl>
        <ExtendedData>
          <Data name="nama">
            <value>B24-ODP8</value>
          </Data>
          <Data name="deskripsi">
            <value/>
          </Data>
        </ExtendedData>
        <Point>
          <coordinates>
            100.450251,-0.272579,0
          </coordinates>
        </Point>
      </Placemark>
      <Placemark>
        <name/>
        <description><![CDATA[nama: B24-ODP7<br>deskripsi: ]]></description>
        <styleUrl>#icon-1899-0288D1</styleUrl>
        <ExtendedData>
          <Data name="nama">
            <value>B24-ODP7</value>
          </Data>
          <Data name="deskripsi">
            <value/>
          </Data>
        </ExtendedData>
        <Point>
          <coordinates>
            100.451066,-0.2736,0
          </coordinates>
        </Point>
      </Placemark>
      <Placemark>
        <name/>
        <description><![CDATA[nama: B24-ODP6<br>deskripsi: ]]></description>
        <styleUrl>#icon-1899-0288D1</styleUrl>
        <ExtendedData>
          <Data name="nama">
            <value>B24-ODP6</value>
          </Data>
          <Data name="deskripsi">
            <value/>
          </Data>
        </ExtendedData>
        <Point>
          <coordinates>
            100.451942,-0.274533,0
          </coordinates>
        </Point>
      </Placemark>
      <Placemark>
        <name/>
        <description><![CDATA[nama: B24-ODP5<br>deskripsi: ]]></description>
        <styleUrl>#icon-1899-0288D1</styleUrl>
        <ExtendedData>
          <Data name="nama">
            <value>B24-ODP5</value>
          </Data>
          <Data name="deskripsi">
            <value/>
          </Data>
        </ExtendedData>
        <Point>
          <coordinates>
            100.45316,-0.275953,0
          </coordinates>
        </Point>
      </Placemark>
      <Placemark>
        <name/>
        <description><![CDATA[nama: B24-ODP4<br>deskripsi: ]]></description>
        <styleUrl>#icon-1899-0288D1</styleUrl>
        <ExtendedData>
          <Data name="nama">
            <value>B24-ODP4</value>
          </Data>
          <Data name="deskripsi">
            <value/>
          </Data>
        </ExtendedData>
        <Point>
          <coordinates>
            100.453973,-0.277068,0
          </coordinates>
        </Point>
      </Placemark>
      <Placemark>
        <name/>
        <description><![CDATA[nama: B24-ODP3<br>deskripsi: ]]></description>
        <styleUrl>#icon-1899-0288D1</styleUrl>
        <ExtendedData>
          <Data name="nama">
            <value>B24-ODP3</value>
          </Data>
          <Data name="deskripsi">
            <value/>
          </Data>
        </ExtendedData>
        <Point>
          <coordinates>
            100.454996,-0.279054,0
          </coordinates>
        </Point>
      </Placemark>
      <Placemark>
        <name/>
        <description><![CDATA[nama: B24-ODP1<br>deskripsi: ]]></description>
        <styleUrl>#icon-1899-0288D1</styleUrl>
        <ExtendedData>
          <Data name="nama">
            <value>B24-ODP1</value>
          </Data>
          <Data name="deskripsi">
            <value/>
          </Data>
        </ExtendedData>
        <Point>
          <coordinates>
            100.457102,-0.282159,0
          </coordinates>
        </Point>
      </Placemark>
      <Placemark>
        <name/>
        <description><![CDATA[nama: B24-ODP2<br>deskripsi: ]]></description>
        <styleUrl>#icon-1899-0288D1</styleUrl>
        <ExtendedData>
          <Data name="nama">
            <value>B24-ODP2</value>
          </Data>
          <Data name="deskripsi">
            <value/>
          </Data>
        </ExtendedData>
        <Point>
          <coordinates>
            100.456017,-0.280437,0
          </coordinates>
        </Point>
      </Placemark>
      <Placemark>
        <name/>
        <description><![CDATA[nama: Untitled Placemark<br>deskripsi: ]]></description>
        <styleUrl>#icon-1899-0288D1</styleUrl>
        <ExtendedData>
          <Data name="nama">
            <value>Untitled Placemark</value>
          </Data>
          <Data name="deskripsi">
            <value/>
          </Data>
        </ExtendedData>
        <Point>
          <coordinates>
            100.458415,-0.284107,0
          </coordinates>
        </Point>
      </Placemark>
      <Placemark>
        <name/>
        <description><![CDATA[nama: Untitled Placemark<br>deskripsi: ]]></description>
        <styleUrl>#icon-1899-0288D1</styleUrl>
        <ExtendedData>
          <Data name="nama">
            <value>Untitled Placemark</value>
          </Data>
          <Data name="deskripsi">
            <value/>
          </Data>
        </ExtendedData>
        <Point>
          <coordinates>
            100.460499,-0.286028,0
          </coordinates>
        </Point>
      </Placemark>
      <Placemark>
        <name/>
        <description><![CDATA[nama: Path Measure<br>deskripsi: ]]></description>
        <styleUrl>#line-000000-1200</styleUrl>
        <ExtendedData>
          <Data name="nama">
            <value>Path Measure</value>
          </Data>
          <Data name="deskripsi">
            <value/>
          </Data>
        </ExtendedData>
        <LineString>
          <tessellate>1</tessellate>
          <coordinates>
            100.458923,-0.28593,0
            100.460506,-0.286027,0
          </coordinates>
        </LineString>
      </Placemark>
      <Placemark>
        <name/>
        <description><![CDATA[nama: Untitled Placemark<br>deskripsi: ]]></description>
        <styleUrl>#icon-1899-0288D1</styleUrl>
        <ExtendedData>
          <Data name="nama">
            <value>Untitled Placemark</value>
          </Data>
          <Data name="deskripsi">
            <value/>
          </Data>
        </ExtendedData>
        <Point>
          <coordinates>
            100.449258,-0.272729,0
          </coordinates>
        </Point>
      </Placemark>
      <Placemark>
        <name/>
        <description><![CDATA[nama: Untitled Placemark<br>deskripsi: ]]></description>
        <styleUrl>#icon-1899-0288D1</styleUrl>
        <ExtendedData>
          <Data name="nama">
            <value>Untitled Placemark</value>
          </Data>
          <Data name="deskripsi">
            <value/>
          </Data>
        </ExtendedData>
        <Point>
          <coordinates>
            100.447845,-0.271483,0
          </coordinates>
        </Point>
      </Placemark>
      <Placemark>
        <name/>
        <description><![CDATA[nama: 12 Core Panampung<br>deskripsi: Jumlah Core : 12 Core<br>Jumlah Core Terpakai : 12 Core<br>Klasifikasi Kabel : Distribusi<br>Letak Kabel : Udara]]></description>
        <styleUrl>#line-000000-1200</styleUrl>
        <ExtendedData>
          <Data name="nama">
            <value>12 Core Panampung</value>
          </Data>
          <Data name="deskripsi">
            <value>Jumlah Core : 12 Core
Jumlah Core Terpakai : 12 Core
Klasifikasi Kabel : Distribusi
Letak Kabel : Udara</value>
          </Data>
        </ExtendedData>
        <LineString>
          <tessellate>1</tessellate>
          <coordinates>
            100.430253,-0.284801,0
            100.431038,-0.284828,0
            100.431455,-0.281246,0
            100.432221,-0.278695,0
            100.432735,-0.277073,0
            100.432756,-0.276763,0
            100.433116,-0.272921,0
            100.434189,-0.269356,0
            100.435065,-0.267791,0
            100.436,-0.265294,0
            100.436369,-0.264474,0
            100.437115,-0.26326,0
            100.437623,-0.261961,0
            100.437895,-0.261321,0
            100.438204,-0.260489,0
          </coordinates>
        </LineString>
      </Placemark>
      <Placemark>
        <name/>
        <description><![CDATA[nama: 4 Core Tangah Sawah<br>deskripsi: Jumlah Core : 4 Core<br>Jumlah Core Terpakai : 12 Core<br>Klasifikasi Kabel : Distribusi<br>Letak Kabel : Udara]]></description>
        <styleUrl>#line-000000-1200</styleUrl>
        <ExtendedData>
          <Data name="nama">
            <value>4 Core Tangah Sawah</value>
          </Data>
          <Data name="deskripsi">
            <value>Jumlah Core : 4 Core
Jumlah Core Terpakai : 12 Core
Klasifikasi Kabel : Distribusi
Letak Kabel : Udara</value>
          </Data>
        </ExtendedData>
        <LineString>
          <tessellate>1</tessellate>
          <coordinates>
            100.429377,-0.276589,0
            100.430756,-0.276901,0
            100.431682,-0.27704,0
            100.432172,-0.277559,0
            100.432564,-0.277574,0
          </coordinates>
        </LineString>
      </Placemark>
      <Placemark>
        <name/>
        <description><![CDATA[nama: 4 Core Ampang Kaluak<br>deskripsi: Jumlah Core : 4 Core<br>Jumlah Core Terpakai : 2 Core<br>Klasifikasi Kabel : Distribusi<br>Letak Kabel : Udara]]></description>
        <styleUrl>#line-000000-1200</styleUrl>
        <ExtendedData>
          <Data name="nama">
            <value>4 Core Ampang Kaluak</value>
          </Data>
          <Data name="deskripsi">
            <value>Jumlah Core : 4 Core
Jumlah Core Terpakai : 2 Core
Klasifikasi Kabel : Distribusi
Letak Kabel : Udara</value>
          </Data>
        </ExtendedData>
        <LineString>
          <tessellate>1</tessellate>
          <coordinates>
            100.432198,-0.278747,0
            100.432322,-0.278763,0
            100.433125,-0.279397,0
            100.43363,-0.280176,0
            100.434347,-0.2804,0
            100.434765,-0.280302,0
            100.435334,-0.279821,0
            100.435455,-0.279555,0
          </coordinates>
        </LineString>
      </Placemark>
      <Placemark>
        <name/>
        <description><![CDATA[nama: 4 Core Kubu Tangah Sawah<br>deskripsi: Jumlah Core : 4 Core<br>Jumlah Core Terpakai : 2 Core<br>Klasifikasi Kabel : Distribusi<br>Letak Kabel : Udara]]></description>
        <styleUrl>#line-000000-1200</styleUrl>
        <ExtendedData>
          <Data name="nama">
            <value>4 Core Kubu Tangah Sawah</value>
          </Data>
          <Data name="deskripsi">
            <value>Jumlah Core : 4 Core
Jumlah Core Terpakai : 2 Core
Klasifikasi Kabel : Distribusi
Letak Kabel : Udara</value>
          </Data>
        </ExtendedData>
        <LineString>
          <tessellate>1</tessellate>
          <coordinates>
            100.43302,-0.273815,0
            100.433129,-0.272841,0
            100.431851,-0.273386,0
            100.430205,-0.273614,0
            100.429962,-0.272488,0
          </coordinates>
        </LineString>
      </Placemark>
      <Placemark>
        <name/>
        <description><![CDATA[nama: 4 Core Surau Labuah<br>deskripsi: Jumlah Core : 4 Core<br>Jumlah Core Terpakai : 2 Core<br>Klasifikasi Kabel : Distribusi<br>Letak Kabel : Udara]]></description>
        <styleUrl>#line-000000-1200</styleUrl>
        <ExtendedData>
          <Data name="nama">
            <value>4 Core Surau Labuah</value>
          </Data>
          <Data name="deskripsi">
            <value>Jumlah Core : 4 Core
Jumlah Core Terpakai : 2 Core
Klasifikasi Kabel : Distribusi
Letak Kabel : Udara</value>
          </Data>
        </ExtendedData>
        <LineString>
          <tessellate>1</tessellate>
          <coordinates>
            100.436009,-0.265287,0
            100.435216,-0.26526,0
            100.432874,-0.265765,0
            100.431925,-0.265863,0
            100.430874,-0.265946,0
          </coordinates>
        </LineString>
      </Placemark>
      <Placemark>
        <name/>
        <description><![CDATA[nama: 4 Core Gantiang<br>deskripsi: Jumlah Core : 4 Core<br>Jumlah Core Terpakai : 2 Core<br>Klasifikasi Kabel : Distribusi<br>Letak Kabel : Udara]]></description>
        <styleUrl>#line-000000-1200</styleUrl>
        <ExtendedData>
          <Data name="nama">
            <value>4 Core Gantiang</value>
          </Data>
          <Data name="deskripsi">
            <value>Jumlah Core : 4 Core
Jumlah Core Terpakai : 2 Core
Klasifikasi Kabel : Distribusi
Letak Kabel : Udara</value>
          </Data>
        </ExtendedData>
        <LineString>
          <tessellate>1</tessellate>
          <coordinates>
            100.432755,-0.276928,0
            100.432881,-0.276774,0
            100.435461,-0.27643,0
            100.43703,-0.276082,0
            100.437154,-0.276424,0
            100.437098,-0.27688,0
            100.437417,-0.277132,0
            100.437641,-0.278008,0
          </coordinates>
        </LineString>
      </Placemark>
      <Placemark>
        <name/>
        <description><![CDATA[nama: 4 Core Gantiang 2<br>deskripsi: Jumlah Core : 4 Core<br>Jumlah Core Terpakai : 1 Core<br>Klasifikasi Kabel : Distribusi<br>Letak Kabel : Udara]]></description>
        <styleUrl>#line-000000-1200</styleUrl>
        <ExtendedData>
          <Data name="nama">
            <value>4 Core Gantiang 2</value>
          </Data>
          <Data name="deskripsi">
            <value>Jumlah Core : 4 Core
Jumlah Core Terpakai : 1 Core
Klasifikasi Kabel : Distribusi
Letak Kabel : Udara</value>
          </Data>
        </ExtendedData>
        <LineString>
          <tessellate>1</tessellate>
          <coordinates>
            100.437012,-0.276092,0
            100.436911,-0.275496,0
            100.437002,-0.275066,0
            100.436485,-0.274149,0
          </coordinates>
        </LineString>
      </Placemark>
      <Placemark>
        <name/>
        <description><![CDATA[nama: ODP-NOC<br>deskripsi: ]]></description>
        <styleUrl>#icon-1899-0288D1</styleUrl>
        <ExtendedData>
          <Data name="nama">
            <value>ODP-NOC</value>
          </Data>
          <Data name="deskripsi">
            <value/>
          </Data>
        </ExtendedData>
        <Point>
          <coordinates>
            100.430363,-0.284877,0
          </coordinates>
        </Point>
      </Placemark>
      <Placemark>
        <name/>
        <description><![CDATA[nama: E1-ODP0<br>deskripsi: ]]></description>
        <styleUrl>#icon-1899-0288D1</styleUrl>
        <ExtendedData>
          <Data name="nama">
            <value>E1-ODP0</value>
          </Data>
          <Data name="deskripsi">
            <value/>
          </Data>
        </ExtendedData>
        <Point>
          <coordinates>
            100.432863,-0.27559,0
          </coordinates>
        </Point>
      </Placemark>
      <Placemark>
        <name/>
        <description><![CDATA[nama: E1-ODP1<br>deskripsi: ]]></description>
        <styleUrl>#icon-1899-0288D1</styleUrl>
        <ExtendedData>
          <Data name="nama">
            <value>E1-ODP1</value>
          </Data>
          <Data name="deskripsi">
            <value/>
          </Data>
        </ExtendedData>
        <Point>
          <coordinates>
            100.432992,-0.273866,0
          </coordinates>
        </Point>
      </Placemark>
      <Placemark>
        <name/>
        <description><![CDATA[nama: E1-ODP2<br>deskripsi: ]]></description>
        <styleUrl>#icon-1899-0288D1</styleUrl>
        <ExtendedData>
          <Data name="nama">
            <value>E1-ODP2</value>
          </Data>
          <Data name="deskripsi">
            <value/>
          </Data>
        </ExtendedData>
        <Point>
          <coordinates>
            100.433615,-0.271126,0
          </coordinates>
        </Point>
      </Placemark>
      <Placemark>
        <name/>
        <description><![CDATA[nama: E1-ODP3<br>deskripsi: ]]></description>
        <styleUrl>#icon-1899-0288D1</styleUrl>
        <ExtendedData>
          <Data name="nama">
            <value>E1-ODP3</value>
          </Data>
          <Data name="deskripsi">
            <value/>
          </Data>
        </ExtendedData>
        <Point>
          <coordinates>
            100.432559,-0.277664,0
          </coordinates>
        </Point>
      </Placemark>
      <Placemark>
        <name/>
        <description><![CDATA[nama: E1-ODP4<br>deskripsi: ]]></description>
        <styleUrl>#icon-1899-0288D1</styleUrl>
        <ExtendedData>
          <Data name="nama">
            <value>E1-ODP4</value>
          </Data>
          <Data name="deskripsi">
            <value/>
          </Data>
        </ExtendedData>
        <Point>
          <coordinates>
            100.43419,-0.269366,0
          </coordinates>
        </Point>
      </Placemark>
      <Placemark>
        <name/>
        <description><![CDATA[nama: E1-ODP5<br>deskripsi: ]]></description>
        <styleUrl>#icon-1899-0288D1</styleUrl>
        <ExtendedData>
          <Data name="nama">
            <value>E1-ODP5</value>
          </Data>
          <Data name="deskripsi">
            <value/>
          </Data>
        </ExtendedData>
        <Point>
          <coordinates>
            100.431879,-0.279766,0
          </coordinates>
        </Point>
      </Placemark>
      <Placemark>
        <name/>
        <description><![CDATA[nama: E1-ODP6<br>deskripsi: ]]></description>
        <styleUrl>#icon-1899-0288D1</styleUrl>
        <ExtendedData>
          <Data name="nama">
            <value>E1-ODP6</value>
          </Data>
          <Data name="deskripsi">
            <value/>
          </Data>
        </ExtendedData>
        <Point>
          <coordinates>
            100.430756,-0.276889,0
          </coordinates>
        </Point>
      </Placemark>
      <Placemark>
        <name/>
        <description><![CDATA[nama: E1-ODP7<br>deskripsi: ]]></description>
        <styleUrl>#icon-1899-0288D1</styleUrl>
        <ExtendedData>
          <Data name="nama">
            <value>E1-ODP7</value>
          </Data>
          <Data name="deskripsi">
            <value/>
          </Data>
        </ExtendedData>
        <Point>
          <coordinates>
            100.429373,-0.276584,0
          </coordinates>
        </Point>
      </Placemark>
      <Placemark>
        <name/>
        <description><![CDATA[nama: E1-ODP8<br>deskripsi: ]]></description>
        <styleUrl>#icon-1899-0288D1</styleUrl>
        <ExtendedData>
          <Data name="nama">
            <value>E1-ODP8</value>
          </Data>
          <Data name="deskripsi">
            <value/>
          </Data>
        </ExtendedData>
        <Point>
          <coordinates>
            100.431789,-0.273398,0
          </coordinates>
        </Point>
      </Placemark>
      <Placemark>
        <name/>
        <description><![CDATA[nama: E1-ODP9<br>deskripsi: ]]></description>
        <styleUrl>#icon-1899-0288D1</styleUrl>
        <ExtendedData>
          <Data name="nama">
            <value>E1-ODP9</value>
          </Data>
          <Data name="deskripsi">
            <value/>
          </Data>
        </ExtendedData>
        <Point>
          <coordinates>
            100.430216,-0.273633,0
          </coordinates>
        </Point>
      </Placemark>
      <Placemark>
        <name/>
        <description><![CDATA[nama: E1-ODP10<br>deskripsi: ]]></description>
        <styleUrl>#icon-1899-0288D1</styleUrl>
        <ExtendedData>
          <Data name="nama">
            <value>E1-ODP10</value>
          </Data>
          <Data name="deskripsi">
            <value/>
          </Data>
        </ExtendedData>
        <Point>
          <coordinates>
            100.429951,-0.272477,0
          </coordinates>
        </Point>
      </Placemark>
      <Placemark>
        <name/>
        <description><![CDATA[nama: E1-ODP11<br>deskripsi: ]]></description>
        <styleUrl>#icon-1899-0288D1</styleUrl>
        <ExtendedData>
          <Data name="nama">
            <value>E1-ODP11</value>
          </Data>
          <Data name="deskripsi">
            <value/>
          </Data>
        </ExtendedData>
        <Point>
          <coordinates>
            100.435334,-0.272181,0
          </coordinates>
        </Point>
      </Placemark>
      <Placemark>
        <name/>
        <description><![CDATA[nama: E2-ODP0<br>deskripsi: ]]></description>
        <styleUrl>#icon-1899-0288D1</styleUrl>
        <ExtendedData>
          <Data name="nama">
            <value>E2-ODP0</value>
          </Data>
          <Data name="deskripsi">
            <value/>
          </Data>
        </ExtendedData>
        <Point>
          <coordinates>
            100.432768,-0.276975,0
          </coordinates>
        </Point>
      </Placemark>
      <Placemark>
        <name/>
        <description><![CDATA[nama: E2-ODP1<br>deskripsi: ]]></description>
        <styleUrl>#icon-1899-0288D1</styleUrl>
        <ExtendedData>
          <Data name="nama">
            <value>E2-ODP1</value>
          </Data>
          <Data name="deskripsi">
            <value/>
          </Data>
        </ExtendedData>
        <Point>
          <coordinates>
            100.435443,-0.276406,0
          </coordinates>
        </Point>
      </Placemark>
      <Placemark>
        <name/>
        <description><![CDATA[nama: E2-ODP2<br>deskripsi: ]]></description>
        <styleUrl>#icon-1899-0288D1</styleUrl>
        <ExtendedData>
          <Data name="nama">
            <value>E2-ODP2</value>
          </Data>
          <Data name="deskripsi">
            <value/>
          </Data>
        </ExtendedData>
        <Point>
          <coordinates>
            100.436997,-0.27611,0
          </coordinates>
        </Point>
      </Placemark>
      <Placemark>
        <name/>
        <description><![CDATA[nama: E2-ODP3<br>deskripsi: ]]></description>
        <styleUrl>#icon-1899-0288D1</styleUrl>
        <ExtendedData>
          <Data name="nama">
            <value>E2-ODP3</value>
          </Data>
          <Data name="deskripsi">
            <value/>
          </Data>
        </ExtendedData>
        <Point>
          <coordinates>
            100.437649,-0.278022,0
          </coordinates>
        </Point>
      </Placemark>
      <Placemark>
        <name/>
        <description><![CDATA[nama: E2-ODP4<br>deskripsi: ]]></description>
        <styleUrl>#icon-1899-0288D1</styleUrl>
        <ExtendedData>
          <Data name="nama">
            <value>E2-ODP4</value>
          </Data>
          <Data name="deskripsi">
            <value/>
          </Data>
        </ExtendedData>
        <Point>
          <coordinates>
            100.432201,-0.278789,0
          </coordinates>
        </Point>
      </Placemark>
      <Placemark>
        <name/>
        <description><![CDATA[nama: E2-ODP5<br>deskripsi: ]]></description>
        <styleUrl>#icon-1899-0288D1</styleUrl>
        <ExtendedData>
          <Data name="nama">
            <value>E2-ODP5</value>
          </Data>
          <Data name="deskripsi">
            <value/>
          </Data>
        </ExtendedData>
        <Point>
          <coordinates>
            100.433639,-0.28019,0
          </coordinates>
        </Point>
      </Placemark>
      <Placemark>
        <name/>
        <description><![CDATA[nama: E2-ODP6<br>deskripsi: ]]></description>
        <styleUrl>#icon-1899-0288D1</styleUrl>
        <ExtendedData>
          <Data name="nama">
            <value>E2-ODP6</value>
          </Data>
          <Data name="deskripsi">
            <value/>
          </Data>
        </ExtendedData>
        <Point>
          <coordinates>
            100.435453,-0.279571,0
          </coordinates>
        </Point>
      </Placemark>
      <Placemark>
        <name/>
        <description><![CDATA[nama: E2-ODP7<br>deskripsi: ]]></description>
        <styleUrl>#icon-1899-0288D1</styleUrl>
        <ExtendedData>
          <Data name="nama">
            <value>E2-ODP7</value>
          </Data>
          <Data name="deskripsi">
            <value/>
          </Data>
        </ExtendedData>
        <Point>
          <coordinates>
            100.436459,-0.274207,0
          </coordinates>
        </Point>
      </Placemark>
      <Placemark>
        <name/>
        <description><![CDATA[nama: E6-ODP0<br>deskripsi: ]]></description>
        <styleUrl>#icon-1899-0288D1</styleUrl>
        <ExtendedData>
          <Data name="nama">
            <value>E6-ODP0</value>
          </Data>
          <Data name="deskripsi">
            <value/>
          </Data>
        </ExtendedData>
        <Point>
          <coordinates>
            100.435809,-0.265732,0
          </coordinates>
        </Point>
      </Placemark>
      <Placemark>
        <name/>
        <description><![CDATA[nama: E6-ODP1<br>deskripsi: ]]></description>
        <styleUrl>#icon-1899-0288D1</styleUrl>
        <ExtendedData>
          <Data name="nama">
            <value>E6-ODP1</value>
          </Data>
          <Data name="deskripsi">
            <value/>
          </Data>
        </ExtendedData>
        <Point>
          <coordinates>
            100.432881,-0.265744,0
          </coordinates>
        </Point>
      </Placemark>
      <Placemark>
        <name/>
        <description><![CDATA[nama: E6-ODP2<br>deskripsi: ]]></description>
        <styleUrl>#icon-1899-0288D1</styleUrl>
        <ExtendedData>
          <Data name="nama">
            <value>E6-ODP2</value>
          </Data>
          <Data name="deskripsi">
            <value/>
          </Data>
        </ExtendedData>
        <Point>
          <coordinates>
            100.430881,-0.265935,0
          </coordinates>
        </Point>
      </Placemark>
      <Placemark>
        <name/>
        <description><![CDATA[nama: E6-ODP3<br>deskripsi: ]]></description>
        <styleUrl>#icon-1899-0288D1</styleUrl>
        <ExtendedData>
          <Data name="nama">
            <value>E6-ODP3</value>
          </Data>
          <Data name="deskripsi">
            <value/>
          </Data>
        </ExtendedData>
        <Point>
          <coordinates>
            100.437428,-0.265435,0
          </coordinates>
        </Point>
      </Placemark>
      <Placemark>
        <name/>
        <description><![CDATA[nama: E6-ODP4<br>deskripsi: ]]></description>
        <styleUrl>#icon-1899-0288D1</styleUrl>
        <ExtendedData>
          <Data name="nama">
            <value>E6-ODP4</value>
          </Data>
          <Data name="deskripsi">
            <value/>
          </Data>
        </ExtendedData>
        <Point>
          <coordinates>
            100.438579,-0.268311,0
          </coordinates>
        </Point>
      </Placemark>
      <Placemark>
        <name/>
        <description><![CDATA[nama: E7-ODP0<br>deskripsi: ]]></description>
        <styleUrl>#icon-1899-0288D1</styleUrl>
        <ExtendedData>
          <Data name="nama">
            <value>E7-ODP0</value>
          </Data>
          <Data name="deskripsi">
            <value/>
          </Data>
        </ExtendedData>
        <Point>
          <coordinates>
            100.438408,-0.259869,0
          </coordinates>
        </Point>
      </Placemark>
      <Placemark>
        <name/>
        <description><![CDATA[nama: E7-ODP1<br>deskripsi: ]]></description>
        <styleUrl>#icon-1899-0288D1</styleUrl>
        <ExtendedData>
          <Data name="nama">
            <value>E7-ODP1</value>
          </Data>
          <Data name="deskripsi">
            <value/>
          </Data>
        </ExtendedData>
        <Point>
          <coordinates>
            100.437646,-0.261993,0
          </coordinates>
        </Point>
      </Placemark>
      <Placemark>
        <name/>
        <description><![CDATA[nama: E7-ODP2<br>deskripsi: ]]></description>
        <styleUrl>#icon-1899-0288D1</styleUrl>
        <ExtendedData>
          <Data name="nama">
            <value>E7-ODP2</value>
          </Data>
          <Data name="deskripsi">
            <value/>
          </Data>
        </ExtendedData>
        <Point>
          <coordinates>
            100.438201,-0.260474,0
          </coordinates>
        </Point>
      </Placemark>
      <Placemark>
        <name/>
        <description><![CDATA[nama: E8-ODP0<br>deskripsi: ]]></description>
        <styleUrl>#icon-1899-0288D1</styleUrl>
        <ExtendedData>
          <Data name="nama">
            <value>E8-ODP0</value>
          </Data>
          <Data name="deskripsi">
            <value/>
          </Data>
        </ExtendedData>
        <Point>
          <coordinates>
            100.441716,-0.27266,0
          </coordinates>
        </Point>
      </Placemark>
      <Placemark>
        <name/>
        <description><![CDATA[nama: E8-ODP1<br>deskripsi: ]]></description>
        <styleUrl>#icon-1899-0288D1</styleUrl>
        <ExtendedData>
          <Data name="nama">
            <value>E8-ODP1</value>
          </Data>
          <Data name="deskripsi">
            <value/>
          </Data>
        </ExtendedData>
        <Point>
          <coordinates>
            100.441633,-0.274414,0
          </coordinates>
        </Point>
      </Placemark>
      <Placemark>
        <name/>
        <description><![CDATA[nama: E8-ODP2<br>deskripsi: ]]></description>
        <styleUrl>#icon-1899-0288D1</styleUrl>
        <ExtendedData>
          <Data name="nama">
            <value>E8-ODP2</value>
          </Data>
          <Data name="deskripsi">
            <value/>
          </Data>
        </ExtendedData>
        <Point>
          <coordinates>
            100.441445,-0.275447,0
          </coordinates>
        </Point>
      </Placemark>
      <Placemark>
        <name/>
        <description><![CDATA[nama: E8-ODP3<br>deskripsi: ]]></description>
        <styleUrl>#icon-1899-0288D1</styleUrl>
        <ExtendedData>
          <Data name="nama">
            <value>E8-ODP3</value>
          </Data>
          <Data name="deskripsi">
            <value/>
          </Data>
        </ExtendedData>
        <Point>
          <coordinates>
            100.440792,-0.271546,0
          </coordinates>
        </Point>
      </Placemark>
      <Placemark>
        <name/>
        <description><![CDATA[nama: E8-ODP4<br>deskripsi: ]]></description>
        <styleUrl>#icon-1899-0288D1</styleUrl>
        <ExtendedData>
          <Data name="nama">
            <value>E8-ODP4</value>
          </Data>
          <Data name="deskripsi">
            <value/>
          </Data>
        </ExtendedData>
        <Point>
          <coordinates>
            100.439005,-0.271979,0
          </coordinates>
        </Point>
      </Placemark>
      <Placemark>
        <name/>
        <description><![CDATA[nama: E9-ODP0<br>deskripsi: ]]></description>
        <styleUrl>#icon-1899-0288D1</styleUrl>
        <ExtendedData>
          <Data name="nama">
            <value>E9-ODP0</value>
          </Data>
          <Data name="deskripsi">
            <value/>
          </Data>
        </ExtendedData>
        <Point>
          <coordinates>
            100.44346,-0.267806,0
          </coordinates>
        </Point>
      </Placemark>
      <Placemark>
        <name/>
        <description><![CDATA[nama: E9-ODP1<br>deskripsi: ]]></description>
        <styleUrl>#icon-1899-0288D1</styleUrl>
        <ExtendedData>
          <Data name="nama">
            <value>E9-ODP1</value>
          </Data>
          <Data name="deskripsi">
            <value/>
          </Data>
        </ExtendedData>
        <Point>
          <coordinates>
            100.440651,-0.265222,0
          </coordinates>
        </Point>
      </Placemark>
      <Placemark>
        <name/>
        <description><![CDATA[nama: E9-ODP2<br>deskripsi: ]]></description>
        <styleUrl>#icon-1899-0288D1</styleUrl>
        <ExtendedData>
          <Data name="nama">
            <value>E9-ODP2</value>
          </Data>
          <Data name="deskripsi">
            <value/>
          </Data>
        </ExtendedData>
        <Point>
          <coordinates>
            100.445214,-0.269362,0
          </coordinates>
        </Point>
      </Placemark>
      <Placemark>
        <name/>
        <description><![CDATA[nama: E9-ODP3<br>deskripsi: ]]></description>
        <styleUrl>#icon-1899-0288D1</styleUrl>
        <ExtendedData>
          <Data name="nama">
            <value>E9-ODP3</value>
          </Data>
          <Data name="deskripsi">
            <value/>
          </Data>
        </ExtendedData>
        <Point>
          <coordinates>
            100.445384,-0.272413,0
          </coordinates>
        </Point>
      </Placemark>
      <Placemark>
        <name/>
        <description><![CDATA[nama: 4 Core Lurah 2<br>deskripsi: Jumlah Core : 4 Core<br>Jumlah Core Terpakai :  1 Core<br>Klasifikasi Kabel : Distribusi<br>Letak Kabel : Udara]]></description>
        <styleUrl>#line-000000-1200</styleUrl>
        <ExtendedData>
          <Data name="nama">
            <value>4 Core Lurah 2</value>
          </Data>
          <Data name="deskripsi">
            <value>Jumlah Core : 4 Core
Jumlah Core Terpakai :  1 Core
Klasifikasi Kabel : Distribusi
Letak Kabel : Udara</value>
          </Data>
        </ExtendedData>
        <LineString>
          <tessellate>1</tessellate>
          <coordinates>
            100.441751,-0.271707,0
            100.44079,-0.271526,0
            100.439777,-0.271787,0
            100.439022,-0.271955,0
          </coordinates>
        </LineString>
      </Placemark>
      <Placemark>
        <name/>
        <description><![CDATA[nama: 6 Core Lurah<br>deskripsi: Jumlah Core : 6 Core<br>Jumlah Core Terpakai :  4 Core<br>Klasifikasi Kabel : Distribusi<br>Letak Kabel : Udara]]></description>
        <styleUrl>#line-000000-1200</styleUrl>
        <ExtendedData>
          <Data name="nama">
            <value>6 Core Lurah</value>
          </Data>
          <Data name="deskripsi">
            <value>Jumlah Core : 6 Core
Jumlah Core Terpakai :  4 Core
Klasifikasi Kabel : Distribusi
Letak Kabel : Udara</value>
          </Data>
        </ExtendedData>
        <LineString>
          <tessellate>1</tessellate>
          <coordinates>
            100.435992,-0.265273,0
            100.436421,-0.265495,0
            100.437418,-0.265408,0
            100.438364,-0.265178,0
            100.438936,-0.264763,0
            100.439495,-0.265007,0
            100.440144,-0.26527,0
            100.440561,-0.26524,0
            100.440854,-0.265127,0
            100.441608,-0.26566,0
            100.443461,-0.267717,0
            100.443573,-0.26847,0
            100.443538,-0.269019,0
            100.443535,-0.269213,0
            100.443229,-0.2695,0
            100.44305,-0.269555,0
            100.443072,-0.269715,0
            100.443194,-0.269901,0
            100.443249,-0.270118,0
            100.442286,-0.27043,0
            100.441953,-0.271165,0
            100.441755,-0.271322,0
            100.441752,-0.271647,0
            100.441594,-0.274665,0
            100.441425,-0.275466,0
          </coordinates>
        </LineString>
      </Placemark>
      <Placemark>
        <name/>
        <description><![CDATA[nama: 4 Core Lurah 3<br>deskripsi: Jumlah Core : 4 Core<br>Jumlah Core Terpakai :  2 Core<br>Klasifikasi Kabel : Distribusi<br>Letak Kabel : Udara]]></description>
        <styleUrl>#line-000000-1200</styleUrl>
        <ExtendedData>
          <Data name="nama">
            <value>4 Core Lurah 3</value>
          </Data>
          <Data name="deskripsi">
            <value>Jumlah Core : 4 Core
Jumlah Core Terpakai :  2 Core
Klasifikasi Kabel : Distribusi
Letak Kabel : Udara</value>
          </Data>
        </ExtendedData>
        <LineString>
          <tessellate>1</tessellate>
          <coordinates>
            100.443527,-0.269165,0
            100.443983,-0.269178,0
            100.44431,-0.269425,0
            100.444685,-0.269493,0
            100.445215,-0.26935,0
            100.445446,-0.269333,0
            100.445232,-0.269833,0
            100.445149,-0.270035,0
            100.445275,-0.270311,0
            100.445329,-0.270995,0
            100.445379,-0.272392,0
          </coordinates>
        </LineString>
      </Placemark>
      <Placemark>
        <name/>
        <description><![CDATA[nama: 4 Core Surau Labuah 2<br>deskripsi: Jumlah Core : 4 Core<br>Jumlah Core Terpakai :  1 Core<br>Klasifikasi Kabel : Distribusi<br>Letak Kabel : Udara]]></description>
        <styleUrl>#line-000000-1200</styleUrl>
        <ExtendedData>
          <Data name="nama">
            <value>4 Core Surau Labuah 2</value>
          </Data>
          <Data name="deskripsi">
            <value>Jumlah Core : 4 Core
Jumlah Core Terpakai :  1 Core
Klasifikasi Kabel : Distribusi
Letak Kabel : Udara</value>
          </Data>
        </ExtendedData>
        <LineString>
          <tessellate>1</tessellate>
          <coordinates>
            100.437395,-0.265422,0
            100.437694,-0.266787,0
            100.437889,-0.26713,0
            100.437988,-0.267503,0
            100.438699,-0.268027,0
            100.438585,-0.268356,0
          </coordinates>
        </LineString>
      </Placemark>
      <Placemark>
        <name/>
        <description><![CDATA[nama: Path Measure<br>deskripsi: ]]></description>
        <styleUrl>#line-000000-1200</styleUrl>
        <ExtendedData>
          <Data name="nama">
            <value>Path Measure</value>
          </Data>
          <Data name="deskripsi">
            <value/>
          </Data>
        </ExtendedData>
        <LineString>
          <tessellate>1</tessellate>
          <coordinates>
            100.445447,-0.269337,0
            100.446262,-0.269278,0
            100.446572,-0.269517,0
            100.447188,-0.270635,0
            100.447852,-0.27147,0
            100.448766,-0.272581,0
            100.449268,-0.272713,0
          </coordinates>
        </LineString>
      </Placemark>
      <Placemark>
        <name/>
        <description><![CDATA[nama: 4 Core Surau Kabah<br>deskripsi: Jumlah Core : 4 Core<br>Jumlah Core Terpakai :  1 Core<br>Klasifikasi Kabel : Distribusi<br>Letak Kabel : Udara]]></description>
        <styleUrl>#line-000000-1200</styleUrl>
        <ExtendedData>
          <Data name="nama">
            <value>4 Core Surau Kabah</value>
          </Data>
          <Data name="deskripsi">
            <value>Jumlah Core : 4 Core
Jumlah Core Terpakai :  1 Core
Klasifikasi Kabel : Distribusi
Letak Kabel : Udara</value>
          </Data>
        </ExtendedData>
        <LineString>
          <tessellate>1</tessellate>
          <coordinates>
            100.432995,-0.273828,0
            100.433141,-0.272831,0
            100.435338,-0.272175,0
          </coordinates>
        </LineString>
      </Placemark>
      <Placemark>
        <name/>
        <description><![CDATA[nama: Path Measure<br>deskripsi: ]]></description>
        <styleUrl>#line-000000-1200</styleUrl>
        <ExtendedData>
          <Data name="nama">
            <value>Path Measure</value>
          </Data>
          <Data name="deskripsi">
            <value/>
          </Data>
        </ExtendedData>
        <LineString>
          <tessellate>1</tessellate>
          <coordinates>
            100.437193,-0.317974,0
            100.437979,-0.317864,0
            100.438527,-0.317728,0
          </coordinates>
        </LineString>
      </Placemark>
      <Placemark>
        <name/>
        <description><![CDATA[nama: Path Measure<br>deskripsi: ]]></description>
        <styleUrl>#line-000000-1200</styleUrl>
        <ExtendedData>
          <Data name="nama">
            <value>Path Measure</value>
          </Data>
          <Data name="deskripsi">
            <value/>
          </Data>
        </ExtendedData>
        <LineString>
          <tessellate>1</tessellate>
          <coordinates>
            100.458918,-0.285921,0
            100.461158,-0.286066,0
            100.463135,-0.286112,0
            100.464293,-0.286069,0
            100.465277,-0.285992,0
            100.466093,-0.28593,0
          </coordinates>
        </LineString>
      </Placemark>
      <Placemark>
        <name/>
        <description><![CDATA[nama: Path Measure<br>deskripsi: ]]></description>
        <styleUrl>#line-000000-1200</styleUrl>
        <ExtendedData>
          <Data name="nama">
            <value>Path Measure</value>
          </Data>
          <Data name="deskripsi">
            <value/>
          </Data>
        </ExtendedData>
        <LineString>
          <tessellate>1</tessellate>
          <coordinates>
            100.466099,-0.285929,0
            100.467342,-0.285812,0
            100.468388,-0.2857,0
            100.470681,-0.28552,0
            100.471775,-0.285467,0
            100.472306,-0.28544,0
            100.47309,-0.285387,0
            100.473988,-0.28533,0
            100.474581,-0.285336,0
            100.474997,-0.285395,0
            100.475803,-0.285133,0
            100.476799,-0.284595,0
            100.477411,-0.284089,0
            100.477372,-0.283951,0
            100.47812,-0.283435,0
            100.478827,-0.282863,0
            100.479198,-0.282465,0
            100.48002,-0.281566,0
            100.480797,-0.280614,0
            100.481592,-0.279464,0
            100.482455,-0.277751,0
            100.482952,-0.277009,0
            100.483118,-0.276792,0
            100.48386,-0.276059,0
            100.484751,-0.275324,0
            100.485676,-0.274522,0
            100.486471,-0.273912,0
            100.486592,-0.273892,0
            100.487488,-0.273496,0
            100.488699,-0.272989,0
            100.49016,-0.272524,0
            100.491735,-0.272117,0
            100.491766,-0.271612,0
            100.491229,-0.270953,0
          </coordinates>
        </LineString>
      </Placemark>
      <Placemark>
        <name/>
        <description><![CDATA[nama: Path Measure<br>deskripsi: ]]></description>
        <styleUrl>#line-000000-1200</styleUrl>
        <ExtendedData>
          <Data name="nama">
            <value>Path Measure</value>
          </Data>
          <Data name="deskripsi">
            <value/>
          </Data>
        </ExtendedData>
        <LineString>
          <tessellate>1</tessellate>
          <coordinates>
            100.491208,-0.270958,0
            100.49084,-0.270401,0
            100.490033,-0.269476,0
            100.488299,-0.267163,0
            100.486984,-0.264601,0
            100.486652,-0.263682,0
            100.486076,-0.263191,0
            100.48556,-0.262548,0
            100.48599,-0.261877,0
            100.486489,-0.260921,0
            100.487238,-0.260472,0
            100.488234,-0.259955,0
            100.488647,-0.258965,0
            100.488723,-0.258397,0
          </coordinates>
        </LineString>
      </Placemark>
      <Placemark>
        <name/>
        <description><![CDATA[nama: Path Measure<br>deskripsi: ]]></description>
        <styleUrl>#line-000000-1200</styleUrl>
        <ExtendedData>
          <Data name="nama">
            <value>Path Measure</value>
          </Data>
          <Data name="deskripsi">
            <value/>
          </Data>
        </ExtendedData>
        <LineString>
          <tessellate>1</tessellate>
          <coordinates>
            100.491229,-0.270936,0
            100.491753,-0.271584,0
            100.492314,-0.270103,0
            100.492501,-0.269389,0
            100.493833,-0.268003,0
            100.494932,-0.266633,0
            100.495797,-0.265404,0
            100.49678,-0.264003,0
            100.497521,-0.262613,0
            100.498733,-0.260546,0
            100.499403,-0.25965,0
            100.499514,-0.258997,0
            100.499809,-0.25839,0
            100.500065,-0.256346,0
            100.500891,-0.256371,0
            100.501369,-0.25636,0
          </coordinates>
        </LineString>
      </Placemark>
      <Placemark>
        <name/>
        <description><![CDATA[nama: Path Measure<br>deskripsi: ]]></description>
        <styleUrl>#line-000000-1200</styleUrl>
        <ExtendedData>
          <Data name="nama">
            <value>Path Measure</value>
          </Data>
          <Data name="deskripsi">
            <value/>
          </Data>
        </ExtendedData>
        <LineString>
          <tessellate>1</tessellate>
          <coordinates>
            100.463147,-0.286087,0
            100.462789,-0.285712,0
            100.462158,-0.285322,0
            100.46166,-0.285099,0
            100.461479,-0.284941,0
            100.461148,-0.284517,0
            100.460594,-0.283726,0
            100.459731,-0.282464,0
            100.458302,-0.280505,0
          </coordinates>
        </LineString>
      </Placemark>
      <Placemark>
        <name/>
        <description><![CDATA[nama: B30-ODP1<br>deskripsi: #ODP 1.1 : Input Dri Fdt Core 30<br>Kabel 48C/8T : Input Odp Core 1]]></description>
        <styleUrl>#icon-1899-0288D1</styleUrl>
        <ExtendedData>
          <Data name="nama">
            <value>B30-ODP1</value>
          </Data>
          <Data name="deskripsi">
            <value>#ODP 1.1 : Input Dri Fdt Core 30
Kabel 48C/8T : Input Odp Core 1</value>
          </Data>
        </ExtendedData>
        <Point>
          <coordinates>
            100.461846,-0.286097,0
          </coordinates>
        </Point>
      </Placemark>
      <Placemark>
        <name/>
        <description><![CDATA[nama: B30-ODP0<br>deskripsi: #FDT CORE 30 OTB BIARO : Simpang Sungai Janiah <br> Dari Simp.canduang Kabel Indosat 2024 48C/8T K.48C/8T( Core 25-29 )Arah Sungai Janiah  Kabel  Netcable Adss 2025 24C/4T K.24C/4T (Core 13-17)<br>Output Spliter 1:8 ( Core 1 untuk Odp 1.1) (Core 1-6 untuk Odp Arah Baso)]]></description>
        <styleUrl>#icon-1899-0288D1</styleUrl>
        <ExtendedData>
          <Data name="nama">
            <value>B30-ODP0</value>
          </Data>
          <Data name="deskripsi">
            <value>#FDT CORE 30 OTB BIARO : Simpang Sungai Janiah 
 Dari Simp.canduang Kabel Indosat 2024 48C/8T K.48C/8T( Core 25-29 )Arah Sungai Janiah  Kabel  Netcable Adss 2025 24C/4T K.24C/4T (Core 13-17)
Output Spliter 1:8 ( Core 1 untuk Odp 1.1) (Core 1-6 untuk Odp Arah Baso)</value>
          </Data>
        </ExtendedData>
        <Point>
          <coordinates>
            100.463129,-0.286113,0
          </coordinates>
        </Point>
      </Placemark>
      <Placemark>
        <name/>
        <description><![CDATA[nama: B30-ODP2<br>deskripsi: K48C/8T :( Stnby Core 31,32 untuk arah B.sangka)Input Odp Core 1]]></description>
        <styleUrl>#icon-1899-0288D1</styleUrl>
        <ExtendedData>
          <Data name="nama">
            <value>B30-ODP2</value>
          </Data>
          <Data name="deskripsi">
            <value>K48C/8T :( Stnby Core 31,32 untuk arah B.sangka)Input Odp Core 1</value>
          </Data>
        </ExtendedData>
        <Point>
          <coordinates>
            100.46429,-0.286075,0
          </coordinates>
        </Point>
      </Placemark>
      <Placemark>
        <name/>
        <description><![CDATA[nama: B25-ODP3<br>deskripsi: ]]></description>
        <styleUrl>#icon-1899-0288D1</styleUrl>
        <ExtendedData>
          <Data name="nama">
            <value>B25-ODP3</value>
          </Data>
          <Data name="deskripsi">
            <value/>
          </Data>
        </ExtendedData>
        <Point>
          <coordinates>
            100.461159,-0.284532,0
          </coordinates>
        </Point>
      </Placemark>
      <Placemark>
        <name/>
        <description><![CDATA[nama: B25-ODP4<br>deskripsi: ]]></description>
        <styleUrl>#icon-1899-0288D1</styleUrl>
        <ExtendedData>
          <Data name="nama">
            <value>B25-ODP4</value>
          </Data>
          <Data name="deskripsi">
            <value/>
          </Data>
        </ExtendedData>
        <Point>
          <coordinates>
            100.460604,-0.283757,0
          </coordinates>
        </Point>
      </Placemark>
      <Placemark>
        <name/>
        <description><![CDATA[nama: B25-ODP6<br>deskripsi: ]]></description>
        <styleUrl>#icon-1899-0288D1</styleUrl>
        <ExtendedData>
          <Data name="nama">
            <value>B25-ODP6</value>
          </Data>
          <Data name="deskripsi">
            <value/>
          </Data>
        </ExtendedData>
        <Point>
          <coordinates>
            100.458329,-0.280544,0
          </coordinates>
        </Point>
      </Placemark>
      <Placemark>
        <name/>
        <description><![CDATA[nama: B25-ODP5<br>deskripsi: ]]></description>
        <styleUrl>#icon-1899-0288D1</styleUrl>
        <ExtendedData>
          <Data name="nama">
            <value>B25-ODP5</value>
          </Data>
          <Data name="deskripsi">
            <value/>
          </Data>
        </ExtendedData>
        <Point>
          <coordinates>
            100.459013,-0.281533,0
          </coordinates>
        </Point>
      </Placemark>
      <Placemark>
        <name/>
        <description><![CDATA[nama: B25-ODP0<br>deskripsi: ]]></description>
        <styleUrl>#icon-1899-0288D1</styleUrl>
        <ExtendedData>
          <Data name="nama">
            <value>B25-ODP0</value>
          </Data>
          <Data name="deskripsi">
            <value/>
          </Data>
        </ExtendedData>
        <Point>
          <coordinates>
            100.459729,-0.282507,0
          </coordinates>
        </Point>
      </Placemark>
      <Placemark>
        <name/>
        <description><![CDATA[nama: B30-ODP7<br>deskripsi: Input Dri Fdt Core 30<br>Kabel 24C/4T : Input Odp Core 6]]></description>
        <styleUrl>#icon-1899-0288D1</styleUrl>
        <ExtendedData>
          <Data name="nama">
            <value>B30-ODP7</value>
          </Data>
          <Data name="deskripsi">
            <value>Input Dri Fdt Core 30
Kabel 24C/4T : Input Odp Core 6</value>
          </Data>
        </ExtendedData>
        <Point>
          <coordinates>
            100.469257,-0.285652,0
          </coordinates>
        </Point>
      </Placemark>
      <Placemark>
        <name/>
        <description><![CDATA[nama: B30-ODP6<br>deskripsi: Input Dri Fdt Core 30<br>Kabel 24C/4T : Input Odp Core 5]]></description>
        <styleUrl>#icon-1899-0288D1</styleUrl>
        <ExtendedData>
          <Data name="nama">
            <value>B30-ODP6</value>
          </Data>
          <Data name="deskripsi">
            <value>Input Dri Fdt Core 30
Kabel 24C/4T : Input Odp Core 5</value>
          </Data>
        </ExtendedData>
        <Point>
          <coordinates>
            100.468375,-0.285713,0
          </coordinates>
        </Point>
      </Placemark>
      <Placemark>
        <name/>
        <description><![CDATA[nama: B30-ODP5<br>deskripsi: Input Dri Fdt Core 30<br>Kabel 24C/4T : Input Odp Core 4]]></description>
        <styleUrl>#icon-1899-0288D1</styleUrl>
        <ExtendedData>
          <Data name="nama">
            <value>B30-ODP5</value>
          </Data>
          <Data name="deskripsi">
            <value>Input Dri Fdt Core 30
Kabel 24C/4T : Input Odp Core 4</value>
          </Data>
        </ExtendedData>
        <Point>
          <coordinates>
            100.467339,-0.285808,0
          </coordinates>
        </Point>
      </Placemark>
      <Placemark>
        <name/>
        <description><![CDATA[nama: B30-ODP4<br>deskripsi: #JB Kantor Pos Baso (Kabel Indosat 2024 48C/8T + Kabel  Netcable Adss 2025 24C/4T) (Tube1 +Tube1 sambung lurus untuk input Odp) (Tube6 +Tube2 sambung lurus)(Tube7 +Tube3 sambung lurus)(Tube8 + Tube4 sambung lurus)<br>#ODP 3 : Input Dri Fdt Core 30<br>Kabel 48C/8T : Input Odp Core 3]]></description>
        <styleUrl>#icon-1899-0288D1</styleUrl>
        <ExtendedData>
          <Data name="nama">
            <value>B30-ODP4</value>
          </Data>
          <Data name="deskripsi">
            <value>#JB Kantor Pos Baso (Kabel Indosat 2024 48C/8T + Kabel  Netcable Adss 2025 24C/4T) (Tube1 +Tube1 sambung lurus untuk input Odp) (Tube6 +Tube2 sambung lurus)(Tube7 +Tube3 sambung lurus)(Tube8 + Tube4 sambung lurus)
#ODP 3 : Input Dri Fdt Core 30
Kabel 48C/8T : Input Odp Core 3</value>
          </Data>
        </ExtendedData>
        <Point>
          <coordinates>
            100.466093,-0.28592,0
          </coordinates>
        </Point>
      </Placemark>
      <Placemark>
        <name/>
        <description><![CDATA[nama: B30-ODP3<br>deskripsi: Kabel 48C/8T : Input Odp Core 2]]></description>
        <styleUrl>#icon-1899-0288D1</styleUrl>
        <ExtendedData>
          <Data name="nama">
            <value>B30-ODP3</value>
          </Data>
          <Data name="deskripsi">
            <value>Kabel 48C/8T : Input Odp Core 2</value>
          </Data>
        </ExtendedData>
        <Point>
          <coordinates>
            100.465269,-0.285995,0
          </coordinates>
        </Point>
      </Placemark>
      <Placemark>
        <name/>
        <description><![CDATA[nama: B33-ODP4<br>deskripsi: Input Dri Fdt Core 33<br>Kabel 24C/4T : Input Odp Core 1]]></description>
        <styleUrl>#icon-1899-0288D1</styleUrl>
        <ExtendedData>
          <Data name="nama">
            <value>B33-ODP4</value>
          </Data>
          <Data name="deskripsi">
            <value>Input Dri Fdt Core 33
Kabel 24C/4T : Input Odp Core 1</value>
          </Data>
        </ExtendedData>
        <Point>
          <coordinates>
            100.475795,-0.285162,0
          </coordinates>
        </Point>
      </Placemark>
      <Placemark>
        <name/>
        <description><![CDATA[nama: B33-ODP0<br>deskripsi: Input Dri Fdt Core 33<br>Kabel 24C/4T : Input Odp Core 4]]></description>
        <styleUrl>#icon-1899-0288D1</styleUrl>
        <ExtendedData>
          <Data name="nama">
            <value>B33-ODP0</value>
          </Data>
          <Data name="deskripsi">
            <value>Input Dri Fdt Core 33
Kabel 24C/4T : Input Odp Core 4</value>
          </Data>
        </ExtendedData>
        <Point>
          <coordinates>
            100.47501,-0.285389,0
          </coordinates>
        </Point>
      </Placemark>
      <Placemark>
        <name/>
        <description><![CDATA[nama: B33-ODP3<br>deskripsi: Input Dri Fdt Core 33<br>Kabel 24C/4T : Input Odp Core 4]]></description>
        <styleUrl>#icon-1899-0288D1</styleUrl>
        <ExtendedData>
          <Data name="nama">
            <value>B33-ODP3</value>
          </Data>
          <Data name="deskripsi">
            <value>Input Dri Fdt Core 33
Kabel 24C/4T : Input Odp Core 4</value>
          </Data>
        </ExtendedData>
        <Point>
          <coordinates>
            100.473961,-0.285336,0
          </coordinates>
        </Point>
      </Placemark>
      <Placemark>
        <name/>
        <description><![CDATA[nama: B33-ODP1<br>deskripsi: Input Dri Fdt Core 33<br>Kabel 24C/4T : Input Odp Core 6]]></description>
        <styleUrl>#icon-1899-0288D1</styleUrl>
        <ExtendedData>
          <Data name="nama">
            <value>B33-ODP1</value>
          </Data>
          <Data name="deskripsi">
            <value>Input Dri Fdt Core 33
Kabel 24C/4T : Input Odp Core 6</value>
          </Data>
        </ExtendedData>
        <Point>
          <coordinates>
            100.470681,-0.285521,0
          </coordinates>
        </Point>
      </Placemark>
      <Placemark>
        <name/>
        <description><![CDATA[nama: B25-ODP1<br>deskripsi: ]]></description>
        <styleUrl>#icon-1899-0288D1</styleUrl>
        <ExtendedData>
          <Data name="nama">
            <value>B25-ODP1</value>
          </Data>
          <Data name="deskripsi">
            <value/>
          </Data>
        </ExtendedData>
        <Point>
          <coordinates>
            100.462768,-0.285741,0
          </coordinates>
        </Point>
      </Placemark>
      <Placemark>
        <name/>
        <description><![CDATA[nama: B25-ODP2<br>deskripsi: ]]></description>
        <styleUrl>#icon-1899-0288D1</styleUrl>
        <ExtendedData>
          <Data name="nama">
            <value>B25-ODP2</value>
          </Data>
          <Data name="deskripsi">
            <value/>
          </Data>
        </ExtendedData>
        <Point>
          <coordinates>
            100.461671,-0.285118,0
          </coordinates>
        </Point>
      </Placemark>
      <Placemark>
        <name/>
        <description><![CDATA[nama: B33-ODP2<br>deskripsi: Input Dri Fdt Core 33<br>Kabel 24C/4T : Input Odp Core 5]]></description>
        <styleUrl>#icon-1899-0288D1</styleUrl>
        <ExtendedData>
          <Data name="nama">
            <value>B33-ODP2</value>
          </Data>
          <Data name="deskripsi">
            <value>Input Dri Fdt Core 33
Kabel 24C/4T : Input Odp Core 5</value>
          </Data>
        </ExtendedData>
        <Point>
          <coordinates>
            100.472301,-0.285441,0
          </coordinates>
        </Point>
      </Placemark>
      <Placemark>
        <name/>
        <description><![CDATA[nama: B33-ODP5<br>deskripsi: Input Dri Fdt Core 33<br>Kabel 24C/4T : Input Odp Core 2]]></description>
        <styleUrl>#icon-1899-0288D1</styleUrl>
        <ExtendedData>
          <Data name="nama">
            <value>B33-ODP5</value>
          </Data>
          <Data name="deskripsi">
            <value>Input Dri Fdt Core 33
Kabel 24C/4T : Input Odp Core 2</value>
          </Data>
        </ExtendedData>
        <Point>
          <coordinates>
            100.476792,-0.284607,0
          </coordinates>
        </Point>
      </Placemark>
      <Placemark>
        <name/>
        <description><![CDATA[nama: B33-ODP6<br>deskripsi: Input Dri Fdt Core 33<br>Kabel 24C/4T : Input Odp Core 3]]></description>
        <styleUrl>#icon-1899-0288D1</styleUrl>
        <ExtendedData>
          <Data name="nama">
            <value>B33-ODP6</value>
          </Data>
          <Data name="deskripsi">
            <value>Input Dri Fdt Core 33
Kabel 24C/4T : Input Odp Core 3</value>
          </Data>
        </ExtendedData>
        <Point>
          <coordinates>
            100.477354,-0.28398,0
          </coordinates>
        </Point>
      </Placemark>
      <Placemark>
        <name/>
        <description><![CDATA[nama: B33-ODP7<br>deskripsi: Input Dri Fdt Core 33<br>Kabel 24C/4T : Input Odp Core 4]]></description>
        <styleUrl>#icon-1899-0288D1</styleUrl>
        <ExtendedData>
          <Data name="nama">
            <value>B33-ODP7</value>
          </Data>
          <Data name="deskripsi">
            <value>Input Dri Fdt Core 33
Kabel 24C/4T : Input Odp Core 4</value>
          </Data>
        </ExtendedData>
        <Point>
          <coordinates>
            100.478081,-0.283484,0
          </coordinates>
        </Point>
      </Placemark>
      <Placemark>
        <name/>
        <description><![CDATA[nama: B34-ODP1<br>deskripsi: Input Dri Fdt Core 34<br>Kabel 24C/4T : Input Odp Core 6]]></description>
        <styleUrl>#icon-1899-0288D1</styleUrl>
        <ExtendedData>
          <Data name="nama">
            <value>B34-ODP1</value>
          </Data>
          <Data name="deskripsi">
            <value>Input Dri Fdt Core 34
Kabel 24C/4T : Input Odp Core 6</value>
          </Data>
        </ExtendedData>
        <Point>
          <coordinates>
            100.479158,-0.282528,0
          </coordinates>
        </Point>
      </Placemark>
      <Placemark>
        <name/>
        <description><![CDATA[nama: B34-ODP3<br>deskripsi: Input Dri Fdt Core 34<br>Kabel 24C/4T : Input Odp Core 4]]></description>
        <styleUrl>#icon-1899-0288D1</styleUrl>
        <ExtendedData>
          <Data name="nama">
            <value>B34-ODP3</value>
          </Data>
          <Data name="deskripsi">
            <value>Input Dri Fdt Core 34
Kabel 24C/4T : Input Odp Core 4</value>
          </Data>
        </ExtendedData>
        <Point>
          <coordinates>
            100.480764,-0.280665,0
          </coordinates>
        </Point>
      </Placemark>
      <Placemark>
        <name/>
        <description><![CDATA[nama: B34-ODP2<br>deskripsi: Input Dri Fdt Core 34<br>Kabel 24C/4T : Input Odp Core 5]]></description>
        <styleUrl>#icon-1899-0288D1</styleUrl>
        <ExtendedData>
          <Data name="nama">
            <value>B34-ODP2</value>
          </Data>
          <Data name="deskripsi">
            <value>Input Dri Fdt Core 34
Kabel 24C/4T : Input Odp Core 5</value>
          </Data>
        </ExtendedData>
        <Point>
          <coordinates>
            100.480005,-0.28163,0
          </coordinates>
        </Point>
      </Placemark>
      <Placemark>
        <name/>
        <description><![CDATA[nama: B34-ODP4<br>deskripsi: Input Dri Fdt Core 34<br>Kabel 24C/4T : Input Odp Core 1]]></description>
        <styleUrl>#icon-1899-0288D1</styleUrl>
        <ExtendedData>
          <Data name="nama">
            <value>B34-ODP4</value>
          </Data>
          <Data name="deskripsi">
            <value>Input Dri Fdt Core 34
Kabel 24C/4T : Input Odp Core 1</value>
          </Data>
        </ExtendedData>
        <Point>
          <coordinates>
            100.482441,-0.27778,0
          </coordinates>
        </Point>
      </Placemark>
      <Placemark>
        <name/>
        <description><![CDATA[nama: B34-ODP0<br>deskripsi: ]]></description>
        <styleUrl>#icon-1899-0288D1</styleUrl>
        <ExtendedData>
          <Data name="nama">
            <value>B34-ODP0</value>
          </Data>
          <Data name="deskripsi">
            <value/>
          </Data>
        </ExtendedData>
        <Point>
          <coordinates>
            100.481579,-0.279492,0
          </coordinates>
        </Point>
      </Placemark>
      <Placemark>
        <name/>
        <description><![CDATA[nama: B34-ODP5<br>deskripsi: Input Dri Fdt Core 34<br>Kabel 24C/4T : Input Odp Core 2]]></description>
        <styleUrl>#icon-1899-0288D1</styleUrl>
        <ExtendedData>
          <Data name="nama">
            <value>B34-ODP5</value>
          </Data>
          <Data name="deskripsi">
            <value>Input Dri Fdt Core 34
Kabel 24C/4T : Input Odp Core 2</value>
          </Data>
        </ExtendedData>
        <Point>
          <coordinates>
            100.483081,-0.276842,0
          </coordinates>
        </Point>
      </Placemark>
      <Placemark>
        <name/>
        <description><![CDATA[nama: B34-ODP6<br>deskripsi: Input Dri Fdt Core 34<br>Kabel 24C/4T : Input Odp Core 3]]></description>
        <styleUrl>#icon-1899-0288D1</styleUrl>
        <ExtendedData>
          <Data name="nama">
            <value>B34-ODP6</value>
          </Data>
          <Data name="deskripsi">
            <value>Input Dri Fdt Core 34
Kabel 24C/4T : Input Odp Core 3</value>
          </Data>
        </ExtendedData>
        <Point>
          <coordinates>
            100.483855,-0.276046,0
          </coordinates>
        </Point>
      </Placemark>
      <Placemark>
        <name/>
        <description><![CDATA[nama: B34-ODP7<br>deskripsi: Input Dri Fdt Core 34<br>Kabel 24C/4T : Input Odp Core 4]]></description>
        <styleUrl>#icon-1899-0288D1</styleUrl>
        <ExtendedData>
          <Data name="nama">
            <value>B34-ODP7</value>
          </Data>
          <Data name="deskripsi">
            <value>Input Dri Fdt Core 34
Kabel 24C/4T : Input Odp Core 4</value>
          </Data>
        </ExtendedData>
        <Point>
          <coordinates>
            100.484757,-0.275374,0
          </coordinates>
        </Point>
      </Placemark>
      <Placemark>
        <name/>
        <description><![CDATA[nama: A1-BSO1<br>deskripsi: ]]></description>
        <styleUrl>#icon-1899-0288D1</styleUrl>
        <ExtendedData>
          <Data name="nama">
            <value>A1-BSO1</value>
          </Data>
          <Data name="deskripsi">
            <value/>
          </Data>
        </ExtendedData>
        <Point>
          <coordinates>
            100.485682,-0.274544,0
          </coordinates>
        </Point>
      </Placemark>
      <Placemark>
        <name/>
        <description><![CDATA[nama: A1-BSO2<br>deskripsi: ]]></description>
        <styleUrl>#icon-1899-0288D1</styleUrl>
        <ExtendedData>
          <Data name="nama">
            <value>A1-BSO2</value>
          </Data>
          <Data name="deskripsi">
            <value/>
          </Data>
        </ExtendedData>
        <Point>
          <coordinates>
            100.486599,-0.273935,0
          </coordinates>
        </Point>
      </Placemark>
      <Placemark>
        <name/>
        <description><![CDATA[nama: A1-BSO3<br>deskripsi: ]]></description>
        <styleUrl>#icon-1899-0288D1</styleUrl>
        <ExtendedData>
          <Data name="nama">
            <value>A1-BSO3</value>
          </Data>
          <Data name="deskripsi">
            <value/>
          </Data>
        </ExtendedData>
        <Point>
          <coordinates>
            100.487502,-0.273491,0
          </coordinates>
        </Point>
      </Placemark>
      <Placemark>
        <name/>
        <description><![CDATA[nama: A1-BSO4<br>deskripsi: ]]></description>
        <styleUrl>#icon-1899-0288D1</styleUrl>
        <ExtendedData>
          <Data name="nama">
            <value>A1-BSO4</value>
          </Data>
          <Data name="deskripsi">
            <value/>
          </Data>
        </ExtendedData>
        <Point>
          <coordinates>
            100.48868,-0.273018,0
          </coordinates>
        </Point>
      </Placemark>
      <Placemark>
        <name/>
        <description><![CDATA[nama: A1-BSO0<br>deskripsi: ]]></description>
        <styleUrl>#icon-1899-0288D1</styleUrl>
        <ExtendedData>
          <Data name="nama">
            <value>A1-BSO0</value>
          </Data>
          <Data name="deskripsi">
            <value/>
          </Data>
        </ExtendedData>
        <Point>
          <coordinates>
            100.491701,-0.272095,0
          </coordinates>
        </Point>
      </Placemark>
      <Placemark>
        <name/>
        <description><![CDATA[nama: A1-BSO5<br>deskripsi: ]]></description>
        <styleUrl>#icon-1899-0288D1</styleUrl>
        <ExtendedData>
          <Data name="nama">
            <value>A1-BSO5</value>
          </Data>
          <Data name="deskripsi">
            <value/>
          </Data>
        </ExtendedData>
        <Point>
          <coordinates>
            100.490171,-0.272557,0
          </coordinates>
        </Point>
      </Placemark>
      <Placemark>
        <name/>
        <description><![CDATA[nama: A1-BSO6<br>deskripsi: ]]></description>
        <styleUrl>#icon-1899-0288D1</styleUrl>
        <ExtendedData>
          <Data name="nama">
            <value>A1-BSO6</value>
          </Data>
          <Data name="deskripsi">
            <value/>
          </Data>
        </ExtendedData>
        <Point>
          <coordinates>
            100.491753,-0.271614,0
          </coordinates>
        </Point>
      </Placemark>
      <Placemark>
        <name/>
        <description><![CDATA[nama: A25-BSO0<br>deskripsi: ]]></description>
        <styleUrl>#icon-1899-0288D1</styleUrl>
        <ExtendedData>
          <Data name="nama">
            <value>A25-BSO0</value>
          </Data>
          <Data name="deskripsi">
            <value/>
          </Data>
        </ExtendedData>
        <Point>
          <coordinates>
            100.49122,-0.270955,0
          </coordinates>
        </Point>
      </Placemark>
      <Placemark>
        <name/>
        <description><![CDATA[nama: A25-BSO1<br>deskripsi: ]]></description>
        <styleUrl>#icon-1899-0288D1</styleUrl>
        <ExtendedData>
          <Data name="nama">
            <value>A25-BSO1</value>
          </Data>
          <Data name="deskripsi">
            <value/>
          </Data>
        </ExtendedData>
        <Point>
          <coordinates>
            100.490853,-0.270417,0
          </coordinates>
        </Point>
      </Placemark>
      <Placemark>
        <name/>
        <description><![CDATA[nama: A25-BSO2<br>deskripsi: ]]></description>
        <styleUrl>#icon-1899-0288D1</styleUrl>
        <ExtendedData>
          <Data name="nama">
            <value>A25-BSO2</value>
          </Data>
          <Data name="deskripsi">
            <value/>
          </Data>
        </ExtendedData>
        <Point>
          <coordinates>
            100.490062,-0.26949,0
          </coordinates>
        </Point>
      </Placemark>
      <Placemark>
        <name/>
        <description><![CDATA[nama: A25-BSO3<br>deskripsi: ]]></description>
        <styleUrl>#icon-1899-0288D1</styleUrl>
        <ExtendedData>
          <Data name="nama">
            <value>A25-BSO3</value>
          </Data>
          <Data name="deskripsi">
            <value/>
          </Data>
        </ExtendedData>
        <Point>
          <coordinates>
            100.489559,-0.268834,0
          </coordinates>
        </Point>
      </Placemark>
      <Placemark>
        <name/>
        <description><![CDATA[nama: A25-BSO4<br>deskripsi: ]]></description>
        <styleUrl>#icon-1899-0288D1</styleUrl>
        <ExtendedData>
          <Data name="nama">
            <value>A25-BSO4</value>
          </Data>
          <Data name="deskripsi">
            <value/>
          </Data>
        </ExtendedData>
        <Point>
          <coordinates>
            100.488321,-0.267223,0
          </coordinates>
        </Point>
      </Placemark>
      <Placemark>
        <name/>
        <description><![CDATA[nama: A28-BSO1<br>deskripsi: ]]></description>
        <styleUrl>#icon-1899-0288D1</styleUrl>
        <ExtendedData>
          <Data name="nama">
            <value>A28-BSO1</value>
          </Data>
          <Data name="deskripsi">
            <value/>
          </Data>
        </ExtendedData>
        <Point>
          <coordinates>
            100.486989,-0.264638,0
          </coordinates>
        </Point>
      </Placemark>
      <Placemark>
        <name/>
        <description><![CDATA[nama: A28-BSO2<br>deskripsi: ]]></description>
        <styleUrl>#icon-1899-0288D1</styleUrl>
        <ExtendedData>
          <Data name="nama">
            <value>A28-BSO2</value>
          </Data>
          <Data name="deskripsi">
            <value/>
          </Data>
        </ExtendedData>
        <Point>
          <coordinates>
            100.486662,-0.263711,0
          </coordinates>
        </Point>
      </Placemark>
      <Placemark>
        <name/>
        <description><![CDATA[nama: A28-BSO3<br>deskripsi: ]]></description>
        <styleUrl>#icon-1899-0288D1</styleUrl>
        <ExtendedData>
          <Data name="nama">
            <value>A28-BSO3</value>
          </Data>
          <Data name="deskripsi">
            <value/>
          </Data>
        </ExtendedData>
        <Point>
          <coordinates>
            100.486077,-0.263211,0
          </coordinates>
        </Point>
      </Placemark>
      <Placemark>
        <name/>
        <description><![CDATA[nama: A28-BSO4<br>deskripsi: ]]></description>
        <styleUrl>#icon-1899-0288D1</styleUrl>
        <ExtendedData>
          <Data name="nama">
            <value>A28-BSO4</value>
          </Data>
          <Data name="deskripsi">
            <value/>
          </Data>
        </ExtendedData>
        <Point>
          <coordinates>
            100.485575,-0.262513,0
          </coordinates>
        </Point>
      </Placemark>
      <Placemark>
        <name/>
        <description><![CDATA[nama: A28-BSO0<br>deskripsi: ]]></description>
        <styleUrl>#icon-1899-0288D1</styleUrl>
        <ExtendedData>
          <Data name="nama">
            <value>A28-BSO0</value>
          </Data>
          <Data name="deskripsi">
            <value/>
          </Data>
        </ExtendedData>
        <Point>
          <coordinates>
            100.486008,-0.261921,0
          </coordinates>
        </Point>
      </Placemark>
      <Placemark>
        <name/>
        <description><![CDATA[nama: A28-BSO5<br>deskripsi: ]]></description>
        <styleUrl>#icon-1899-0288D1</styleUrl>
        <ExtendedData>
          <Data name="nama">
            <value>A28-BSO5</value>
          </Data>
          <Data name="deskripsi">
            <value/>
          </Data>
        </ExtendedData>
        <Point>
          <coordinates>
            100.486484,-0.260967,0
          </coordinates>
        </Point>
      </Placemark>
      <Placemark>
        <name/>
        <description><![CDATA[nama: A28-BSO6<br>deskripsi: ]]></description>
        <styleUrl>#icon-1899-0288D1</styleUrl>
        <ExtendedData>
          <Data name="nama">
            <value>A28-BSO6</value>
          </Data>
          <Data name="deskripsi">
            <value/>
          </Data>
        </ExtendedData>
        <Point>
          <coordinates>
            100.48724,-0.260518,0
          </coordinates>
        </Point>
      </Placemark>
      <Placemark>
        <name/>
        <description><![CDATA[nama: A28-BSO7<br>deskripsi: ]]></description>
        <styleUrl>#icon-1899-0288D1</styleUrl>
        <ExtendedData>
          <Data name="nama">
            <value>A28-BSO7</value>
          </Data>
          <Data name="deskripsi">
            <value/>
          </Data>
        </ExtendedData>
        <Point>
          <coordinates>
            100.488633,-0.259016,0
          </coordinates>
        </Point>
      </Placemark>
      <Placemark>
        <name/>
        <description><![CDATA[nama: A29-BSO0<br>deskripsi: ]]></description>
        <styleUrl>#icon-1899-0288D1</styleUrl>
        <ExtendedData>
          <Data name="nama">
            <value>A29-BSO0</value>
          </Data>
          <Data name="deskripsi">
            <value/>
          </Data>
        </ExtendedData>
        <Point>
          <coordinates>
            100.488703,-0.258489,0
          </coordinates>
        </Point>
      </Placemark>
      <Placemark>
        <name/>
        <description><![CDATA[nama: A25-BSO5<br>deskripsi: ]]></description>
        <styleUrl>#icon-1899-0288D1</styleUrl>
        <ExtendedData>
          <Data name="nama">
            <value>A25-BSO5</value>
          </Data>
          <Data name="deskripsi">
            <value/>
          </Data>
        </ExtendedData>
        <Point>
          <coordinates>
            100.492301,-0.270147,0
          </coordinates>
        </Point>
      </Placemark>
      <Placemark>
        <name/>
        <description><![CDATA[nama: A25-BSO7<br>deskripsi: ]]></description>
        <styleUrl>#icon-1899-0288D1</styleUrl>
        <ExtendedData>
          <Data name="nama">
            <value>A25-BSO7</value>
          </Data>
          <Data name="deskripsi">
            <value/>
          </Data>
        </ExtendedData>
        <Point>
          <coordinates>
            100.495815,-0.265408,0
          </coordinates>
        </Point>
      </Placemark>
      <Placemark>
        <name/>
        <description><![CDATA[nama: A25-BSO6<br>deskripsi: ]]></description>
        <styleUrl>#icon-1899-0288D1</styleUrl>
        <ExtendedData>
          <Data name="nama">
            <value>A25-BSO6</value>
          </Data>
          <Data name="deskripsi">
            <value/>
          </Data>
        </ExtendedData>
        <Point>
          <coordinates>
            100.495445,-0.265837,0
          </coordinates>
        </Point>
      </Placemark>
      <Placemark>
        <name/>
        <description><![CDATA[nama: A26-BSO1<br>deskripsi: ]]></description>
        <styleUrl>#icon-1899-0288D1</styleUrl>
        <ExtendedData>
          <Data name="nama">
            <value>A26-BSO1</value>
          </Data>
          <Data name="deskripsi">
            <value/>
          </Data>
        </ExtendedData>
        <Point>
          <coordinates>
            100.496761,-0.264072,0
          </coordinates>
        </Point>
      </Placemark>
      <Placemark>
        <name/>
        <description><![CDATA[nama: A26-BSO2<br>deskripsi: ]]></description>
        <styleUrl>#icon-1899-0288D1</styleUrl>
        <ExtendedData>
          <Data name="nama">
            <value>A26-BSO2</value>
          </Data>
          <Data name="deskripsi">
            <value/>
          </Data>
        </ExtendedData>
        <Point>
          <coordinates>
            100.497479,-0.262626,0
          </coordinates>
        </Point>
      </Placemark>
      <Placemark>
        <name/>
        <description><![CDATA[nama: A26-BSO3<br>deskripsi: ]]></description>
        <styleUrl>#icon-1899-0288D1</styleUrl>
        <ExtendedData>
          <Data name="nama">
            <value>A26-BSO3</value>
          </Data>
          <Data name="deskripsi">
            <value/>
          </Data>
        </ExtendedData>
        <Point>
          <coordinates>
            100.498741,-0.260581,0
          </coordinates>
        </Point>
      </Placemark>
      <Placemark>
        <name/>
        <description><![CDATA[nama: A26-BSO4<br>deskripsi: ]]></description>
        <styleUrl>#icon-1899-0288D1</styleUrl>
        <ExtendedData>
          <Data name="nama">
            <value>A26-BSO4</value>
          </Data>
          <Data name="deskripsi">
            <value/>
          </Data>
        </ExtendedData>
        <Point>
          <coordinates>
            100.499401,-0.25969,0
          </coordinates>
        </Point>
      </Placemark>
      <Placemark>
        <name/>
        <description><![CDATA[nama: A26-BSO0<br>deskripsi: ]]></description>
        <styleUrl>#icon-1899-0288D1</styleUrl>
        <ExtendedData>
          <Data name="nama">
            <value>A26-BSO0</value>
          </Data>
          <Data name="deskripsi">
            <value/>
          </Data>
        </ExtendedData>
        <Point>
          <coordinates>
            100.499803,-0.258414,0
          </coordinates>
        </Point>
      </Placemark>
      <Placemark>
        <name/>
        <description><![CDATA[nama: A26-BSO5<br>deskripsi: ]]></description>
        <styleUrl>#icon-1899-0288D1</styleUrl>
        <ExtendedData>
          <Data name="nama">
            <value>A26-BSO5</value>
          </Data>
          <Data name="deskripsi">
            <value/>
          </Data>
        </ExtendedData>
        <Point>
          <coordinates>
            100.50007,-0.256427,0
          </coordinates>
        </Point>
      </Placemark>
      <Placemark>
        <name/>
        <description><![CDATA[nama: A26-BSO6<br>deskripsi: ]]></description>
        <styleUrl>#icon-1899-0288D1</styleUrl>
        <ExtendedData>
          <Data name="nama">
            <value>A26-BSO6</value>
          </Data>
          <Data name="deskripsi">
            <value/>
          </Data>
        </ExtendedData>
        <Point>
          <coordinates>
            100.501351,-0.256388,0
          </coordinates>
        </Point>
      </Placemark>
    </Folder>
    <Folder>
      <name>Golden Payakumbuh</name>
      <Placemark>
        <name/>
        <description><![CDATA[nama: 24C Jl. Soekarno - Hatta Arah Kota<br>deskripsi: KLASIFIKASI KABEL : BACKBONE dan AKSES<br>LETAK KABEL : UDARA<br>JUMLAH CORE : 24<br>JUMLAH CORE TERPAKAI : 24<br>CUTOFF DATA : Januari 2026]]></description>
        <styleUrl>#line-000000-1200</styleUrl>
        <ExtendedData>
          <Data name="nama">
            <value>24C Jl. Soekarno - Hatta Arah Kota</value>
          </Data>
          <Data name="deskripsi">
            <value>KLASIFIKASI KABEL : BACKBONE dan AKSES
LETAK KABEL : UDARA
JUMLAH CORE : 24
JUMLAH CORE TERPAKAI : 24
CUTOFF DATA : Januari 2026</value>
          </Data>
        </ExtendedData>
        <LineString>
          <tessellate>1</tessellate>
          <coordinates>
            100.619744,-0.23368,0
            100.619657,-0.233628,0
            100.619559,-0.233763,0
            100.619389,-0.233671,0
            100.6198,-0.233092,0
            100.620131,-0.232652,0
            100.620488,-0.232209,0
            100.621035,-0.231688,0
            100.622015,-0.230846,0
            100.623492,-0.229646,0
            100.625061,-0.228425,0
            100.625949,-0.22785,0
            100.62712,-0.22711,0
            100.628793,-0.226073,0
            100.630004,-0.225362,0
          </coordinates>
        </LineString>
      </Placemark>
      <Placemark>
        <name/>
        <description><![CDATA[nama: 24C Jl. Soekarno - Hatta Arah Ngalau<br>deskripsi: KLASIFIKASI KABEL : BACKBONE dan AKSES<br>LETAK KABEL : UDARA<br>JUMLAH CORE : 24<br>JUMLAH CORE TERPAKAI : 12<br>CUTOFF DATA : Januari 2026]]></description>
        <styleUrl>#line-000000-1200</styleUrl>
        <ExtendedData>
          <Data name="nama">
            <value>24C Jl. Soekarno - Hatta Arah Ngalau</value>
          </Data>
          <Data name="deskripsi">
            <value>KLASIFIKASI KABEL : BACKBONE dan AKSES
LETAK KABEL : UDARA
JUMLAH CORE : 24
JUMLAH CORE TERPAKAI : 12
CUTOFF DATA : Januari 2026</value>
          </Data>
        </ExtendedData>
        <LineString>
          <tessellate>1</tessellate>
          <coordinates>
            100.619741,-0.233678,0
            100.619665,-0.233629,0
            100.619565,-0.233761,0
            100.619383,-0.233671,0
            100.618929,-0.2344,0
            100.617903,-0.236065,0
            100.616553,-0.238249,0
            100.614536,-0.241488,0
            100.613299,-0.243367,0
            100.612667,-0.24443,0
            100.612081,-0.245542,0
            100.611365,-0.247084,0
            100.611096,-0.248135,0
            100.610866,-0.249098,0
            100.610697,-0.249847,0
            100.610619,-0.250524,0
          </coordinates>
        </LineString>
      </Placemark>
      <Placemark>
        <name/>
        <description><![CDATA[nama: 24C Jl. Balai Polam<br>deskripsi: KLASIFIKASI KABEL : AKSES<br>LETAK KABEL : UDARA<br>JUMLAH CORE : 24<br>JUMLAH CORE TERPAKAI : 2<br>CUTOFF DATA : Januari 2026]]></description>
        <styleUrl>#line-000000-1200</styleUrl>
        <ExtendedData>
          <Data name="nama">
            <value>24C Jl. Balai Polam</value>
          </Data>
          <Data name="deskripsi">
            <value>KLASIFIKASI KABEL : AKSES
LETAK KABEL : UDARA
JUMLAH CORE : 24
JUMLAH CORE TERPAKAI : 2
CUTOFF DATA : Januari 2026</value>
          </Data>
        </ExtendedData>
        <LineString>
          <tessellate>1</tessellate>
          <coordinates>
            100.617279,-0.23708,0
            100.618443,-0.237894,0
            100.618526,-0.237862,0
          </coordinates>
        </LineString>
      </Placemark>
      <Placemark>
        <name/>
        <description><![CDATA[nama: 24C Jl. Cempaka<br>deskripsi: KLASIFIKASI KABEL : AKSES<br>LETAK KABEL : UDARA<br>JUMLAH CORE : 24<br>JUMLAH CORE TERPAKAI : 6<br>CUTOFF DATA : Januari 2026]]></description>
        <styleUrl>#line-000000-1200</styleUrl>
        <ExtendedData>
          <Data name="nama">
            <value>24C Jl. Cempaka</value>
          </Data>
          <Data name="deskripsi">
            <value>KLASIFIKASI KABEL : AKSES
LETAK KABEL : UDARA
JUMLAH CORE : 24
JUMLAH CORE TERPAKAI : 6
CUTOFF DATA : Januari 2026</value>
          </Data>
        </ExtendedData>
        <LineString>
          <tessellate>1</tessellate>
          <coordinates>
            100.614891,-0.240912,0
            100.614873,-0.240797,0
            100.61462,-0.24052,0
            100.614372,-0.240271,0
            100.614169,-0.240035,0
            100.613919,-0.239764,0
            100.61364,-0.239472,0
            100.613385,-0.239137,0
            100.613088,-0.238877,0
            100.612847,-0.238614,0
            100.612583,-0.23831,0
            100.612312,-0.238038,0
            100.612065,-0.23783,0
            100.611814,-0.237723,0
            100.611358,-0.237543,0
          </coordinates>
        </LineString>
      </Placemark>
      <Placemark>
        <name/>
        <description><![CDATA[nama: 24C Jl. Ahmad Yani<br>deskripsi: KLASIFIKASI KABEL : BACKBONE dan AKSES<br>LETAK KABEL : UDARA<br>JUMLAH CORE : 24<br>JUMLAH CORE TERPAKAI : 24<br>CUTOFF DATA : Januari 2026]]></description>
        <styleUrl>#line-000000-1200</styleUrl>
        <ExtendedData>
          <Data name="nama">
            <value>24C Jl. Ahmad Yani</value>
          </Data>
          <Data name="deskripsi">
            <value>KLASIFIKASI KABEL : BACKBONE dan AKSES
LETAK KABEL : UDARA
JUMLAH CORE : 24
JUMLAH CORE TERPAKAI : 24
CUTOFF DATA : Januari 2026</value>
          </Data>
        </ExtendedData>
        <LineString>
          <tessellate>1</tessellate>
          <coordinates>
            100.630844,-0.22492,0
            100.629917,-0.225451,0
            100.63038,-0.226443,0
            100.630764,-0.226666,0
            100.631317,-0.226423,0
            100.631809,-0.226891,0
            100.632192,-0.227052,0
            100.632845,-0.227122,0
            100.633043,-0.227122,0
            100.63348,-0.227585,0
            100.633828,-0.227687,0
            100.634071,-0.227555,0
            100.63433,-0.227932,0
            100.63463,-0.228367,0
            100.635255,-0.229199,0
            100.635705,-0.229737,0
            100.636136,-0.230413,0
            100.636608,-0.231019,0
            100.636884,-0.231437,0
            100.63749,-0.232302,0
            100.638241,-0.233317,0
            100.63903,-0.234218,0
          </coordinates>
        </LineString>
      </Placemark>
      <Placemark>
        <name/>
        <description><![CDATA[nama: 24C Jl. Rky Rasuna Said<br>deskripsi: KLASIFIKASI KABEL : AKSES<br>LETAK KABEL : UDARA<br>JUMLAH CORE : 24<br>JUMLAH CORE TERPAKAI : 12<br>CUTOFF DATA : Januari 2026]]></description>
        <styleUrl>#line-000000-1200</styleUrl>
        <ExtendedData>
          <Data name="nama">
            <value>24C Jl. Rky Rasuna Said</value>
          </Data>
          <Data name="deskripsi">
            <value>KLASIFIKASI KABEL : AKSES
LETAK KABEL : UDARA
JUMLAH CORE : 24
JUMLAH CORE TERPAKAI : 12
CUTOFF DATA : Januari 2026</value>
          </Data>
        </ExtendedData>
        <LineString>
          <tessellate>1</tessellate>
          <coordinates>
            100.639037,-0.234205,0
            100.639507,-0.233999,0
            100.640827,-0.233374,0
            100.641905,-0.232711,0
            100.642432,-0.232362,0
            100.643212,-0.23177,0
            100.643631,-0.23147,0
            100.644,-0.231171,0
            100.644343,-0.23093,0
            100.644973,-0.230472,0
            100.64546,-0.230105,0
            100.64649,-0.229291,0
            100.64726,-0.228687,0
            100.647614,-0.228385,0
            100.648696,-0.22761,0
            100.649421,-0.227,0
            100.649986,-0.226597,0
            100.651072,-0.225677,0
            100.651617,-0.225272,0
            100.652734,-0.224464,0
            100.654181,-0.223529,0
            100.655766,-0.222801,0
            100.656724,-0.22237,0
            100.65842,-0.221385,0
            100.659154,-0.220476,0
            100.660176,-0.21926,0
            100.661036,-0.218152,0
            100.661351,-0.217823,0
            100.663615,-0.215708,0
            100.665294,-0.214056,0
            100.666303,-0.213202,0
          </coordinates>
        </LineString>
      </Placemark>
      <Placemark>
        <name/>
        <description><![CDATA[nama: 24C Jl. Pahlawan<br>deskripsi: KLASIFIKASI KABEL : AKSES<br>LETAK KABEL : UDARA<br>JUMLAH CORE : 24<br>JUMLAH CORE TERPAKAI : 12<br>CUTOFF DATA : Januari 2026]]></description>
        <styleUrl>#line-000000-1200</styleUrl>
        <ExtendedData>
          <Data name="nama">
            <value>24C Jl. Pahlawan</value>
          </Data>
          <Data name="deskripsi">
            <value>KLASIFIKASI KABEL : AKSES
LETAK KABEL : UDARA
JUMLAH CORE : 24
JUMLAH CORE TERPAKAI : 12
CUTOFF DATA : Januari 2026</value>
          </Data>
        </ExtendedData>
        <LineString>
          <tessellate>1</tessellate>
          <coordinates>
            100.639035,-0.234207,0
            100.638976,-0.234562,0
            100.638256,-0.236666,0
            100.637018,-0.238133,0
            100.633575,-0.241787,0
            100.630763,-0.24573,0
            100.628425,-0.248843,0
          </coordinates>
        </LineString>
      </Placemark>
      <Placemark>
        <name/>
        <description><![CDATA[nama: 12C Jl. Moh Yamin<br>deskripsi: KLASIFIKASI KABEL : AKSES<br>LETAK KABEL : UDARA<br>JUMLAH CORE : 12<br>JUMLAH CORE TERPAKAI : 6<br>CUTOFF DATA : Januari 2026]]></description>
        <styleUrl>#line-000000-1200</styleUrl>
        <ExtendedData>
          <Data name="nama">
            <value>12C Jl. Moh Yamin</value>
          </Data>
          <Data name="deskripsi">
            <value>KLASIFIKASI KABEL : AKSES
LETAK KABEL : UDARA
JUMLAH CORE : 12
JUMLAH CORE TERPAKAI : 6
CUTOFF DATA : Januari 2026</value>
          </Data>
        </ExtendedData>
        <LineString>
          <tessellate>1</tessellate>
          <coordinates>
            100.63903,-0.234204,0
            100.639225,-0.234411,0
            100.639532,-0.234582,0
            100.640843,-0.235131,0
            100.64293,-0.236049,0
            100.646178,-0.237313,0
            100.648893,-0.238302,0
            100.651416,-0.239091,0
            100.65369,-0.239605,0
          </coordinates>
        </LineString>
      </Placemark>
      <Placemark>
        <name/>
        <description><![CDATA[nama: 4C Gg. Berkah<br>deskripsi: KLASIFIKASI KABEL : AKSES<br>LETAK KABEL : UDARA<br>JUMLAH CORE : 4<br>JUMLAH CORE TERPAKAI : 2<br>CUTOFF DATA : Mei 2026]]></description>
        <styleUrl>#line-000000-1200</styleUrl>
        <ExtendedData>
          <Data name="nama">
            <value>4C Gg. Berkah</value>
          </Data>
          <Data name="deskripsi">
            <value>KLASIFIKASI KABEL : AKSES
LETAK KABEL : UDARA
JUMLAH CORE : 4
JUMLAH CORE TERPAKAI : 2
CUTOFF DATA : Mei 2026</value>
          </Data>
        </ExtendedData>
        <LineString>
          <tessellate>1</tessellate>
          <coordinates>
            100.614075,-0.24217,0
            100.613518,-0.241657,0
            100.613181,-0.241227,0
            100.612964,-0.241413,0
          </coordinates>
        </LineString>
      </Placemark>
      <Placemark>
        <name/>
        <description><![CDATA[nama: 4C Jl. Sumatera<br>deskripsi: KLASIFIKASI KABEL : AKSES<br>LETAK KABEL : UDARA<br>JUMLAH CORE : 4<br>JUMLAH CORE TERPAKAI : 2<br>CUTOFF DATA : Mei 2026]]></description>
        <styleUrl>#line-000000-1200</styleUrl>
        <ExtendedData>
          <Data name="nama">
            <value>4C Jl. Sumatera</value>
          </Data>
          <Data name="deskripsi">
            <value>KLASIFIKASI KABEL : AKSES
LETAK KABEL : UDARA
JUMLAH CORE : 4
JUMLAH CORE TERPAKAI : 2
CUTOFF DATA : Mei 2026</value>
          </Data>
        </ExtendedData>
        <LineString>
          <tessellate>1</tessellate>
          <coordinates>
            100.610678,-0.250474,0
            100.610774,-0.250476,0
            100.61084,-0.250153,0
            100.611671,-0.2507,0
            100.613287,-0.251637,0
            100.612901,-0.252249,0
            100.612565,-0.252256,0
            100.612229,-0.252578,0
          </coordinates>
        </LineString>
      </Placemark>
      <Placemark>
        <name/>
        <description><![CDATA[nama: 4C Jl. Pajagalan<br>deskripsi: KLASIFIKASI KABEL : AKSES<br>LETAK KABEL : UDARA<br>JUMLAH CORE : 4<br>JUMLAH CORE TERPAKAI : 2<br>CUTOFF DATA : Mei 2026]]></description>
        <styleUrl>#line-000000-1200</styleUrl>
        <ExtendedData>
          <Data name="nama">
            <value>4C Jl. Pajagalan</value>
          </Data>
          <Data name="deskripsi">
            <value>KLASIFIKASI KABEL : AKSES
LETAK KABEL : UDARA
JUMLAH CORE : 4
JUMLAH CORE TERPAKAI : 2
CUTOFF DATA : Mei 2026</value>
          </Data>
        </ExtendedData>
        <LineString>
          <tessellate>1</tessellate>
          <coordinates>
            100.635298,-0.229231,0
            100.635296,-0.229078,0
            100.636142,-0.228856,0
            100.636158,-0.228496,0
            100.635865,-0.228179,0
          </coordinates>
        </LineString>
      </Placemark>
      <Placemark>
        <name/>
        <description><![CDATA[nama: 4C Jl. Pitopang<br>deskripsi: KLASIFIKASI KABEL : AKSES<br>LETAK KABEL : UDARA<br>JUMLAH CORE : 4<br>JUMLAH CORE TERPAKAI : 2<br>CUTOFF DATA : Mei 2026]]></description>
        <styleUrl>#line-000000-1200</styleUrl>
        <ExtendedData>
          <Data name="nama">
            <value>4C Jl. Pitopang</value>
          </Data>
          <Data name="deskripsi">
            <value>KLASIFIKASI KABEL : AKSES
LETAK KABEL : UDARA
JUMLAH CORE : 4
JUMLAH CORE TERPAKAI : 2
CUTOFF DATA : Mei 2026</value>
          </Data>
        </ExtendedData>
        <LineString>
          <tessellate>1</tessellate>
          <coordinates>
            100.662401,-0.216839,0
            100.662821,-0.217303,0
          </coordinates>
        </LineString>
      </Placemark>
      <Placemark>
        <name/>
        <description><![CDATA[nama: 4C Jl. Parpatiah Nan Sabatang<br>deskripsi: KLASIFIKASI KABEL : AKSES<br>LETAK KABEL : UDARA<br>JUMLAH CORE : 4<br>JUMLAH CORE TERPAKAI : 2<br>CUTOFF DATA : Mei 2026]]></description>
        <styleUrl>#line-000000-1200</styleUrl>
        <ExtendedData>
          <Data name="nama">
            <value>4C Jl. Parpatiah Nan Sabatang</value>
          </Data>
          <Data name="deskripsi">
            <value>KLASIFIKASI KABEL : AKSES
LETAK KABEL : UDARA
JUMLAH CORE : 4
JUMLAH CORE TERPAKAI : 2
CUTOFF DATA : Mei 2026</value>
          </Data>
        </ExtendedData>
        <LineString>
          <tessellate>1</tessellate>
          <coordinates>
            100.64882,-0.238271,0
            100.649849,-0.236855,0
            100.65144,-0.234616,0
            100.652286,-0.233592,0
            100.65278,-0.233175,0
          </coordinates>
        </LineString>
      </Placemark>
      <Placemark>
        <name/>
        <description><![CDATA[nama: 4C Jl. Beringin<br>deskripsi: KLASIFIKASI KABEL : AKSES<br>LETAK KABEL : UDARA<br>JUMLAH CORE : 4<br>JUMLAH CORE TERPAKAI : 2<br>CUTOFF DATA : Mei 2026]]></description>
        <styleUrl>#line-000000-1200</styleUrl>
        <ExtendedData>
          <Data name="nama">
            <value>4C Jl. Beringin</value>
          </Data>
          <Data name="deskripsi">
            <value>KLASIFIKASI KABEL : AKSES
LETAK KABEL : UDARA
JUMLAH CORE : 4
JUMLAH CORE TERPAKAI : 2
CUTOFF DATA : Mei 2026</value>
          </Data>
        </ExtendedData>
        <LineString>
          <tessellate>1</tessellate>
          <coordinates>
            100.634937,-0.240328,0
            100.63611,-0.241525,0
            100.636405,-0.241239,0
          </coordinates>
        </LineString>
      </Placemark>
      <Placemark>
        <name/>
        <description><![CDATA[nama: 4C Jl. Marah Adin<br>deskripsi: KLASIFIKASI KABEL : AKSES<br>LETAK KABEL : UDARA<br>JUMLAH CORE : 4<br>JUMLAH CORE TERPAKAI : 2<br>CUTOFF DATA : Mei 2026]]></description>
        <styleUrl>#line-000000-1200</styleUrl>
        <ExtendedData>
          <Data name="nama">
            <value>4C Jl. Marah Adin</value>
          </Data>
          <Data name="deskripsi">
            <value>KLASIFIKASI KABEL : AKSES
LETAK KABEL : UDARA
JUMLAH CORE : 4
JUMLAH CORE TERPAKAI : 2
CUTOFF DATA : Mei 2026</value>
          </Data>
        </ExtendedData>
        <LineString>
          <tessellate>1</tessellate>
          <coordinates>
            100.632586,-0.243181,0
            100.631401,-0.242378,0
            100.629986,-0.241374,0
            100.63041,-0.24087,0
            100.630359,-0.240567,0
            100.630584,-0.240323,0
            100.629974,-0.239796,0
            100.629891,-0.239614,0
          </coordinates>
        </LineString>
      </Placemark>
      <Placemark>
        <name/>
        <description><![CDATA[nama: 4C Jl. Khatib Sulaiman<br>deskripsi: KLASIFIKASI KABEL : AKSES<br>LETAK KABEL : UDARA<br>JUMLAH CORE : 4<br>JUMLAH CORE TERPAKAI : 2<br>CUTOFF DATA : Mei 2026]]></description>
        <styleUrl>#line-000000-1200</styleUrl>
        <ExtendedData>
          <Data name="nama">
            <value>4C Jl. Khatib Sulaiman</value>
          </Data>
          <Data name="deskripsi">
            <value>KLASIFIKASI KABEL : AKSES
LETAK KABEL : UDARA
JUMLAH CORE : 4
JUMLAH CORE TERPAKAI : 2
CUTOFF DATA : Mei 2026</value>
          </Data>
        </ExtendedData>
        <LineString>
          <tessellate>1</tessellate>
          <coordinates>
            100.628341,-0.248848,0
            100.626468,-0.251401,0
          </coordinates>
        </LineString>
      </Placemark>
      <Placemark>
        <name/>
        <description><![CDATA[nama: 4C Gg. Labuah Basilang<br>deskripsi: KLASIFIKASI KABEL : AKSES<br>LETAK KABEL : UDARA<br>JUMLAH CORE : 4<br>JUMLAH CORE TERPAKAI : 2<br>CUTOFF DATA : Mei 2026]]></description>
        <styleUrl>#line-000000-1200</styleUrl>
        <ExtendedData>
          <Data name="nama">
            <value>4C Gg. Labuah Basilang</value>
          </Data>
          <Data name="deskripsi">
            <value>KLASIFIKASI KABEL : AKSES
LETAK KABEL : UDARA
JUMLAH CORE : 4
JUMLAH CORE TERPAKAI : 2
CUTOFF DATA : Mei 2026</value>
          </Data>
        </ExtendedData>
        <LineString>
          <tessellate>1</tessellate>
          <coordinates>
            100.637731,-0.234981,0
            100.63831,-0.234311,0
            100.638589,-0.234595,0
            100.639029,-0.234209,0
          </coordinates>
        </LineString>
      </Placemark>
      <Placemark>
        <name/>
        <description><![CDATA[nama: 4C Jl. Kalimantan<br>deskripsi: KLASIFIKASI KABEL : AKSES<br>LETAK KABEL : UDARA<br>JUMLAH CORE : 4<br>JUMLAH CORE TERPAKAI : 2<br>CUTOFF DATA : Juni 2026]]></description>
        <styleUrl>#line-000000-1200</styleUrl>
        <ExtendedData>
          <Data name="nama">
            <value>4C Jl. Kalimantan</value>
          </Data>
          <Data name="deskripsi">
            <value>KLASIFIKASI KABEL : AKSES
LETAK KABEL : UDARA
JUMLAH CORE : 4
JUMLAH CORE TERPAKAI : 2
CUTOFF DATA : Juni 2026</value>
          </Data>
        </ExtendedData>
        <LineString>
          <tessellate>1</tessellate>
          <coordinates>
            100.622373,-0.230538,0
            100.623258,-0.231313,0
          </coordinates>
        </LineString>
      </Placemark>
      <Placemark>
        <name/>
        <description><![CDATA[nama: A1-PYK2<br>deskripsi: ]]></description>
        <styleUrl>#icon-1899-0288D1</styleUrl>
        <ExtendedData>
          <Data name="nama">
            <value>A1-PYK2</value>
          </Data>
          <Data name="deskripsi">
            <value/>
          </Data>
        </ExtendedData>
        <Point>
          <coordinates>
            100.618534,-0.237872,0
          </coordinates>
        </Point>
      </Placemark>
      <Placemark>
        <name/>
        <description><![CDATA[nama: A1-PYK3<br>deskripsi: ]]></description>
        <styleUrl>#icon-1899-0288D1</styleUrl>
        <ExtendedData>
          <Data name="nama">
            <value>A1-PYK3</value>
          </Data>
          <Data name="deskripsi">
            <value/>
          </Data>
        </ExtendedData>
        <Point>
          <coordinates>
            100.617253,-0.237107,0
          </coordinates>
        </Point>
      </Placemark>
      <Placemark>
        <name/>
        <description><![CDATA[nama: A1-PYK4<br>deskripsi: ]]></description>
        <styleUrl>#icon-1899-0288D1</styleUrl>
        <ExtendedData>
          <Data name="nama">
            <value>A1-PYK4</value>
          </Data>
          <Data name="deskripsi">
            <value/>
          </Data>
        </ExtendedData>
        <Point>
          <coordinates>
            100.616522,-0.238246,0
          </coordinates>
        </Point>
      </Placemark>
      <Placemark>
        <name/>
        <description><![CDATA[nama: A1-PYK5<br>deskripsi: ]]></description>
        <styleUrl>#icon-1899-0288D1</styleUrl>
        <ExtendedData>
          <Data name="nama">
            <value>A1-PYK5</value>
          </Data>
          <Data name="deskripsi">
            <value/>
          </Data>
        </ExtendedData>
        <Point>
          <coordinates>
            100.615957,-0.239138,0
          </coordinates>
        </Point>
      </Placemark>
      <Placemark>
        <name/>
        <description><![CDATA[nama: A6-PYK0<br>deskripsi: ]]></description>
        <styleUrl>#icon-1899-0288D1</styleUrl>
        <ExtendedData>
          <Data name="nama">
            <value>A6-PYK0</value>
          </Data>
          <Data name="deskripsi">
            <value/>
          </Data>
        </ExtendedData>
        <Point>
          <coordinates>
            100.614891,-0.240917,0
          </coordinates>
        </Point>
      </Placemark>
      <Placemark>
        <name/>
        <description><![CDATA[nama: A6-PYK1<br>deskripsi: ]]></description>
        <styleUrl>#icon-1899-0288D1</styleUrl>
        <ExtendedData>
          <Data name="nama">
            <value>A6-PYK1</value>
          </Data>
          <Data name="deskripsi">
            <value/>
          </Data>
        </ExtendedData>
        <Point>
          <coordinates>
            100.614355,-0.240237,0
          </coordinates>
        </Point>
      </Placemark>
      <Placemark>
        <name/>
        <description><![CDATA[nama: A6-PYK2<br>deskripsi: ]]></description>
        <styleUrl>#icon-1899-0288D1</styleUrl>
        <ExtendedData>
          <Data name="nama">
            <value>A6-PYK2</value>
          </Data>
          <Data name="deskripsi">
            <value/>
          </Data>
        </ExtendedData>
        <Point>
          <coordinates>
            100.613415,-0.239165,0
          </coordinates>
        </Point>
      </Placemark>
      <Placemark>
        <name/>
        <description><![CDATA[nama: A6-PYK3<br>deskripsi: ]]></description>
        <styleUrl>#icon-1899-0288D1</styleUrl>
        <ExtendedData>
          <Data name="nama">
            <value>A6-PYK3</value>
          </Data>
          <Data name="deskripsi">
            <value/>
          </Data>
        </ExtendedData>
        <Point>
          <coordinates>
            100.612864,-0.23863,0
          </coordinates>
        </Point>
      </Placemark>
      <Placemark>
        <name/>
        <description><![CDATA[nama: A6-PYK4<br>deskripsi: ]]></description>
        <styleUrl>#icon-1899-0288D1</styleUrl>
        <ExtendedData>
          <Data name="nama">
            <value>A6-PYK4</value>
          </Data>
          <Data name="deskripsi">
            <value/>
          </Data>
        </ExtendedData>
        <Point>
          <coordinates>
            100.611541,-0.237611,0
          </coordinates>
        </Point>
      </Placemark>
      <Placemark>
        <name/>
        <description><![CDATA[nama: A6-PYK5<br>deskripsi: ]]></description>
        <styleUrl>#icon-1899-0288D1</styleUrl>
        <ExtendedData>
          <Data name="nama">
            <value>A6-PYK5</value>
          </Data>
          <Data name="deskripsi">
            <value/>
          </Data>
        </ExtendedData>
        <Point>
          <coordinates>
            100.611383,-0.237547,0
          </coordinates>
        </Point>
      </Placemark>
      <Placemark>
        <name/>
        <description><![CDATA[nama: A7-PYK1<br>deskripsi: ]]></description>
        <styleUrl>#icon-1899-0288D1</styleUrl>
        <ExtendedData>
          <Data name="nama">
            <value>A7-PYK1</value>
          </Data>
          <Data name="deskripsi">
            <value/>
          </Data>
        </ExtendedData>
        <Point>
          <coordinates>
            100.614081,-0.242148,0
          </coordinates>
        </Point>
      </Placemark>
      <Placemark>
        <name/>
        <description><![CDATA[nama: A7-PYK1-1<br>deskripsi: ]]></description>
        <styleUrl>#icon-1899-0288D1</styleUrl>
        <ExtendedData>
          <Data name="nama">
            <value>A7-PYK1-1</value>
          </Data>
          <Data name="deskripsi">
            <value/>
          </Data>
        </ExtendedData>
        <Point>
          <coordinates>
            100.612952,-0.241416,0
          </coordinates>
        </Point>
      </Placemark>
      <Placemark>
        <name/>
        <description><![CDATA[nama: A7-PYK2<br>deskripsi: ]]></description>
        <styleUrl>#icon-1899-0288D1</styleUrl>
        <ExtendedData>
          <Data name="nama">
            <value>A7-PYK2</value>
          </Data>
          <Data name="deskripsi">
            <value/>
          </Data>
        </ExtendedData>
        <Point>
          <coordinates>
            100.613689,-0.242769,0
          </coordinates>
        </Point>
      </Placemark>
      <Placemark>
        <name/>
        <description><![CDATA[nama: A7-PYK3<br>deskripsi: ]]></description>
        <styleUrl>#icon-1899-0288D1</styleUrl>
        <ExtendedData>
          <Data name="nama">
            <value>A7-PYK3</value>
          </Data>
          <Data name="deskripsi">
            <value/>
          </Data>
        </ExtendedData>
        <Point>
          <coordinates>
            100.613019,-0.243736,0
          </coordinates>
        </Point>
      </Placemark>
      <Placemark>
        <name/>
        <description><![CDATA[nama: A7-PYK4<br>deskripsi: ]]></description>
        <styleUrl>#icon-1899-0288D1</styleUrl>
        <ExtendedData>
          <Data name="nama">
            <value>A7-PYK4</value>
          </Data>
          <Data name="deskripsi">
            <value/>
          </Data>
        </ExtendedData>
        <Point>
          <coordinates>
            100.612165,-0.245428,0
          </coordinates>
        </Point>
      </Placemark>
      <Placemark>
        <name/>
        <description><![CDATA[nama: A7-PYK5<br>deskripsi: ]]></description>
        <styleUrl>#icon-1899-0288D1</styleUrl>
        <ExtendedData>
          <Data name="nama">
            <value>A7-PYK5</value>
          </Data>
          <Data name="deskripsi">
            <value/>
          </Data>
        </ExtendedData>
        <Point>
          <coordinates>
            100.611349,-0.247016,0
          </coordinates>
        </Point>
      </Placemark>
      <Placemark>
        <name/>
        <description><![CDATA[nama: A7-PYK6<br>deskripsi: ]]></description>
        <styleUrl>#icon-1899-0288D1</styleUrl>
        <ExtendedData>
          <Data name="nama">
            <value>A7-PYK6</value>
          </Data>
          <Data name="deskripsi">
            <value/>
          </Data>
        </ExtendedData>
        <Point>
          <coordinates>
            100.610654,-0.250478,0
          </coordinates>
        </Point>
      </Placemark>
      <Placemark>
        <name/>
        <description><![CDATA[nama: A7-PYK7<br>deskripsi: ]]></description>
        <styleUrl>#icon-1899-0288D1</styleUrl>
        <ExtendedData>
          <Data name="nama">
            <value>A7-PYK7</value>
          </Data>
          <Data name="deskripsi">
            <value/>
          </Data>
        </ExtendedData>
        <Point>
          <coordinates>
            100.612224,-0.252625,0
          </coordinates>
        </Point>
      </Placemark>
      <Placemark>
        <name/>
        <description><![CDATA[nama: A25-PYK1<br>deskripsi: ]]></description>
        <styleUrl>#icon-1899-0288D1</styleUrl>
        <ExtendedData>
          <Data name="nama">
            <value>A25-PYK1</value>
          </Data>
          <Data name="deskripsi">
            <value/>
          </Data>
        </ExtendedData>
        <Point>
          <coordinates>
            100.619788,-0.233119,0
          </coordinates>
        </Point>
      </Placemark>
      <Placemark>
        <name/>
        <description><![CDATA[nama: A25-PYK2<br>deskripsi: ]]></description>
        <styleUrl>#icon-1899-0288D1</styleUrl>
        <ExtendedData>
          <Data name="nama">
            <value>A25-PYK2</value>
          </Data>
          <Data name="deskripsi">
            <value/>
          </Data>
        </ExtendedData>
        <Point>
          <coordinates>
            100.621267,-0.231434,0
          </coordinates>
        </Point>
      </Placemark>
      <Placemark>
        <name/>
        <description><![CDATA[nama: A25-PYK3<br>deskripsi: ]]></description>
        <styleUrl>#icon-1899-0288D1</styleUrl>
        <ExtendedData>
          <Data name="nama">
            <value>A25-PYK3</value>
          </Data>
          <Data name="deskripsi">
            <value/>
          </Data>
        </ExtendedData>
        <Point>
          <coordinates>
            100.622091,-0.230749,0
          </coordinates>
        </Point>
      </Placemark>
      <Placemark>
        <name/>
        <description><![CDATA[nama: A25-PYK3-1<br>deskripsi: ]]></description>
        <styleUrl>#icon-1899-0288D1</styleUrl>
        <ExtendedData>
          <Data name="nama">
            <value>A25-PYK3-1</value>
          </Data>
          <Data name="deskripsi">
            <value/>
          </Data>
        </ExtendedData>
        <Point>
          <coordinates>
            100.623253,-0.231327,0
          </coordinates>
        </Point>
      </Placemark>
      <Placemark>
        <name/>
        <description><![CDATA[nama: A31-PYK1<br>deskripsi: ]]></description>
        <styleUrl>#icon-1899-0288D1</styleUrl>
        <ExtendedData>
          <Data name="nama">
            <value>A31-PYK1</value>
          </Data>
          <Data name="deskripsi">
            <value/>
          </Data>
        </ExtendedData>
        <Point>
          <coordinates>
            100.623469,-0.229647,0
          </coordinates>
        </Point>
      </Placemark>
      <Placemark>
        <name/>
        <description><![CDATA[nama: A31-PYK2<br>deskripsi: ]]></description>
        <styleUrl>#icon-1899-0288D1</styleUrl>
        <ExtendedData>
          <Data name="nama">
            <value>A31-PYK2</value>
          </Data>
          <Data name="deskripsi">
            <value/>
          </Data>
        </ExtendedData>
        <Point>
          <coordinates>
            100.623922,-0.229318,0
          </coordinates>
        </Point>
      </Placemark>
      <Placemark>
        <name/>
        <description><![CDATA[nama: A31-PYK3<br>deskripsi: ]]></description>
        <styleUrl>#icon-1899-0288D1</styleUrl>
        <ExtendedData>
          <Data name="nama">
            <value>A31-PYK3</value>
          </Data>
          <Data name="deskripsi">
            <value/>
          </Data>
        </ExtendedData>
        <Point>
          <coordinates>
            100.625265,-0.228287,0
          </coordinates>
        </Point>
      </Placemark>
      <Placemark>
        <name/>
        <description><![CDATA[nama: A31-PYK4<br>deskripsi: ]]></description>
        <styleUrl>#icon-1899-0288D1</styleUrl>
        <ExtendedData>
          <Data name="nama">
            <value>A31-PYK4</value>
          </Data>
          <Data name="deskripsi">
            <value/>
          </Data>
        </ExtendedData>
        <Point>
          <coordinates>
            100.626147,-0.227711,0
          </coordinates>
        </Point>
      </Placemark>
      <Placemark>
        <name/>
        <description><![CDATA[nama: A31-PYK5<br>deskripsi: ]]></description>
        <styleUrl>#icon-1899-0288D1</styleUrl>
        <ExtendedData>
          <Data name="nama">
            <value>A31-PYK5</value>
          </Data>
          <Data name="deskripsi">
            <value/>
          </Data>
        </ExtendedData>
        <Point>
          <coordinates>
            100.627049,-0.227139,0
          </coordinates>
        </Point>
      </Placemark>
      <Placemark>
        <name/>
        <description><![CDATA[nama: A31-PYK6<br>deskripsi: ]]></description>
        <styleUrl>#icon-1899-0288D1</styleUrl>
        <ExtendedData>
          <Data name="nama">
            <value>A31-PYK6</value>
          </Data>
          <Data name="deskripsi">
            <value/>
          </Data>
        </ExtendedData>
        <Point>
          <coordinates>
            100.627952,-0.226597,0
          </coordinates>
        </Point>
      </Placemark>
      <Placemark>
        <name/>
        <description><![CDATA[nama: A31-PYK7<br>deskripsi: ]]></description>
        <styleUrl>#icon-1899-0288D1</styleUrl>
        <ExtendedData>
          <Data name="nama">
            <value>A31-PYK7</value>
          </Data>
          <Data name="deskripsi">
            <value/>
          </Data>
        </ExtendedData>
        <Point>
          <coordinates>
            100.628708,-0.22612,0
          </coordinates>
        </Point>
      </Placemark>
      <Placemark>
        <name/>
        <description><![CDATA[nama: A31-PYK8<br>deskripsi: ]]></description>
        <styleUrl>#icon-1899-0288D1</styleUrl>
        <ExtendedData>
          <Data name="nama">
            <value>A31-PYK8</value>
          </Data>
          <Data name="deskripsi">
            <value/>
          </Data>
        </ExtendedData>
        <Point>
          <coordinates>
            100.629484,-0.225637,0
          </coordinates>
        </Point>
      </Placemark>
      <Placemark>
        <name/>
        <description><![CDATA[nama: A33-PYK1<br>deskripsi: ]]></description>
        <styleUrl>#icon-1899-0288D1</styleUrl>
        <ExtendedData>
          <Data name="nama">
            <value>A33-PYK1</value>
          </Data>
          <Data name="deskripsi">
            <value/>
          </Data>
        </ExtendedData>
        <Point>
          <coordinates>
            100.630783,-0.226661,0
          </coordinates>
        </Point>
      </Placemark>
      <Placemark>
        <name/>
        <description><![CDATA[nama: A33-PYK2<br>deskripsi: ]]></description>
        <styleUrl>#icon-1899-0288D1</styleUrl>
        <ExtendedData>
          <Data name="nama">
            <value>A33-PYK2</value>
          </Data>
          <Data name="deskripsi">
            <value/>
          </Data>
        </ExtendedData>
        <Point>
          <coordinates>
            100.63221,-0.227072,0
          </coordinates>
        </Point>
      </Placemark>
      <Placemark>
        <name/>
        <description><![CDATA[nama: A33-PYK3<br>deskripsi: ]]></description>
        <styleUrl>#icon-1899-0288D1</styleUrl>
        <ExtendedData>
          <Data name="nama">
            <value>A33-PYK3</value>
          </Data>
          <Data name="deskripsi">
            <value/>
          </Data>
        </ExtendedData>
        <Point>
          <coordinates>
            100.63305,-0.227136,0
          </coordinates>
        </Point>
      </Placemark>
      <Placemark>
        <name/>
        <description><![CDATA[nama: A33-PYK4<br>deskripsi: ]]></description>
        <styleUrl>#icon-1899-0288D1</styleUrl>
        <ExtendedData>
          <Data name="nama">
            <value>A33-PYK4</value>
          </Data>
          <Data name="deskripsi">
            <value/>
          </Data>
        </ExtendedData>
        <Point>
          <coordinates>
            100.634084,-0.227565,0
          </coordinates>
        </Point>
      </Placemark>
      <Placemark>
        <name/>
        <description><![CDATA[nama: A34-PYK1<br>deskripsi: ]]></description>
        <styleUrl>#icon-1899-0288D1</styleUrl>
        <ExtendedData>
          <Data name="nama">
            <value>A34-PYK1</value>
          </Data>
          <Data name="deskripsi">
            <value/>
          </Data>
        </ExtendedData>
        <Point>
          <coordinates>
            100.634672,-0.228373,0
          </coordinates>
        </Point>
      </Placemark>
      <Placemark>
        <name/>
        <description><![CDATA[nama: A34-PYK2<br>deskripsi: ]]></description>
        <styleUrl>#icon-1899-0288D1</styleUrl>
        <ExtendedData>
          <Data name="nama">
            <value>A34-PYK2</value>
          </Data>
          <Data name="deskripsi">
            <value/>
          </Data>
        </ExtendedData>
        <Point>
          <coordinates>
            100.635286,-0.229221,0
          </coordinates>
        </Point>
      </Placemark>
      <Placemark>
        <name/>
        <description><![CDATA[nama: A34-PYK2-1<br>deskripsi: ]]></description>
        <styleUrl>#icon-1899-0288D1</styleUrl>
        <ExtendedData>
          <Data name="nama">
            <value>A34-PYK2-1</value>
          </Data>
          <Data name="deskripsi">
            <value/>
          </Data>
        </ExtendedData>
        <Point>
          <coordinates>
            100.635874,-0.228197,0
          </coordinates>
        </Point>
      </Placemark>
      <Placemark>
        <name/>
        <description><![CDATA[nama: A34-PYK3<br>deskripsi: ]]></description>
        <styleUrl>#icon-1899-0288D1</styleUrl>
        <ExtendedData>
          <Data name="nama">
            <value>A34-PYK3</value>
          </Data>
          <Data name="deskripsi">
            <value/>
          </Data>
        </ExtendedData>
        <Point>
          <coordinates>
            100.636251,-0.230551,0
          </coordinates>
        </Point>
      </Placemark>
      <Placemark>
        <name/>
        <description><![CDATA[nama: A35-PYK1<br>deskripsi: ]]></description>
        <styleUrl>#icon-1899-0288D1</styleUrl>
        <ExtendedData>
          <Data name="nama">
            <value>A35-PYK1</value>
          </Data>
          <Data name="deskripsi">
            <value/>
          </Data>
        </ExtendedData>
        <Point>
          <coordinates>
            100.636837,-0.231355,0
          </coordinates>
        </Point>
      </Placemark>
      <Placemark>
        <name/>
        <description><![CDATA[nama: A35-PYK2<br>deskripsi: ]]></description>
        <styleUrl>#icon-1899-0288D1</styleUrl>
        <ExtendedData>
          <Data name="nama">
            <value>A35-PYK2</value>
          </Data>
          <Data name="deskripsi">
            <value/>
          </Data>
        </ExtendedData>
        <Point>
          <coordinates>
            100.637563,-0.232322,0
          </coordinates>
        </Point>
      </Placemark>
      <Placemark>
        <name/>
        <description><![CDATA[nama: A35-PYK3<br>deskripsi: ]]></description>
        <styleUrl>#icon-1899-0288D1</styleUrl>
        <ExtendedData>
          <Data name="nama">
            <value>A35-PYK3</value>
          </Data>
          <Data name="deskripsi">
            <value/>
          </Data>
        </ExtendedData>
        <Point>
          <coordinates>
            100.638294,-0.233393,0
          </coordinates>
        </Point>
      </Placemark>
      <Placemark>
        <name/>
        <description><![CDATA[nama: A35-PYK4<br>deskripsi: ]]></description>
        <styleUrl>#icon-1899-0288D1</styleUrl>
        <ExtendedData>
          <Data name="nama">
            <value>A35-PYK4</value>
          </Data>
          <Data name="deskripsi">
            <value/>
          </Data>
        </ExtendedData>
        <Point>
          <coordinates>
            100.639035,-0.234209,0
          </coordinates>
        </Point>
      </Placemark>
      <Placemark>
        <name/>
        <description><![CDATA[nama: A36-PYK1<br>deskripsi: ]]></description>
        <styleUrl>#icon-1899-0288D1</styleUrl>
        <ExtendedData>
          <Data name="nama">
            <value>A36-PYK1</value>
          </Data>
          <Data name="deskripsi">
            <value/>
          </Data>
        </ExtendedData>
        <Point>
          <coordinates>
            100.640831,-0.23339,0
          </coordinates>
        </Point>
      </Placemark>
      <Placemark>
        <name/>
        <description><![CDATA[nama: A36-PYK2<br>deskripsi: ]]></description>
        <styleUrl>#icon-1899-0288D1</styleUrl>
        <ExtendedData>
          <Data name="nama">
            <value>A36-PYK2</value>
          </Data>
          <Data name="deskripsi">
            <value/>
          </Data>
        </ExtendedData>
        <Point>
          <coordinates>
            100.641906,-0.232718,0
          </coordinates>
        </Point>
      </Placemark>
      <Placemark>
        <name/>
        <description><![CDATA[nama: A36-PYK3<br>deskripsi: ]]></description>
        <styleUrl>#icon-1899-0288D1</styleUrl>
        <ExtendedData>
          <Data name="nama">
            <value>A36-PYK3</value>
          </Data>
          <Data name="deskripsi">
            <value/>
          </Data>
        </ExtendedData>
        <Point>
          <coordinates>
            100.643195,-0.231792,0
          </coordinates>
        </Point>
      </Placemark>
      <Placemark>
        <name/>
        <description><![CDATA[nama: A36-PYK4<br>deskripsi: ]]></description>
        <styleUrl>#icon-1899-0288D1</styleUrl>
        <ExtendedData>
          <Data name="nama">
            <value>A36-PYK4</value>
          </Data>
          <Data name="deskripsi">
            <value/>
          </Data>
        </ExtendedData>
        <Point>
          <coordinates>
            100.639653,-0.232625,0
          </coordinates>
        </Point>
      </Placemark>
      <Placemark>
        <name/>
        <description><![CDATA[nama: A36-PYK5<br>deskripsi: ]]></description>
        <styleUrl>#icon-1899-0288D1</styleUrl>
        <ExtendedData>
          <Data name="nama">
            <value>A36-PYK5</value>
          </Data>
          <Data name="deskripsi">
            <value/>
          </Data>
        </ExtendedData>
        <Point>
          <coordinates>
            100.641016,-0.230791,0
          </coordinates>
        </Point>
      </Placemark>
      <Placemark>
        <name/>
        <description><![CDATA[nama: A36-PYK6<br>deskripsi: ]]></description>
        <styleUrl>#icon-1899-0288D1</styleUrl>
        <ExtendedData>
          <Data name="nama">
            <value>A36-PYK6</value>
          </Data>
          <Data name="deskripsi">
            <value/>
          </Data>
        </ExtendedData>
        <Point>
          <coordinates>
            100.637719,-0.234998,0
          </coordinates>
        </Point>
      </Placemark>
      <Placemark>
        <name/>
        <description><![CDATA[nama: A37-PYK1<br>deskripsi: ]]></description>
        <styleUrl>#icon-1899-0288D1</styleUrl>
        <ExtendedData>
          <Data name="nama">
            <value>A37-PYK1</value>
          </Data>
          <Data name="deskripsi">
            <value/>
          </Data>
        </ExtendedData>
        <Point>
          <coordinates>
            100.644007,-0.231174,0
          </coordinates>
        </Point>
      </Placemark>
      <Placemark>
        <name/>
        <description><![CDATA[nama: A37-PYK2<br>deskripsi: ]]></description>
        <styleUrl>#icon-1899-0288D1</styleUrl>
        <ExtendedData>
          <Data name="nama">
            <value>A37-PYK2</value>
          </Data>
          <Data name="deskripsi">
            <value/>
          </Data>
        </ExtendedData>
        <Point>
          <coordinates>
            100.645441,-0.230129,0
          </coordinates>
        </Point>
      </Placemark>
      <Placemark>
        <name/>
        <description><![CDATA[nama: A37-PYK3<br>deskripsi: ]]></description>
        <styleUrl>#icon-1899-0288D1</styleUrl>
        <ExtendedData>
          <Data name="nama">
            <value>A37-PYK3</value>
          </Data>
          <Data name="deskripsi">
            <value/>
          </Data>
        </ExtendedData>
        <Point>
          <coordinates>
            100.647271,-0.22872,0
          </coordinates>
        </Point>
      </Placemark>
      <Placemark>
        <name/>
        <description><![CDATA[nama: A38-PYK1<br>deskripsi: ]]></description>
        <styleUrl>#icon-1899-0288D1</styleUrl>
        <ExtendedData>
          <Data name="nama">
            <value>A38-PYK1</value>
          </Data>
          <Data name="deskripsi">
            <value/>
          </Data>
        </ExtendedData>
        <Point>
          <coordinates>
            100.648696,-0.227615,0
          </coordinates>
        </Point>
      </Placemark>
      <Placemark>
        <name/>
        <description><![CDATA[nama: A38-PYK2<br>deskripsi: ]]></description>
        <styleUrl>#icon-1899-0288D1</styleUrl>
        <ExtendedData>
          <Data name="nama">
            <value>A38-PYK2</value>
          </Data>
          <Data name="deskripsi">
            <value/>
          </Data>
        </ExtendedData>
        <Point>
          <coordinates>
            100.649949,-0.226632,0
          </coordinates>
        </Point>
      </Placemark>
      <Placemark>
        <name/>
        <description><![CDATA[nama: A38-PYK3<br>deskripsi: ]]></description>
        <styleUrl>#icon-1899-0288D1</styleUrl>
        <ExtendedData>
          <Data name="nama">
            <value>A38-PYK3</value>
          </Data>
          <Data name="deskripsi">
            <value/>
          </Data>
        </ExtendedData>
        <Point>
          <coordinates>
            100.651066,-0.225739,0
          </coordinates>
        </Point>
      </Placemark>
      <Placemark>
        <name/>
        <description><![CDATA[nama: A38-PYK4<br>deskripsi: ]]></description>
        <styleUrl>#icon-1899-0288D1</styleUrl>
        <ExtendedData>
          <Data name="nama">
            <value>A38-PYK4</value>
          </Data>
          <Data name="deskripsi">
            <value/>
          </Data>
        </ExtendedData>
        <Point>
          <coordinates>
            100.651608,-0.225296,0
          </coordinates>
        </Point>
      </Placemark>
      <Placemark>
        <name/>
        <description><![CDATA[nama: A39-PYK1<br>deskripsi: ]]></description>
        <styleUrl>#icon-1899-0288D1</styleUrl>
        <ExtendedData>
          <Data name="nama">
            <value>A39-PYK1</value>
          </Data>
          <Data name="deskripsi">
            <value/>
          </Data>
        </ExtendedData>
        <Point>
          <coordinates>
            100.652766,-0.224473,0
          </coordinates>
        </Point>
      </Placemark>
      <Placemark>
        <name/>
        <description><![CDATA[nama: A39-PYK2<br>deskripsi: ]]></description>
        <styleUrl>#icon-1899-0288D1</styleUrl>
        <ExtendedData>
          <Data name="nama">
            <value>A39-PYK2</value>
          </Data>
          <Data name="deskripsi">
            <value/>
          </Data>
        </ExtendedData>
        <Point>
          <coordinates>
            100.65665,-0.222438,0
          </coordinates>
        </Point>
      </Placemark>
      <Placemark>
        <name/>
        <description><![CDATA[nama: A39-PYK3<br>deskripsi: ]]></description>
        <styleUrl>#icon-1899-0288D1</styleUrl>
        <ExtendedData>
          <Data name="nama">
            <value>A39-PYK3</value>
          </Data>
          <Data name="deskripsi">
            <value/>
          </Data>
        </ExtendedData>
        <Point>
          <coordinates>
            100.659428,-0.220268,0
          </coordinates>
        </Point>
      </Placemark>
      <Placemark>
        <name/>
        <description><![CDATA[nama: A39-PYK4<br>deskripsi: ]]></description>
        <styleUrl>#icon-1899-0288D1</styleUrl>
        <ExtendedData>
          <Data name="nama">
            <value>A39-PYK4</value>
          </Data>
          <Data name="deskripsi">
            <value/>
          </Data>
        </ExtendedData>
        <Point>
          <coordinates>
            100.660247,-0.219206,0
          </coordinates>
        </Point>
      </Placemark>
      <Placemark>
        <name/>
        <description><![CDATA[nama: A40-PYK1<br>deskripsi: ]]></description>
        <styleUrl>#icon-1899-0288D1</styleUrl>
        <ExtendedData>
          <Data name="nama">
            <value>A40-PYK1</value>
          </Data>
          <Data name="deskripsi">
            <value/>
          </Data>
        </ExtendedData>
        <Point>
          <coordinates>
            100.661372,-0.217829,0
          </coordinates>
        </Point>
      </Placemark>
      <Placemark>
        <name/>
        <description><![CDATA[nama: A40-PYK1-1<br>deskripsi: ]]></description>
        <styleUrl>#icon-1899-0288D1</styleUrl>
        <ExtendedData>
          <Data name="nama">
            <value>A40-PYK1-1</value>
          </Data>
          <Data name="deskripsi">
            <value/>
          </Data>
        </ExtendedData>
        <Point>
          <coordinates>
            100.66284,-0.217304,0
          </coordinates>
        </Point>
      </Placemark>
      <Placemark>
        <name/>
        <description><![CDATA[nama: A40-PYK2<br>deskripsi: ]]></description>
        <styleUrl>#icon-1899-0288D1</styleUrl>
        <ExtendedData>
          <Data name="nama">
            <value>A40-PYK2</value>
          </Data>
          <Data name="deskripsi">
            <value/>
          </Data>
        </ExtendedData>
        <Point>
          <coordinates>
            100.663676,-0.215665,0
          </coordinates>
        </Point>
      </Placemark>
      <Placemark>
        <name/>
        <description><![CDATA[nama: A40-PYK3<br>deskripsi: ]]></description>
        <styleUrl>#icon-1899-0288D1</styleUrl>
        <ExtendedData>
          <Data name="nama">
            <value>A40-PYK3</value>
          </Data>
          <Data name="deskripsi">
            <value/>
          </Data>
        </ExtendedData>
        <Point>
          <coordinates>
            100.665291,-0.214044,0
          </coordinates>
        </Point>
      </Placemark>
      <Placemark>
        <name/>
        <description><![CDATA[nama: A40-PYK4<br>deskripsi: ]]></description>
        <styleUrl>#icon-1899-0288D1</styleUrl>
        <ExtendedData>
          <Data name="nama">
            <value>A40-PYK4</value>
          </Data>
          <Data name="deskripsi">
            <value/>
          </Data>
        </ExtendedData>
        <Point>
          <coordinates>
            100.666297,-0.213212,0
          </coordinates>
        </Point>
      </Placemark>
      <Placemark>
        <name/>
        <description><![CDATA[nama: A42-PYK1<br>deskripsi: ]]></description>
        <styleUrl>#icon-1899-0288D1</styleUrl>
        <ExtendedData>
          <Data name="nama">
            <value>A42-PYK1</value>
          </Data>
          <Data name="deskripsi">
            <value/>
          </Data>
        </ExtendedData>
        <Point>
          <coordinates>
            100.641372,-0.235412,0
          </coordinates>
        </Point>
      </Placemark>
      <Placemark>
        <name/>
        <description><![CDATA[nama: A42-PYK2<br>deskripsi: ]]></description>
        <styleUrl>#icon-1899-0288D1</styleUrl>
        <ExtendedData>
          <Data name="nama">
            <value>A42-PYK2</value>
          </Data>
          <Data name="deskripsi">
            <value/>
          </Data>
        </ExtendedData>
        <Point>
          <coordinates>
            100.643583,-0.236289,0
          </coordinates>
        </Point>
      </Placemark>
      <Placemark>
        <name/>
        <description><![CDATA[nama: A42-PYK3<br>deskripsi: ]]></description>
        <styleUrl>#icon-1899-0288D1</styleUrl>
        <ExtendedData>
          <Data name="nama">
            <value>A42-PYK3</value>
          </Data>
          <Data name="deskripsi">
            <value/>
          </Data>
        </ExtendedData>
        <Point>
          <coordinates>
            100.646015,-0.23724,0
          </coordinates>
        </Point>
      </Placemark>
      <Placemark>
        <name/>
        <description><![CDATA[nama: A42-PYK4<br>deskripsi: ]]></description>
        <styleUrl>#icon-1899-0288D1</styleUrl>
        <ExtendedData>
          <Data name="nama">
            <value>A42-PYK4</value>
          </Data>
          <Data name="deskripsi">
            <value/>
          </Data>
        </ExtendedData>
        <Point>
          <coordinates>
            100.64881,-0.23827,0
          </coordinates>
        </Point>
      </Placemark>
      <Placemark>
        <name/>
        <description><![CDATA[nama: A42-PYK4-1<br>deskripsi: ]]></description>
        <styleUrl>#icon-1899-0288D1</styleUrl>
        <ExtendedData>
          <Data name="nama">
            <value>A42-PYK4-1</value>
          </Data>
          <Data name="deskripsi">
            <value/>
          </Data>
        </ExtendedData>
        <Point>
          <coordinates>
            100.652773,-0.233198,0
          </coordinates>
        </Point>
      </Placemark>
      <Placemark>
        <name/>
        <description><![CDATA[nama: A42-PYK6<br>deskripsi: ]]></description>
        <styleUrl>#icon-1899-0288D1</styleUrl>
        <ExtendedData>
          <Data name="nama">
            <value>A42-PYK6</value>
          </Data>
          <Data name="deskripsi">
            <value/>
          </Data>
        </ExtendedData>
        <Point>
          <coordinates>
            100.653698,-0.239622,0
          </coordinates>
        </Point>
      </Placemark>
      <Placemark>
        <name/>
        <description><![CDATA[nama: A42-PYK5<br>deskripsi: ]]></description>
        <styleUrl>#icon-1899-0288D1</styleUrl>
        <ExtendedData>
          <Data name="nama">
            <value>A42-PYK5</value>
          </Data>
          <Data name="deskripsi">
            <value/>
          </Data>
        </ExtendedData>
        <Point>
          <coordinates>
            100.651438,-0.239117,0
          </coordinates>
        </Point>
      </Placemark>
      <Placemark>
        <name/>
        <description><![CDATA[nama: A43-PYK1<br>deskripsi: ]]></description>
        <styleUrl>#icon-1899-0288D1</styleUrl>
        <ExtendedData>
          <Data name="nama">
            <value>A43-PYK1</value>
          </Data>
          <Data name="deskripsi">
            <value/>
          </Data>
        </ExtendedData>
        <Point>
          <coordinates>
            100.637066,-0.238101,0
          </coordinates>
        </Point>
      </Placemark>
      <Placemark>
        <name/>
        <description><![CDATA[nama: A43-PYK3-1<br>deskripsi: ]]></description>
        <styleUrl>#icon-1899-0288D1</styleUrl>
        <ExtendedData>
          <Data name="nama">
            <value>A43-PYK3-1</value>
          </Data>
          <Data name="deskripsi">
            <value/>
          </Data>
        </ExtendedData>
        <Point>
          <coordinates>
            100.636405,-0.241256,0
          </coordinates>
        </Point>
      </Placemark>
      <Placemark>
        <name/>
        <description><![CDATA[nama: A43-PYK2<br>deskripsi: ]]></description>
        <styleUrl>#icon-1899-0288D1</styleUrl>
        <ExtendedData>
          <Data name="nama">
            <value>A43-PYK2</value>
          </Data>
          <Data name="deskripsi">
            <value/>
          </Data>
        </ExtendedData>
        <Point>
          <coordinates>
            100.635487,-0.239755,0
          </coordinates>
        </Point>
      </Placemark>
      <Placemark>
        <name/>
        <description><![CDATA[nama: A43-PYK3<br>deskripsi: ]]></description>
        <styleUrl>#icon-1899-0288D1</styleUrl>
        <ExtendedData>
          <Data name="nama">
            <value>A43-PYK3</value>
          </Data>
          <Data name="deskripsi">
            <value/>
          </Data>
        </ExtendedData>
        <Point>
          <coordinates>
            100.634947,-0.240343,0
          </coordinates>
        </Point>
      </Placemark>
      <Placemark>
        <name/>
        <description><![CDATA[nama: A43-PYK4<br>deskripsi: ]]></description>
        <styleUrl>#icon-1899-0288D1</styleUrl>
        <ExtendedData>
          <Data name="nama">
            <value>A43-PYK4</value>
          </Data>
          <Data name="deskripsi">
            <value/>
          </Data>
        </ExtendedData>
        <Point>
          <coordinates>
            100.634326,-0.240977,0
          </coordinates>
        </Point>
      </Placemark>
      <Placemark>
        <name/>
        <description><![CDATA[nama: A44-PYK1<br>deskripsi: ]]></description>
        <styleUrl>#icon-1899-0288D1</styleUrl>
        <ExtendedData>
          <Data name="nama">
            <value>A44-PYK1</value>
          </Data>
          <Data name="deskripsi">
            <value/>
          </Data>
        </ExtendedData>
        <Point>
          <coordinates>
            100.633587,-0.241789,0
          </coordinates>
        </Point>
      </Placemark>
      <Placemark>
        <name/>
        <description><![CDATA[nama: A44-PYK2<br>deskripsi: ]]></description>
        <styleUrl>#icon-1899-0288D1</styleUrl>
        <ExtendedData>
          <Data name="nama">
            <value>A44-PYK2</value>
          </Data>
          <Data name="deskripsi">
            <value/>
          </Data>
        </ExtendedData>
        <Point>
          <coordinates>
            100.632587,-0.243188,0
          </coordinates>
        </Point>
      </Placemark>
      <Placemark>
        <name/>
        <description><![CDATA[nama: A44-PYK2-2<br>deskripsi: ]]></description>
        <styleUrl>#icon-1899-0288D1</styleUrl>
        <ExtendedData>
          <Data name="nama">
            <value>A44-PYK2-2</value>
          </Data>
          <Data name="deskripsi">
            <value/>
          </Data>
        </ExtendedData>
        <Point>
          <coordinates>
            100.629894,-0.239642,0
          </coordinates>
        </Point>
      </Placemark>
      <Placemark>
        <name/>
        <description><![CDATA[nama: A44-PYK3<br>deskripsi: ]]></description>
        <styleUrl>#icon-1899-0288D1</styleUrl>
        <ExtendedData>
          <Data name="nama">
            <value>A44-PYK3</value>
          </Data>
          <Data name="deskripsi">
            <value/>
          </Data>
        </ExtendedData>
        <Point>
          <coordinates>
            100.631166,-0.245174,0
          </coordinates>
        </Point>
      </Placemark>
      <Placemark>
        <name/>
        <description><![CDATA[nama: A44-PYK4<br>deskripsi: ]]></description>
        <styleUrl>#icon-1899-0288D1</styleUrl>
        <ExtendedData>
          <Data name="nama">
            <value>A44-PYK4</value>
          </Data>
          <Data name="deskripsi">
            <value/>
          </Data>
        </ExtendedData>
        <Point>
          <coordinates>
            100.629079,-0.247994,0
          </coordinates>
        </Point>
      </Placemark>
      <Placemark>
        <name/>
        <description><![CDATA[nama: A44-PYK5<br>deskripsi: ]]></description>
        <styleUrl>#icon-1899-0288D1</styleUrl>
        <ExtendedData>
          <Data name="nama">
            <value>A44-PYK5</value>
          </Data>
          <Data name="deskripsi">
            <value/>
          </Data>
        </ExtendedData>
        <Point>
          <coordinates>
            100.628459,-0.2488,0
          </coordinates>
        </Point>
      </Placemark>
      <Placemark>
        <name/>
        <description><![CDATA[nama: A44-PYK2-1<br>deskripsi: ]]></description>
        <styleUrl>#icon-1899-0288D1</styleUrl>
        <ExtendedData>
          <Data name="nama">
            <value>A44-PYK2-1</value>
          </Data>
          <Data name="deskripsi">
            <value/>
          </Data>
        </ExtendedData>
        <Point>
          <coordinates>
            100.630012,-0.241409,0
          </coordinates>
        </Point>
      </Placemark>
      <Placemark>
        <name/>
        <description><![CDATA[nama: A44-PYK5-1<br>deskripsi: ]]></description>
        <styleUrl>#icon-1899-0288D1</styleUrl>
        <ExtendedData>
          <Data name="nama">
            <value>A44-PYK5-1</value>
          </Data>
          <Data name="deskripsi">
            <value/>
          </Data>
        </ExtendedData>
        <Point>
          <coordinates>
            100.626306,-0.251496,0
          </coordinates>
        </Point>
      </Placemark>
      <Placemark>
        <name/>
        <description><![CDATA[nama: 24C Jl. Asoka - Jl Kemuning - Jl Raflesia<br>deskripsi: KLASIFIKASI KABEL : BACKBONE dan AKSES<br>LETAK KABEL : UDARA<br>JUMLAH CORE : 24<br>JUMLAH CORE TERPAKAI : 12<br>CUTOFF DATA : Februari 2026]]></description>
        <styleUrl>#line-000000-1200</styleUrl>
        <ExtendedData>
          <Data name="nama">
            <value>24C Jl. Asoka - Jl Kemuning - Jl Raflesia</value>
          </Data>
          <Data name="deskripsi">
            <value>KLASIFIKASI KABEL : BACKBONE dan AKSES
LETAK KABEL : UDARA
JUMLAH CORE : 24
JUMLAH CORE TERPAKAI : 12
CUTOFF DATA : Februari 2026</value>
          </Data>
        </ExtendedData>
        <LineString>
          <tessellate>1</tessellate>
          <coordinates>
            100.619745,-0.233678,0
            100.619656,-0.233624,0
            100.619553,-0.233763,0
            100.619391,-0.233669,0
            100.619184,-0.233988,0
            100.619009,-0.234256,0
            100.618851,-0.23451,0
            100.618698,-0.234768,0
            100.618423,-0.235218,0
            100.618243,-0.235523,0
            100.618126,-0.235697,0
            100.617974,-0.235953,0
            100.617689,-0.236393,0
            100.617519,-0.236678,0
            100.617229,-0.237147,0
            100.617096,-0.237389,0
            100.616912,-0.237639,0
            100.61671,-0.237963,0
            100.616503,-0.238256,0
            100.615708,-0.237774,0
            100.61513,-0.237378,0
            100.614588,-0.236957,0
            100.614266,-0.236657,0
            100.614153,-0.236218,0
            100.613872,-0.236033,0
            100.613448,-0.235903,0
            100.613146,-0.23536,0
            100.612887,-0.234722,0
            100.612228,-0.233676,0
            100.611772,-0.232924,0
            100.611205,-0.232051,0
            100.611431,-0.22968,0
            100.611369,-0.227615,0
            100.611892,-0.226489,0
            100.612044,-0.226104,0
            100.6121,-0.225684,0
            100.610783,-0.223699,0
            100.609468,-0.222036,0
            100.609168,-0.220686,0
            100.609284,-0.220076,0
            100.608888,-0.219376,0
            100.608711,-0.21874,0
            100.608625,-0.218555,0
          </coordinates>
        </LineString>
      </Placemark>
      <Placemark>
        <name/>
        <description><![CDATA[nama: 4C Gg. Payung Sekaki<br>deskripsi: KLASIFIKASI KABEL : AKSES<br>LETAK KABEL : UDARA<br>JUMLAH CORE : 4<br>JUMLAH CORE TERPAKAI : 2<br>CUTOFF DATA : Maret 2026]]></description>
        <styleUrl>#line-000000-1200</styleUrl>
        <ExtendedData>
          <Data name="nama">
            <value>4C Gg. Payung Sekaki</value>
          </Data>
          <Data name="deskripsi">
            <value>KLASIFIKASI KABEL : AKSES
LETAK KABEL : UDARA
JUMLAH CORE : 4
JUMLAH CORE TERPAKAI : 2
CUTOFF DATA : Maret 2026</value>
          </Data>
        </ExtendedData>
        <LineString>
          <tessellate>1</tessellate>
          <coordinates>
            100.615334,-0.237515,0
            100.615744,-0.23708,0
            100.615821,-0.237112,0
            100.616051,-0.236871,0
          </coordinates>
        </LineString>
      </Placemark>
      <Placemark>
        <name/>
        <description><![CDATA[nama: 4C Jl. M. Syafei<br>deskripsi: KLASIFIKASI KABEL : AKSES<br>LETAK KABEL : UDARA<br>JUMLAH CORE : 4<br>JUMLAH CORE TERPAKAI : 2<br>CUTOFF DATA : Maret 2026]]></description>
        <styleUrl>#line-000000-1200</styleUrl>
        <ExtendedData>
          <Data name="nama">
            <value>4C Jl. M. Syafei</value>
          </Data>
          <Data name="deskripsi">
            <value>KLASIFIKASI KABEL : AKSES
LETAK KABEL : UDARA
JUMLAH CORE : 4
JUMLAH CORE TERPAKAI : 2
CUTOFF DATA : Maret 2026</value>
          </Data>
        </ExtendedData>
        <LineString>
          <tessellate>1</tessellate>
          <coordinates>
            100.611427,-0.22964,0
            100.611785,-0.229728,0
            100.612102,-0.229713,0
            100.6124,-0.229582,0
            100.612658,-0.229348,0
            100.613436,-0.228732,0
          </coordinates>
        </LineString>
      </Placemark>
      <Placemark>
        <name/>
        <description><![CDATA[nama: 12C Jl. Simp Torang - SMKN 4<br>deskripsi: KLASIFIKASI KABEL : BACKBONE dan AKSES<br>LETAK KABEL : UDARA<br>JUMLAH CORE : 12<br>JUMLAH CORE TERPAKAI : 4<br>CUTOFF DATA : Februari 2026]]></description>
        <styleUrl>#line-000000-1200</styleUrl>
        <ExtendedData>
          <Data name="nama">
            <value>12C Jl. Simp Torang - SMKN 4</value>
          </Data>
          <Data name="deskripsi">
            <value>KLASIFIKASI KABEL : BACKBONE dan AKSES
LETAK KABEL : UDARA
JUMLAH CORE : 12
JUMLAH CORE TERPAKAI : 4
CUTOFF DATA : Februari 2026</value>
          </Data>
        </ExtendedData>
        <LineString>
          <tessellate>1</tessellate>
          <coordinates>
            100.608621,-0.218567,0
            100.607618,-0.218304,0
            100.605675,-0.217596,0
            100.60524,-0.216688,0
            100.604084,-0.2156,0
            100.602141,-0.214911,0
            100.601843,-0.214551,0
            100.601701,-0.214931,0
            100.601585,-0.215704,0
            100.601035,-0.215754,0
            100.600993,-0.216259,0
            100.600852,-0.21686,0
            100.600763,-0.217635,0
            100.600256,-0.217634,0
          </coordinates>
        </LineString>
      </Placemark>
      <Placemark>
        <name/>
        <description><![CDATA[nama: 4C Jl. Diponogoro<br>deskripsi: KLASIFIKASI KABEL : AKSES<br>LETAK KABEL : UDARA<br>JUMLAH CORE : 4<br>JUMLAH CORE TERPAKAI : 2<br>CUTOFF DATA : Juni 2026]]></description>
        <styleUrl>#line-000000-1200</styleUrl>
        <ExtendedData>
          <Data name="nama">
            <value>4C Jl. Diponogoro</value>
          </Data>
          <Data name="deskripsi">
            <value>KLASIFIKASI KABEL : AKSES
LETAK KABEL : UDARA
JUMLAH CORE : 4
JUMLAH CORE TERPAKAI : 2
CUTOFF DATA : Juni 2026</value>
          </Data>
        </ExtendedData>
        <LineString>
          <tessellate>1</tessellate>
          <coordinates>
            100.608628,-0.218605,0
            100.606984,-0.220494,0
            100.606281,-0.221354,0
            100.605973,-0.222666,0
            100.605654,-0.224583,0
            100.605786,-0.224645,0
          </coordinates>
        </LineString>
      </Placemark>
      <Placemark>
        <name/>
        <description><![CDATA[nama: 4C Perumahan Talang<br>deskripsi: KLASIFIKASI KABEL : AKSES<br>LETAK KABEL : UDARA<br>JUMLAH CORE : 4<br>JUMLAH CORE TERPAKAI : 2<br>CUTOFF DATA : Juni 2026]]></description>
        <styleUrl>#line-000000-1200</styleUrl>
        <ExtendedData>
          <Data name="nama">
            <value>4C Perumahan Talang</value>
          </Data>
          <Data name="deskripsi">
            <value>KLASIFIKASI KABEL : AKSES
LETAK KABEL : UDARA
JUMLAH CORE : 4
JUMLAH CORE TERPAKAI : 2
CUTOFF DATA : Juni 2026</value>
          </Data>
        </ExtendedData>
        <LineString>
          <tessellate>1</tessellate>
          <coordinates>
            100.605943,-0.222692,0
            100.60525,-0.222544,0
            100.604944,-0.222314,0
          </coordinates>
        </LineString>
      </Placemark>
      <Placemark>
        <name/>
        <description><![CDATA[nama: B1-PYK1<br>deskripsi: ]]></description>
        <styleUrl>#icon-1899-0288D1</styleUrl>
        <ExtendedData>
          <Data name="nama">
            <value>B1-PYK1</value>
          </Data>
          <Data name="deskripsi">
            <value/>
          </Data>
        </ExtendedData>
        <Point>
          <coordinates>
            100.619038,-0.234208,0
          </coordinates>
        </Point>
      </Placemark>
      <Placemark>
        <name/>
        <description><![CDATA[nama: B1-PYK1-1<br>deskripsi: ]]></description>
        <styleUrl>#icon-1899-0288D1</styleUrl>
        <ExtendedData>
          <Data name="nama">
            <value>B1-PYK1-1</value>
          </Data>
          <Data name="deskripsi">
            <value/>
          </Data>
        </ExtendedData>
        <Point>
          <coordinates>
            100.616046,-0.236876,0
          </coordinates>
        </Point>
      </Placemark>
      <Placemark>
        <name/>
        <description><![CDATA[nama: B1-PYK2<br>deskripsi: ]]></description>
        <styleUrl>#icon-1899-0288D1</styleUrl>
        <ExtendedData>
          <Data name="nama">
            <value>B1-PYK2</value>
          </Data>
          <Data name="deskripsi">
            <value/>
          </Data>
        </ExtendedData>
        <Point>
          <coordinates>
            100.618477,-0.235139,0
          </coordinates>
        </Point>
      </Placemark>
      <Placemark>
        <name/>
        <description><![CDATA[nama: B1-PYK3<br>deskripsi: ]]></description>
        <styleUrl>#icon-1899-0288D1</styleUrl>
        <ExtendedData>
          <Data name="nama">
            <value>B1-PYK3</value>
          </Data>
          <Data name="deskripsi">
            <value/>
          </Data>
        </ExtendedData>
        <Point>
          <coordinates>
            100.61817,-0.235641,0
          </coordinates>
        </Point>
      </Placemark>
      <Placemark>
        <name/>
        <description><![CDATA[nama: B1-PYK4<br>deskripsi: ]]></description>
        <styleUrl>#icon-1899-0288D1</styleUrl>
        <ExtendedData>
          <Data name="nama">
            <value>B1-PYK4</value>
          </Data>
          <Data name="deskripsi">
            <value/>
          </Data>
        </ExtendedData>
        <Point>
          <coordinates>
            100.617733,-0.236336,0
          </coordinates>
        </Point>
      </Placemark>
      <Placemark>
        <name/>
        <description><![CDATA[nama: B1-PYK5<br>deskripsi: ]]></description>
        <styleUrl>#icon-1899-0288D1</styleUrl>
        <ExtendedData>
          <Data name="nama">
            <value>B1-PYK5</value>
          </Data>
          <Data name="deskripsi">
            <value/>
          </Data>
        </ExtendedData>
        <Point>
          <coordinates>
            100.61528,-0.237595,0
          </coordinates>
        </Point>
      </Placemark>
      <Placemark>
        <name/>
        <description><![CDATA[nama: B1-PYK6<br>deskripsi: ]]></description>
        <styleUrl>#icon-1899-0288D1</styleUrl>
        <ExtendedData>
          <Data name="nama">
            <value>B1-PYK6</value>
          </Data>
          <Data name="deskripsi">
            <value/>
          </Data>
        </ExtendedData>
        <Point>
          <coordinates>
            100.614894,-0.237291,0
          </coordinates>
        </Point>
      </Placemark>
      <Placemark>
        <name/>
        <description><![CDATA[nama: B1-PYK7<br>deskripsi: ]]></description>
        <styleUrl>#icon-1899-0288D1</styleUrl>
        <ExtendedData>
          <Data name="nama">
            <value>B1-PYK7</value>
          </Data>
          <Data name="deskripsi">
            <value/>
          </Data>
        </ExtendedData>
        <Point>
          <coordinates>
            100.614559,-0.237019,0
          </coordinates>
        </Point>
      </Placemark>
      <Placemark>
        <name/>
        <description><![CDATA[nama: B1-PYK8<br>deskripsi: ]]></description>
        <styleUrl>#icon-1899-0288D1</styleUrl>
        <ExtendedData>
          <Data name="nama">
            <value>B1-PYK8</value>
          </Data>
          <Data name="deskripsi">
            <value/>
          </Data>
        </ExtendedData>
        <Point>
          <coordinates>
            100.613922,-0.236072,0
          </coordinates>
        </Point>
      </Placemark>
      <Placemark>
        <name/>
        <description><![CDATA[nama: B9-PYK0<br>deskripsi: ]]></description>
        <styleUrl>#icon-1899-0288D1</styleUrl>
        <ExtendedData>
          <Data name="nama">
            <value>B9-PYK0</value>
          </Data>
          <Data name="deskripsi">
            <value/>
          </Data>
        </ExtendedData>
        <Point>
          <coordinates>
            100.613046,-0.235221,0
          </coordinates>
        </Point>
      </Placemark>
      <Placemark>
        <name/>
        <description><![CDATA[nama: B9-PYK1<br>deskripsi: ]]></description>
        <styleUrl>#icon-1899-0288D1</styleUrl>
        <ExtendedData>
          <Data name="nama">
            <value>B9-PYK1</value>
          </Data>
          <Data name="deskripsi">
            <value/>
          </Data>
        </ExtendedData>
        <Point>
          <coordinates>
            100.612639,-0.234334,0
          </coordinates>
        </Point>
      </Placemark>
      <Placemark>
        <name/>
        <description><![CDATA[nama: B9-PYK2<br>deskripsi: ]]></description>
        <styleUrl>#icon-1899-0288D1</styleUrl>
        <ExtendedData>
          <Data name="nama">
            <value>B9-PYK2</value>
          </Data>
          <Data name="deskripsi">
            <value/>
          </Data>
        </ExtendedData>
        <Point>
          <coordinates>
            100.612222,-0.233636,0
          </coordinates>
        </Point>
      </Placemark>
      <Placemark>
        <name/>
        <description><![CDATA[nama: B9-PYK3<br>deskripsi: ]]></description>
        <styleUrl>#icon-1899-0288D1</styleUrl>
        <ExtendedData>
          <Data name="nama">
            <value>B9-PYK3</value>
          </Data>
          <Data name="deskripsi">
            <value/>
          </Data>
        </ExtendedData>
        <Point>
          <coordinates>
            100.611776,-0.232905,0
          </coordinates>
        </Point>
      </Placemark>
      <Placemark>
        <name/>
        <description><![CDATA[nama: B9-PYK4<br>deskripsi: ]]></description>
        <styleUrl>#icon-1899-0288D1</styleUrl>
        <ExtendedData>
          <Data name="nama">
            <value>B9-PYK4</value>
          </Data>
          <Data name="deskripsi">
            <value/>
          </Data>
        </ExtendedData>
        <Point>
          <coordinates>
            100.611383,-0.23231,0
          </coordinates>
        </Point>
      </Placemark>
      <Placemark>
        <name/>
        <description><![CDATA[nama: B9-PYK5<br>deskripsi: ]]></description>
        <styleUrl>#icon-1899-0288D1</styleUrl>
        <ExtendedData>
          <Data name="nama">
            <value>B9-PYK5</value>
          </Data>
          <Data name="deskripsi">
            <value/>
          </Data>
        </ExtendedData>
        <Point>
          <coordinates>
            100.611306,-0.231169,0
          </coordinates>
        </Point>
      </Placemark>
      <Placemark>
        <name/>
        <description><![CDATA[nama: B9-PYK6<br>deskripsi: ]]></description>
        <styleUrl>#icon-1899-0288D1</styleUrl>
        <ExtendedData>
          <Data name="nama">
            <value>B9-PYK6</value>
          </Data>
          <Data name="deskripsi">
            <value/>
          </Data>
        </ExtendedData>
        <Point>
          <coordinates>
            100.611405,-0.230317,0
          </coordinates>
        </Point>
      </Placemark>
      <Placemark>
        <name/>
        <description><![CDATA[nama: B9-PYK7<br>deskripsi: ]]></description>
        <styleUrl>#icon-1899-0288D1</styleUrl>
        <ExtendedData>
          <Data name="nama">
            <value>B9-PYK7</value>
          </Data>
          <Data name="deskripsi">
            <value/>
          </Data>
        </ExtendedData>
        <Point>
          <coordinates>
            100.611439,-0.229625,0
          </coordinates>
        </Point>
      </Placemark>
      <Placemark>
        <name/>
        <description><![CDATA[nama: B9-PYK7-1<br>deskripsi: ]]></description>
        <styleUrl>#icon-1899-0288D1</styleUrl>
        <ExtendedData>
          <Data name="nama">
            <value>B9-PYK7-1</value>
          </Data>
          <Data name="deskripsi">
            <value/>
          </Data>
        </ExtendedData>
        <Point>
          <coordinates>
            100.613404,-0.228761,0
          </coordinates>
        </Point>
      </Placemark>
      <Placemark>
        <name/>
        <description><![CDATA[nama: B9-PYK8<br>deskripsi: ]]></description>
        <styleUrl>#icon-1899-0288D1</styleUrl>
        <ExtendedData>
          <Data name="nama">
            <value>B9-PYK8</value>
          </Data>
          <Data name="deskripsi">
            <value/>
          </Data>
        </ExtendedData>
        <Point>
          <coordinates>
            100.611384,-0.22878,0
          </coordinates>
        </Point>
      </Placemark>
      <Placemark>
        <name/>
        <description><![CDATA[nama: B10-PYK0<br>deskripsi: ]]></description>
        <styleUrl>#icon-1899-0288D1</styleUrl>
        <ExtendedData>
          <Data name="nama">
            <value>B10-PYK0</value>
          </Data>
          <Data name="deskripsi">
            <value/>
          </Data>
        </ExtendedData>
        <Point>
          <coordinates>
            100.608637,-0.218566,0
          </coordinates>
        </Point>
      </Placemark>
      <Placemark>
        <name/>
        <description><![CDATA[nama: B10-PYK0-1<br>deskripsi: ]]></description>
        <styleUrl>#icon-1899-0288D1</styleUrl>
        <ExtendedData>
          <Data name="nama">
            <value>B10-PYK0-1</value>
          </Data>
          <Data name="deskripsi">
            <value/>
          </Data>
        </ExtendedData>
        <Point>
          <coordinates>
            100.605819,-0.224648,0
          </coordinates>
        </Point>
      </Placemark>
      <Placemark>
        <name/>
        <description><![CDATA[nama: B10-PYK0-2<br>deskripsi: ]]></description>
        <styleUrl>#icon-1899-0288D1</styleUrl>
        <ExtendedData>
          <Data name="nama">
            <value>B10-PYK0-2</value>
          </Data>
          <Data name="deskripsi">
            <value/>
          </Data>
        </ExtendedData>
        <Point>
          <coordinates>
            100.60496,-0.222325,0
          </coordinates>
        </Point>
      </Placemark>
      <Placemark>
        <name/>
        <description><![CDATA[nama: B10-PYK1<br>deskripsi: ]]></description>
        <styleUrl>#icon-1899-0288D1</styleUrl>
        <ExtendedData>
          <Data name="nama">
            <value>B10-PYK1</value>
          </Data>
          <Data name="deskripsi">
            <value/>
          </Data>
        </ExtendedData>
        <Point>
          <coordinates>
            100.608736,-0.218736,0
          </coordinates>
        </Point>
      </Placemark>
      <Placemark>
        <name/>
        <description><![CDATA[nama: B10-PYK2<br>deskripsi: ]]></description>
        <styleUrl>#icon-1899-0288D1</styleUrl>
        <ExtendedData>
          <Data name="nama">
            <value>B10-PYK2</value>
          </Data>
          <Data name="deskripsi">
            <value/>
          </Data>
        </ExtendedData>
        <Point>
          <coordinates>
            100.609267,-0.220053,0
          </coordinates>
        </Point>
      </Placemark>
      <Placemark>
        <name/>
        <description><![CDATA[nama: B10-PYK3<br>deskripsi: ]]></description>
        <styleUrl>#icon-1899-0288D1</styleUrl>
        <ExtendedData>
          <Data name="nama">
            <value>B10-PYK3</value>
          </Data>
          <Data name="deskripsi">
            <value/>
          </Data>
        </ExtendedData>
        <Point>
          <coordinates>
            100.610222,-0.222988,0
          </coordinates>
        </Point>
      </Placemark>
      <Placemark>
        <name/>
        <description><![CDATA[nama: B10-PYK4<br>deskripsi: ]]></description>
        <styleUrl>#icon-1899-0288D1</styleUrl>
        <ExtendedData>
          <Data name="nama">
            <value>B10-PYK4</value>
          </Data>
          <Data name="deskripsi">
            <value/>
          </Data>
        </ExtendedData>
        <Point>
          <coordinates>
            100.61204,-0.226161,0
          </coordinates>
        </Point>
      </Placemark>
      <Placemark>
        <name/>
        <description><![CDATA[nama: B10-PYK5<br>deskripsi: ]]></description>
        <styleUrl>#icon-1899-0288D1</styleUrl>
        <ExtendedData>
          <Data name="nama">
            <value>B10-PYK5</value>
          </Data>
          <Data name="deskripsi">
            <value/>
          </Data>
        </ExtendedData>
        <Point>
          <coordinates>
            100.611693,-0.226929,0
          </coordinates>
        </Point>
      </Placemark>
      <Placemark>
        <name/>
        <description><![CDATA[nama: B10-PYK6<br>deskripsi: ]]></description>
        <styleUrl>#icon-1899-0288D1</styleUrl>
        <ExtendedData>
          <Data name="nama">
            <value>B10-PYK6</value>
          </Data>
          <Data name="deskripsi">
            <value/>
          </Data>
        </ExtendedData>
        <Point>
          <coordinates>
            100.607649,-0.218323,0
          </coordinates>
        </Point>
      </Placemark>
      <Placemark>
        <name/>
        <description><![CDATA[nama: B10-PYK7<br>deskripsi: ]]></description>
        <styleUrl>#icon-1899-0288D1</styleUrl>
        <ExtendedData>
          <Data name="nama">
            <value>B10-PYK7</value>
          </Data>
          <Data name="deskripsi">
            <value/>
          </Data>
        </ExtendedData>
        <Point>
          <coordinates>
            100.605679,-0.217601,0
          </coordinates>
        </Point>
      </Placemark>
      <Placemark>
        <name/>
        <description><![CDATA[nama: B11-PYK0<br>deskripsi: ]]></description>
        <styleUrl>#icon-1899-0288D1</styleUrl>
        <ExtendedData>
          <Data name="nama">
            <value>B11-PYK0</value>
          </Data>
          <Data name="deskripsi">
            <value/>
          </Data>
        </ExtendedData>
        <Point>
          <coordinates>
            100.601849,-0.21454,0
          </coordinates>
        </Point>
      </Placemark>
      <Placemark>
        <name/>
        <description><![CDATA[nama: B11-PYK1<br>deskripsi: ]]></description>
        <styleUrl>#icon-1899-0288D1</styleUrl>
        <ExtendedData>
          <Data name="nama">
            <value>B11-PYK1</value>
          </Data>
          <Data name="deskripsi">
            <value/>
          </Data>
        </ExtendedData>
        <Point>
          <coordinates>
            100.600287,-0.217608,0
          </coordinates>
        </Point>
      </Placemark>
      <Placemark>
        <name/>
        <description><![CDATA[nama: 48C Jl. Soekarno - Hatta<br>deskripsi: KLASIFIKASI KABEL : BACKBONE<br>LETAK KABEL : UDARA<br>JUMLAH CORE : 48<br>JUMLAH CORE TERPAKAI : 48<br>CUTOFF DATA : Februari 2026]]></description>
        <styleUrl>#line-000000-1200</styleUrl>
        <ExtendedData>
          <Data name="nama">
            <value>48C Jl. Soekarno - Hatta</value>
          </Data>
          <Data name="deskripsi">
            <value>KLASIFIKASI KABEL : BACKBONE
LETAK KABEL : UDARA
JUMLAH CORE : 48
JUMLAH CORE TERPAKAI : 48
CUTOFF DATA : Februari 2026</value>
          </Data>
        </ExtendedData>
        <LineString>
          <tessellate>1</tessellate>
          <coordinates>
            100.619744,-0.23368,0
            100.619657,-0.233628,0
            100.619559,-0.233763,0
            100.619389,-0.233671,0
            100.6198,-0.233092,0
            100.620131,-0.232652,0
            100.620488,-0.232209,0
            100.621035,-0.231688,0
            100.622015,-0.230846,0
            100.623492,-0.229646,0
            100.625061,-0.228425,0
            100.625949,-0.22785,0
            100.62712,-0.22711,0
            100.628793,-0.226073,0
            100.630005,-0.225364,0
            100.63085,-0.224947,0
          </coordinates>
        </LineString>
      </Placemark>
      <Placemark>
        <name/>
        <description><![CDATA[nama: 24C Jl. Jend Sudirman<br>deskripsi: KLASIFIKASI KABEL : BACKBONE dan AKSES<br>LETAK KABEL : UDARA<br>JUMLAH CORE : 24<br>JUMLAH CORE TERPAKAI : 12<br>CUTOFF DATA : Februari 2026]]></description>
        <styleUrl>#line-000000-1200</styleUrl>
        <ExtendedData>
          <Data name="nama">
            <value>24C Jl. Jend Sudirman</value>
          </Data>
          <Data name="deskripsi">
            <value>KLASIFIKASI KABEL : BACKBONE dan AKSES
LETAK KABEL : UDARA
JUMLAH CORE : 24
JUMLAH CORE TERPAKAI : 12
CUTOFF DATA : Februari 2026</value>
          </Data>
        </ExtendedData>
        <LineString>
          <tessellate>1</tessellate>
          <coordinates>
            100.630861,-0.224901,0
            100.632646,-0.224021,0
            100.633674,-0.223494,0
            100.634404,-0.223094,0
            100.635448,-0.222535,0
            100.637029,-0.221319,0
            100.638584,-0.220158,0
            100.640194,-0.218823,0
            100.641283,-0.217962,0
            100.642246,-0.217189,0
            100.643349,-0.216338,0
            100.644485,-0.215399,0
            100.645856,-0.214232,0
            100.645962,-0.213886,0
            100.645598,-0.212446,0
            100.645284,-0.210825,0
          </coordinates>
        </LineString>
      </Placemark>
      <Placemark>
        <name/>
        <description><![CDATA[nama: 24C Jl. Ade Irma Suryani<br>deskripsi: KLASIFIKASI KABEL : BACKBONE dan AKSES<br>LETAK KABEL : UDARA<br>JUMLAH CORE : 24<br>JUMLAH CORE TERPAKAI : 6<br>CUTOFF DATA : Februari 2026]]></description>
        <styleUrl>#line-000000-1200</styleUrl>
        <ExtendedData>
          <Data name="nama">
            <value>24C Jl. Ade Irma Suryani</value>
          </Data>
          <Data name="deskripsi">
            <value>KLASIFIKASI KABEL : BACKBONE dan AKSES
LETAK KABEL : UDARA
JUMLAH CORE : 24
JUMLAH CORE TERPAKAI : 6
CUTOFF DATA : Februari 2026</value>
          </Data>
        </ExtendedData>
        <LineString>
          <tessellate>1</tessellate>
          <coordinates>
            100.634411,-0.223095,0
            100.635098,-0.222724,0
            100.635461,-0.222815,0
            100.636395,-0.222916,0
            100.637062,-0.222984,0
            100.6384,-0.223157,0
          </coordinates>
        </LineString>
      </Placemark>
      <Placemark>
        <name/>
        <description><![CDATA[nama: 24C Jl. Prof. Dr. Hamka<br>deskripsi: KLASIFIKASI KABEL : BACKBONE dan AKSES<br>LETAK KABEL : UDARA<br>JUMLAH CORE : 24<br>JUMLAH CORE TERPAKAI : 12<br>CUTOFF DATA : Februari 2026]]></description>
        <styleUrl>#line-000000-1200</styleUrl>
        <ExtendedData>
          <Data name="nama">
            <value>24C Jl. Prof. Dr. Hamka</value>
          </Data>
          <Data name="deskripsi">
            <value>KLASIFIKASI KABEL : BACKBONE dan AKSES
LETAK KABEL : UDARA
JUMLAH CORE : 24
JUMLAH CORE TERPAKAI : 12
CUTOFF DATA : Februari 2026</value>
          </Data>
        </ExtendedData>
        <LineString>
          <tessellate>1</tessellate>
          <coordinates>
            100.62295,-0.2131,0
            100.624405,-0.212256,0
            100.624858,-0.212114,0
            100.62686,-0.213107,0
            100.627369,-0.213397,0
            100.62845,-0.214717,0
            100.628836,-0.214807,0
            100.633039,-0.214653,0
            100.634558,-0.214533,0
            100.63627,-0.214108,0
            100.637629,-0.213687,0
            100.63867,-0.213304,0
            100.640218,-0.212506,0
            100.642539,-0.211698,0
            100.643928,-0.211291,0
            100.645294,-0.210846,0
          </coordinates>
        </LineString>
      </Placemark>
      <Placemark>
        <name/>
        <description><![CDATA[nama: 24C Jl. Tan Malaka<br>deskripsi: KLASIFIKASI KABEL : BACKBONE dan AKSES<br>LETAK KABEL : UDARA<br>JUMLAH CORE : 24<br>JUMLAH CORE TERPAKAI : 12<br>CUTOFF DATA : Februari 2026]]></description>
        <styleUrl>#line-000000-1200</styleUrl>
        <ExtendedData>
          <Data name="nama">
            <value>24C Jl. Tan Malaka</value>
          </Data>
          <Data name="deskripsi">
            <value>KLASIFIKASI KABEL : BACKBONE dan AKSES
LETAK KABEL : UDARA
JUMLAH CORE : 24
JUMLAH CORE TERPAKAI : 12
CUTOFF DATA : Februari 2026</value>
          </Data>
        </ExtendedData>
        <LineString>
          <tessellate>1</tessellate>
          <coordinates>
            100.630839,-0.224949,0
            100.630688,-0.224351,0
            100.630478,-0.224035,0
            100.629822,-0.223525,0
            100.630497,-0.222714,0
            100.630491,-0.222574,0
            100.629862,-0.221949,0
            100.626939,-0.218258,0
            100.62407,-0.214538,0
            100.622819,-0.212937,0
            100.619353,-0.208219,0
            100.618973,-0.207595,0
            100.618506,-0.206703,0
          </coordinates>
        </LineString>
      </Placemark>
      <Placemark>
        <name/>
        <description><![CDATA[nama: 24C Jl. Rasyid Taher<br>deskripsi: KLASIFIKASI KABEL : BACKBONE dan AKSES<br>LETAK KABEL : UDARA<br>JUMLAH CORE : 24<br>JUMLAH CORE TERPAKAI : 12<br>CUTOFF DATA : Februari 2026]]></description>
        <styleUrl>#line-000000-1200</styleUrl>
        <ExtendedData>
          <Data name="nama">
            <value>24C Jl. Rasyid Taher</value>
          </Data>
          <Data name="deskripsi">
            <value>KLASIFIKASI KABEL : BACKBONE dan AKSES
LETAK KABEL : UDARA
JUMLAH CORE : 24
JUMLAH CORE TERPAKAI : 12
CUTOFF DATA : Februari 2026</value>
          </Data>
        </ExtendedData>
        <LineString>
          <tessellate>1</tessellate>
          <coordinates>
            100.618499,-0.206686,0
            100.616283,-0.208613,0
            100.615721,-0.208482,0
            100.614602,-0.208067,0
            100.613009,-0.207167,0
            100.612362,-0.206917,0
            100.611628,-0.2069,0
            100.610529,-0.206801,0
            100.610143,-0.206635,0
            100.609799,-0.206371,0
          </coordinates>
        </LineString>
      </Placemark>
      <Placemark>
        <name/>
        <description><![CDATA[nama: 12C Jl. Merpati<br>deskripsi: KLASIFIKASI KABEL : BACKBONE dan AKSES<br>LETAK KABEL : UDARA<br>JUMLAH CORE : 12<br>JUMLAH CORE TERPAKAI : 6<br>CUTOFF DATA : Februari 2026]]></description>
        <styleUrl>#line-000000-1200</styleUrl>
        <ExtendedData>
          <Data name="nama">
            <value>12C Jl. Merpati</value>
          </Data>
          <Data name="deskripsi">
            <value>KLASIFIKASI KABEL : BACKBONE dan AKSES
LETAK KABEL : UDARA
JUMLAH CORE : 12
JUMLAH CORE TERPAKAI : 6
CUTOFF DATA : Februari 2026</value>
          </Data>
        </ExtendedData>
        <LineString>
          <tessellate>1</tessellate>
          <coordinates>
            100.632988,-0.214608,0
            100.632661,-0.214059,0
            100.632419,-0.213241,0
            100.630755,-0.211975,0
            100.629883,-0.211343,0
            100.629672,-0.211067,0
            100.629642,-0.210982,0
            100.629138,-0.210586,0
            100.628898,-0.210354,0
          </coordinates>
        </LineString>
      </Placemark>
      <Placemark>
        <name/>
        <description><![CDATA[nama: 4C Jl. Gelatik<br>deskripsi: KLASIFIKASI KABEL : AKSES<br>LETAK KABEL : UDARA<br>JUMLAH CORE : 4<br>JUMLAH CORE TERPAKAI : 2<br>CUTOFF DATA : April 2026]]></description>
        <styleUrl>#line-000000-1200</styleUrl>
        <ExtendedData>
          <Data name="nama">
            <value>4C Jl. Gelatik</value>
          </Data>
          <Data name="deskripsi">
            <value>KLASIFIKASI KABEL : AKSES
LETAK KABEL : UDARA
JUMLAH CORE : 4
JUMLAH CORE TERPAKAI : 2
CUTOFF DATA : April 2026</value>
          </Data>
        </ExtendedData>
        <LineString>
          <tessellate>1</tessellate>
          <coordinates>
            100.638432,-0.213336,0
            100.638612,-0.213209,0
            100.638014,-0.211979,0
            100.63719,-0.211399,0
            100.636455,-0.210664,0
            100.636734,-0.210416,0
          </coordinates>
        </LineString>
      </Placemark>
      <Placemark>
        <name/>
        <description><![CDATA[nama: 4C Jl. Minang Kabau<br>deskripsi: KLASIFIKASI KABEL : AKSES<br>LETAK KABEL : UDARA<br>JUMLAH CORE : 4<br>JUMLAH CORE TERPAKAI : 2<br>CUTOFF DATA : Mei 2026]]></description>
        <styleUrl>#line-000000-1200</styleUrl>
        <ExtendedData>
          <Data name="nama">
            <value>4C Jl. Minang Kabau</value>
          </Data>
          <Data name="deskripsi">
            <value>KLASIFIKASI KABEL : AKSES
LETAK KABEL : UDARA
JUMLAH CORE : 4
JUMLAH CORE TERPAKAI : 2
CUTOFF DATA : Mei 2026</value>
          </Data>
        </ExtendedData>
        <LineString>
          <tessellate>1</tessellate>
          <coordinates>
            100.609784,-0.206364,0
            100.609484,-0.206064,0
            100.609372,-0.205187,0
            100.609325,-0.20447,0
            100.609388,-0.204195,0
            100.609366,-0.203546,0
          </coordinates>
        </LineString>
      </Placemark>
      <Placemark>
        <name/>
        <description><![CDATA[nama: C1-PYK1<br>deskripsi: ]]></description>
        <styleUrl>#icon-1899-0288D1</styleUrl>
        <ExtendedData>
          <Data name="nama">
            <value>C1-PYK1</value>
          </Data>
          <Data name="deskripsi">
            <value/>
          </Data>
        </ExtendedData>
        <Point>
          <coordinates>
            100.630827,-0.224945,0
          </coordinates>
        </Point>
      </Placemark>
      <Placemark>
        <name/>
        <description><![CDATA[nama: C1-PYK2<br>deskripsi: ]]></description>
        <styleUrl>#icon-1899-0288D1</styleUrl>
        <ExtendedData>
          <Data name="nama">
            <value>C1-PYK2</value>
          </Data>
          <Data name="deskripsi">
            <value/>
          </Data>
        </ExtendedData>
        <Point>
          <coordinates>
            100.62998,-0.225386,0
          </coordinates>
        </Point>
      </Placemark>
      <Placemark>
        <name/>
        <description><![CDATA[nama: C1-PYK3<br>deskripsi: ]]></description>
        <styleUrl>#icon-1899-0288D1</styleUrl>
        <ExtendedData>
          <Data name="nama">
            <value>C1-PYK3</value>
          </Data>
          <Data name="deskripsi">
            <value/>
          </Data>
        </ExtendedData>
        <Point>
          <coordinates>
            100.630473,-0.224043,0
          </coordinates>
        </Point>
      </Placemark>
      <Placemark>
        <name/>
        <description><![CDATA[nama: C1-PYK4<br>deskripsi: ]]></description>
        <styleUrl>#icon-1899-0288D1</styleUrl>
        <ExtendedData>
          <Data name="nama">
            <value>C1-PYK4</value>
          </Data>
          <Data name="deskripsi">
            <value/>
          </Data>
        </ExtendedData>
        <Point>
          <coordinates>
            100.629818,-0.223508,0
          </coordinates>
        </Point>
      </Placemark>
      <Placemark>
        <name/>
        <description><![CDATA[nama: C2-PYK1<br>deskripsi: ]]></description>
        <styleUrl>#icon-1899-0288D1</styleUrl>
        <ExtendedData>
          <Data name="nama">
            <value>C2-PYK1</value>
          </Data>
          <Data name="deskripsi">
            <value/>
          </Data>
        </ExtendedData>
        <Point>
          <coordinates>
            100.630474,-0.22257,0
          </coordinates>
        </Point>
      </Placemark>
      <Placemark>
        <name/>
        <description><![CDATA[nama: C2-PYK2<br>deskripsi: ]]></description>
        <styleUrl>#icon-1899-0288D1</styleUrl>
        <ExtendedData>
          <Data name="nama">
            <value>C2-PYK2</value>
          </Data>
          <Data name="deskripsi">
            <value/>
          </Data>
        </ExtendedData>
        <Point>
          <coordinates>
            100.629859,-0.221948,0
          </coordinates>
        </Point>
      </Placemark>
      <Placemark>
        <name/>
        <description><![CDATA[nama: C2-PYK3<br>deskripsi: ]]></description>
        <styleUrl>#icon-1899-0288D1</styleUrl>
        <ExtendedData>
          <Data name="nama">
            <value>C2-PYK3</value>
          </Data>
          <Data name="deskripsi">
            <value/>
          </Data>
        </ExtendedData>
        <Point>
          <coordinates>
            100.626953,-0.21825,0
          </coordinates>
        </Point>
      </Placemark>
      <Placemark>
        <name/>
        <description><![CDATA[nama: C2-PYK4<br>deskripsi: ]]></description>
        <styleUrl>#icon-1899-0288D1</styleUrl>
        <ExtendedData>
          <Data name="nama">
            <value>C2-PYK4</value>
          </Data>
          <Data name="deskripsi">
            <value/>
          </Data>
        </ExtendedData>
        <Point>
          <coordinates>
            100.625539,-0.216488,0
          </coordinates>
        </Point>
      </Placemark>
      <Placemark>
        <name/>
        <description><![CDATA[nama: C3-PYK3<br>deskripsi: ]]></description>
        <styleUrl>#icon-1899-0288D1</styleUrl>
        <ExtendedData>
          <Data name="nama">
            <value>C3-PYK3</value>
          </Data>
          <Data name="deskripsi">
            <value/>
          </Data>
        </ExtendedData>
        <Point>
          <coordinates>
            100.622832,-0.212913,0
          </coordinates>
        </Point>
      </Placemark>
      <Placemark>
        <name/>
        <description><![CDATA[nama: C3-PYK2<br>deskripsi: ]]></description>
        <styleUrl>#icon-1899-0288D1</styleUrl>
        <ExtendedData>
          <Data name="nama">
            <value>C3-PYK2</value>
          </Data>
          <Data name="deskripsi">
            <value/>
          </Data>
        </ExtendedData>
        <Point>
          <coordinates>
            100.623347,-0.21349,0
          </coordinates>
        </Point>
      </Placemark>
      <Placemark>
        <name/>
        <description><![CDATA[nama: C3-PYK1<br>deskripsi: ]]></description>
        <styleUrl>#icon-1899-0288D1</styleUrl>
        <ExtendedData>
          <Data name="nama">
            <value>C3-PYK1</value>
          </Data>
          <Data name="deskripsi">
            <value/>
          </Data>
        </ExtendedData>
        <Point>
          <coordinates>
            100.624055,-0.21458,0
          </coordinates>
        </Point>
      </Placemark>
      <Placemark>
        <name/>
        <description><![CDATA[nama: C3-PYK4<br>deskripsi: ]]></description>
        <styleUrl>#icon-1899-0288D1</styleUrl>
        <ExtendedData>
          <Data name="nama">
            <value>C3-PYK4</value>
          </Data>
          <Data name="deskripsi">
            <value/>
          </Data>
        </ExtendedData>
        <Point>
          <coordinates>
            100.622429,-0.212453,0
          </coordinates>
        </Point>
      </Placemark>
      <Placemark>
        <name/>
        <description><![CDATA[nama: C5-PYK1<br>deskripsi: ]]></description>
        <styleUrl>#icon-1899-0288D1</styleUrl>
        <ExtendedData>
          <Data name="nama">
            <value>C5-PYK1</value>
          </Data>
          <Data name="deskripsi">
            <value/>
          </Data>
        </ExtendedData>
        <Point>
          <coordinates>
            100.621531,-0.211169,0
          </coordinates>
        </Point>
      </Placemark>
      <Placemark>
        <name/>
        <description><![CDATA[nama: C5-PYK2<br>deskripsi: ]]></description>
        <styleUrl>#icon-1899-0288D1</styleUrl>
        <ExtendedData>
          <Data name="nama">
            <value>C5-PYK2</value>
          </Data>
          <Data name="deskripsi">
            <value/>
          </Data>
        </ExtendedData>
        <Point>
          <coordinates>
            100.620184,-0.209372,0
          </coordinates>
        </Point>
      </Placemark>
      <Placemark>
        <name/>
        <description><![CDATA[nama: C5-PYK3<br>deskripsi: ]]></description>
        <styleUrl>#icon-1899-0288D1</styleUrl>
        <ExtendedData>
          <Data name="nama">
            <value>C5-PYK3</value>
          </Data>
          <Data name="deskripsi">
            <value/>
          </Data>
        </ExtendedData>
        <Point>
          <coordinates>
            100.61934,-0.208189,0
          </coordinates>
        </Point>
      </Placemark>
      <Placemark>
        <name/>
        <description><![CDATA[nama: C5-PYK4<br>deskripsi: ]]></description>
        <styleUrl>#icon-1899-0288D1</styleUrl>
        <ExtendedData>
          <Data name="nama">
            <value>C5-PYK4</value>
          </Data>
          <Data name="deskripsi">
            <value/>
          </Data>
        </ExtendedData>
        <Point>
          <coordinates>
            100.618964,-0.20762,0
          </coordinates>
        </Point>
      </Placemark>
      <Placemark>
        <name/>
        <description><![CDATA[nama: C4-PYK1<br>deskripsi: ]]></description>
        <styleUrl>#icon-1899-0288D1</styleUrl>
        <ExtendedData>
          <Data name="nama">
            <value>C4-PYK1</value>
          </Data>
          <Data name="deskripsi">
            <value/>
          </Data>
        </ExtendedData>
        <Point>
          <coordinates>
            100.616239,-0.208573,0
          </coordinates>
        </Point>
      </Placemark>
      <Placemark>
        <name/>
        <description><![CDATA[nama: C4-PYK1-1<br>deskripsi: ]]></description>
        <styleUrl>#icon-1899-0288D1</styleUrl>
        <ExtendedData>
          <Data name="nama">
            <value>C4-PYK1-1</value>
          </Data>
          <Data name="deskripsi">
            <value/>
          </Data>
        </ExtendedData>
        <Point>
          <coordinates>
            100.615821,-0.210168,0
          </coordinates>
        </Point>
      </Placemark>
      <Placemark>
        <name/>
        <description><![CDATA[nama: C4-PYK2<br>deskripsi: ]]></description>
        <styleUrl>#icon-1899-0288D1</styleUrl>
        <ExtendedData>
          <Data name="nama">
            <value>C4-PYK2</value>
          </Data>
          <Data name="deskripsi">
            <value/>
          </Data>
        </ExtendedData>
        <Point>
          <coordinates>
            100.614624,-0.208064,0
          </coordinates>
        </Point>
      </Placemark>
      <Placemark>
        <name/>
        <description><![CDATA[nama: C4-PYK3<br>deskripsi: ]]></description>
        <styleUrl>#icon-1899-0288D1</styleUrl>
        <ExtendedData>
          <Data name="nama">
            <value>C4-PYK3</value>
          </Data>
          <Data name="deskripsi">
            <value/>
          </Data>
        </ExtendedData>
        <Point>
          <coordinates>
            100.611635,-0.206867,0
          </coordinates>
        </Point>
      </Placemark>
      <Placemark>
        <name/>
        <description><![CDATA[nama: C4-PYK4<br>deskripsi: ]]></description>
        <styleUrl>#icon-1899-0288D1</styleUrl>
        <ExtendedData>
          <Data name="nama">
            <value>C4-PYK4</value>
          </Data>
          <Data name="deskripsi">
            <value/>
          </Data>
        </ExtendedData>
        <Point>
          <coordinates>
            100.609773,-0.206378,0
          </coordinates>
        </Point>
      </Placemark>
      <Placemark>
        <name/>
        <description><![CDATA[nama: C4-PYK4-1<br>deskripsi: ]]></description>
        <styleUrl>#icon-1899-0288D1</styleUrl>
        <ExtendedData>
          <Data name="nama">
            <value>C4-PYK4-1</value>
          </Data>
          <Data name="deskripsi">
            <value/>
          </Data>
        </ExtendedData>
        <Point>
          <coordinates>
            100.609367,-0.203558,0
          </coordinates>
        </Point>
      </Placemark>
      <Placemark>
        <name/>
        <description><![CDATA[nama: C13-PYK1<br>deskripsi: ]]></description>
        <styleUrl>#icon-1899-0288D1</styleUrl>
        <ExtendedData>
          <Data name="nama">
            <value>C13-PYK1</value>
          </Data>
          <Data name="deskripsi">
            <value/>
          </Data>
        </ExtendedData>
        <Point>
          <coordinates>
            100.624391,-0.212256,0
          </coordinates>
        </Point>
      </Placemark>
      <Placemark>
        <name/>
        <description><![CDATA[nama: C13-PYK2<br>deskripsi: ]]></description>
        <styleUrl>#icon-1899-0288D1</styleUrl>
        <ExtendedData>
          <Data name="nama">
            <value>C13-PYK2</value>
          </Data>
          <Data name="deskripsi">
            <value/>
          </Data>
        </ExtendedData>
        <Point>
          <coordinates>
            100.626924,-0.213112,0
          </coordinates>
        </Point>
      </Placemark>
      <Placemark>
        <name/>
        <description><![CDATA[nama: C13-PYK3<br>deskripsi: ]]></description>
        <styleUrl>#icon-1899-0288D1</styleUrl>
        <ExtendedData>
          <Data name="nama">
            <value>C13-PYK3</value>
          </Data>
          <Data name="deskripsi">
            <value/>
          </Data>
        </ExtendedData>
        <Point>
          <coordinates>
            100.628141,-0.214352,0
          </coordinates>
        </Point>
      </Placemark>
      <Placemark>
        <name/>
        <description><![CDATA[nama: C14-PYK3<br>deskripsi: ]]></description>
        <styleUrl>#icon-1899-0288D1</styleUrl>
        <ExtendedData>
          <Data name="nama">
            <value>C14-PYK3</value>
          </Data>
          <Data name="deskripsi">
            <value/>
          </Data>
        </ExtendedData>
        <Point>
          <coordinates>
            100.63295,-0.214642,0
          </coordinates>
        </Point>
      </Placemark>
      <Placemark>
        <name/>
        <description><![CDATA[nama: C14-PYK2<br>deskripsi: ]]></description>
        <styleUrl>#icon-1899-0288D1</styleUrl>
        <ExtendedData>
          <Data name="nama">
            <value>C14-PYK2</value>
          </Data>
          <Data name="deskripsi">
            <value/>
          </Data>
        </ExtendedData>
        <Point>
          <coordinates>
            100.63144,-0.214679,0
          </coordinates>
        </Point>
      </Placemark>
      <Placemark>
        <name/>
        <description><![CDATA[nama: C14-PYK1<br>deskripsi: ]]></description>
        <styleUrl>#icon-1899-0288D1</styleUrl>
        <ExtendedData>
          <Data name="nama">
            <value>C14-PYK1</value>
          </Data>
          <Data name="deskripsi">
            <value/>
          </Data>
        </ExtendedData>
        <Point>
          <coordinates>
            100.630646,-0.214727,0
          </coordinates>
        </Point>
      </Placemark>
      <Placemark>
        <name/>
        <description><![CDATA[nama: C15-PYK1<br>deskripsi: ]]></description>
        <styleUrl>#icon-1899-0288D1</styleUrl>
        <ExtendedData>
          <Data name="nama">
            <value>C15-PYK1</value>
          </Data>
          <Data name="deskripsi">
            <value/>
          </Data>
        </ExtendedData>
        <Point>
          <coordinates>
            100.634604,-0.214487,0
          </coordinates>
        </Point>
      </Placemark>
      <Placemark>
        <name/>
        <description><![CDATA[nama: C15-PYK2<br>deskripsi: ]]></description>
        <styleUrl>#icon-1899-0288D1</styleUrl>
        <ExtendedData>
          <Data name="nama">
            <value>C15-PYK2</value>
          </Data>
          <Data name="deskripsi">
            <value/>
          </Data>
        </ExtendedData>
        <Point>
          <coordinates>
            100.635567,-0.214271,0
          </coordinates>
        </Point>
      </Placemark>
      <Placemark>
        <name/>
        <description><![CDATA[nama: C15-PYK3<br>deskripsi: ]]></description>
        <styleUrl>#icon-1899-0288D1</styleUrl>
        <ExtendedData>
          <Data name="nama">
            <value>C15-PYK3</value>
          </Data>
          <Data name="deskripsi">
            <value/>
          </Data>
        </ExtendedData>
        <Point>
          <coordinates>
            100.636662,-0.213943,0
          </coordinates>
        </Point>
      </Placemark>
      <Placemark>
        <name/>
        <description><![CDATA[nama: C16-PYK1<br>deskripsi: ]]></description>
        <styleUrl>#icon-1899-0288D1</styleUrl>
        <ExtendedData>
          <Data name="nama">
            <value>C16-PYK1</value>
          </Data>
          <Data name="deskripsi">
            <value/>
          </Data>
        </ExtendedData>
        <Point>
          <coordinates>
            100.632427,-0.213239,0
          </coordinates>
        </Point>
      </Placemark>
      <Placemark>
        <name/>
        <description><![CDATA[nama: C16-PYK2<br>deskripsi: ]]></description>
        <styleUrl>#icon-1899-0288D1</styleUrl>
        <ExtendedData>
          <Data name="nama">
            <value>C16-PYK2</value>
          </Data>
          <Data name="deskripsi">
            <value/>
          </Data>
        </ExtendedData>
        <Point>
          <coordinates>
            100.630808,-0.212005,0
          </coordinates>
        </Point>
      </Placemark>
      <Placemark>
        <name/>
        <description><![CDATA[nama: C16-PYK3<br>deskripsi: ]]></description>
        <styleUrl>#icon-1899-0288D1</styleUrl>
        <ExtendedData>
          <Data name="nama">
            <value>C16-PYK3</value>
          </Data>
          <Data name="deskripsi">
            <value/>
          </Data>
        </ExtendedData>
        <Point>
          <coordinates>
            100.629893,-0.211346,0
          </coordinates>
        </Point>
      </Placemark>
      <Placemark>
        <name/>
        <description><![CDATA[nama: C16-PYK4<br>deskripsi: ]]></description>
        <styleUrl>#icon-1899-0288D1</styleUrl>
        <ExtendedData>
          <Data name="nama">
            <value>C16-PYK4</value>
          </Data>
          <Data name="deskripsi">
            <value/>
          </Data>
        </ExtendedData>
        <Point>
          <coordinates>
            100.628924,-0.210386,0
          </coordinates>
        </Point>
      </Placemark>
      <Placemark>
        <name/>
        <description><![CDATA[nama: C19-PYK0<br>deskripsi: ]]></description>
        <styleUrl>#icon-1899-0288D1</styleUrl>
        <ExtendedData>
          <Data name="nama">
            <value>C19-PYK0</value>
          </Data>
          <Data name="deskripsi">
            <value/>
          </Data>
        </ExtendedData>
        <Point>
          <coordinates>
            100.634414,-0.223111,0
          </coordinates>
        </Point>
      </Placemark>
      <Placemark>
        <name/>
        <description><![CDATA[nama: C19-PYK1<br>deskripsi: ]]></description>
        <styleUrl>#icon-1899-0288D1</styleUrl>
        <ExtendedData>
          <Data name="nama">
            <value>C19-PYK1</value>
          </Data>
          <Data name="deskripsi">
            <value/>
          </Data>
        </ExtendedData>
        <Point>
          <coordinates>
            100.635477,-0.222831,0
          </coordinates>
        </Point>
      </Placemark>
      <Placemark>
        <name/>
        <description><![CDATA[nama: C19-PYK2<br>deskripsi: ]]></description>
        <styleUrl>#icon-1899-0288D1</styleUrl>
        <ExtendedData>
          <Data name="nama">
            <value>C19-PYK2</value>
          </Data>
          <Data name="deskripsi">
            <value/>
          </Data>
        </ExtendedData>
        <Point>
          <coordinates>
            100.636603,-0.222953,0
          </coordinates>
        </Point>
      </Placemark>
      <Placemark>
        <name/>
        <description><![CDATA[nama: C19-PYK3<br>deskripsi: ]]></description>
        <styleUrl>#icon-1899-0288D1</styleUrl>
        <ExtendedData>
          <Data name="nama">
            <value>C19-PYK3</value>
          </Data>
          <Data name="deskripsi">
            <value/>
          </Data>
        </ExtendedData>
        <Point>
          <coordinates>
            100.637099,-0.222998,0
          </coordinates>
        </Point>
      </Placemark>
      <Placemark>
        <name/>
        <description><![CDATA[nama: C19-PYK4<br>deskripsi: ]]></description>
        <styleUrl>#icon-1899-0288D1</styleUrl>
        <ExtendedData>
          <Data name="nama">
            <value>C19-PYK4</value>
          </Data>
          <Data name="deskripsi">
            <value/>
          </Data>
        </ExtendedData>
        <Point>
          <coordinates>
            100.637881,-0.22309,0
          </coordinates>
        </Point>
      </Placemark>
      <Placemark>
        <name/>
        <description><![CDATA[nama: C19-PYK5<br>deskripsi: ]]></description>
        <styleUrl>#icon-1899-0288D1</styleUrl>
        <ExtendedData>
          <Data name="nama">
            <value>C19-PYK5</value>
          </Data>
          <Data name="deskripsi">
            <value/>
          </Data>
        </ExtendedData>
        <Point>
          <coordinates>
            100.638401,-0.223164,0
          </coordinates>
        </Point>
      </Placemark>
      <Placemark>
        <name/>
        <description><![CDATA[nama: C21-PYK1<br>deskripsi: ]]></description>
        <styleUrl>#icon-1899-0288D1</styleUrl>
        <ExtendedData>
          <Data name="nama">
            <value>C21-PYK1</value>
          </Data>
          <Data name="deskripsi">
            <value/>
          </Data>
        </ExtendedData>
        <Point>
          <coordinates>
            100.637032,-0.22136,0
          </coordinates>
        </Point>
      </Placemark>
      <Placemark>
        <name/>
        <description><![CDATA[nama: C21-PYK2<br>deskripsi: ]]></description>
        <styleUrl>#icon-1899-0288D1</styleUrl>
        <ExtendedData>
          <Data name="nama">
            <value>C21-PYK2</value>
          </Data>
          <Data name="deskripsi">
            <value/>
          </Data>
        </ExtendedData>
        <Point>
          <coordinates>
            100.638607,-0.22015,0
          </coordinates>
        </Point>
      </Placemark>
      <Placemark>
        <name/>
        <description><![CDATA[nama: C21-PYK3<br>deskripsi: ]]></description>
        <styleUrl>#icon-1899-0288D1</styleUrl>
        <ExtendedData>
          <Data name="nama">
            <value>C21-PYK3</value>
          </Data>
          <Data name="deskripsi">
            <value/>
          </Data>
        </ExtendedData>
        <Point>
          <coordinates>
            100.640196,-0.218819,0
          </coordinates>
        </Point>
      </Placemark>
      <Placemark>
        <name/>
        <description><![CDATA[nama: C21-PYK4<br>deskripsi: ]]></description>
        <styleUrl>#icon-1899-0288D1</styleUrl>
        <ExtendedData>
          <Data name="nama">
            <value>C21-PYK4</value>
          </Data>
          <Data name="deskripsi">
            <value/>
          </Data>
        </ExtendedData>
        <Point>
          <coordinates>
            100.641311,-0.217996,0
          </coordinates>
        </Point>
      </Placemark>
      <Placemark>
        <name/>
        <description><![CDATA[nama: C22-PYK1<br>deskripsi: ]]></description>
        <styleUrl>#icon-1899-0288D1</styleUrl>
        <ExtendedData>
          <Data name="nama">
            <value>C22-PYK1</value>
          </Data>
          <Data name="deskripsi">
            <value/>
          </Data>
        </ExtendedData>
        <Point>
          <coordinates>
            100.642332,-0.217127,0
          </coordinates>
        </Point>
      </Placemark>
      <Placemark>
        <name/>
        <description><![CDATA[nama: C22-PYK2<br>deskripsi: ]]></description>
        <styleUrl>#icon-1899-0288D1</styleUrl>
        <ExtendedData>
          <Data name="nama">
            <value>C22-PYK2</value>
          </Data>
          <Data name="deskripsi">
            <value/>
          </Data>
        </ExtendedData>
        <Point>
          <coordinates>
            100.643318,-0.216429,0
          </coordinates>
        </Point>
      </Placemark>
      <Placemark>
        <name/>
        <description><![CDATA[nama: C22-PYK3<br>deskripsi: ]]></description>
        <styleUrl>#icon-1899-0288D1</styleUrl>
        <ExtendedData>
          <Data name="nama">
            <value>C22-PYK3</value>
          </Data>
          <Data name="deskripsi">
            <value/>
          </Data>
        </ExtendedData>
        <Point>
          <coordinates>
            100.64449,-0.215473,0
          </coordinates>
        </Point>
      </Placemark>
      <Placemark>
        <name/>
        <description><![CDATA[nama: C22-PYK4<br>deskripsi: ]]></description>
        <styleUrl>#icon-1899-0288D1</styleUrl>
        <ExtendedData>
          <Data name="nama">
            <value>C22-PYK4</value>
          </Data>
          <Data name="deskripsi">
            <value/>
          </Data>
        </ExtendedData>
        <Point>
          <coordinates>
            100.645916,-0.213664,0
          </coordinates>
        </Point>
      </Placemark>
      <Placemark>
        <name/>
        <description><![CDATA[nama: C23-PYK1<br>deskripsi: ]]></description>
        <styleUrl>#icon-1899-0288D1</styleUrl>
        <ExtendedData>
          <Data name="nama">
            <value>C23-PYK1</value>
          </Data>
          <Data name="deskripsi">
            <value/>
          </Data>
        </ExtendedData>
        <Point>
          <coordinates>
            100.645468,-0.211949,0
          </coordinates>
        </Point>
      </Placemark>
      <Placemark>
        <name/>
        <description><![CDATA[nama: C23-PYK2<br>deskripsi: ]]></description>
        <styleUrl>#icon-1899-0288D1</styleUrl>
        <ExtendedData>
          <Data name="nama">
            <value>C23-PYK2</value>
          </Data>
          <Data name="deskripsi">
            <value/>
          </Data>
        </ExtendedData>
        <Point>
          <coordinates>
            100.644807,-0.211013,0
          </coordinates>
        </Point>
      </Placemark>
      <Placemark>
        <name/>
        <description><![CDATA[nama: C23-PYK3<br>deskripsi: ]]></description>
        <styleUrl>#icon-1899-0288D1</styleUrl>
        <ExtendedData>
          <Data name="nama">
            <value>C23-PYK3</value>
          </Data>
          <Data name="deskripsi">
            <value/>
          </Data>
        </ExtendedData>
        <Point>
          <coordinates>
            100.642148,-0.211866,0
          </coordinates>
        </Point>
      </Placemark>
      <Placemark>
        <name/>
        <description><![CDATA[nama: C23-PYK4<br>deskripsi: ]]></description>
        <styleUrl>#icon-1899-0288D1</styleUrl>
        <ExtendedData>
          <Data name="nama">
            <value>C23-PYK4</value>
          </Data>
          <Data name="deskripsi">
            <value/>
          </Data>
        </ExtendedData>
        <Point>
          <coordinates>
            100.641322,-0.212133,0
          </coordinates>
        </Point>
      </Placemark>
      <Placemark>
        <name/>
        <description><![CDATA[nama: C24-PYK1<br>deskripsi: ]]></description>
        <styleUrl>#icon-1899-0288D1</styleUrl>
        <ExtendedData>
          <Data name="nama">
            <value>C24-PYK1</value>
          </Data>
          <Data name="deskripsi">
            <value/>
          </Data>
        </ExtendedData>
        <Point>
          <coordinates>
            100.639797,-0.212654,0
          </coordinates>
        </Point>
      </Placemark>
      <Placemark>
        <name/>
        <description><![CDATA[nama: C24-PYK2<br>deskripsi: ]]></description>
        <styleUrl>#icon-1899-0288D1</styleUrl>
        <ExtendedData>
          <Data name="nama">
            <value>C24-PYK2</value>
          </Data>
          <Data name="deskripsi">
            <value/>
          </Data>
        </ExtendedData>
        <Point>
          <coordinates>
            100.638388,-0.213345,0
          </coordinates>
        </Point>
      </Placemark>
      <Placemark>
        <name/>
        <description><![CDATA[nama: C24-PYK2-1<br>deskripsi: ]]></description>
        <styleUrl>#icon-1899-0288D1</styleUrl>
        <ExtendedData>
          <Data name="nama">
            <value>C24-PYK2-1</value>
          </Data>
          <Data name="deskripsi">
            <value/>
          </Data>
        </ExtendedData>
        <Point>
          <coordinates>
            100.636707,-0.210441,0
          </coordinates>
        </Point>
      </Placemark>
      <Placemark>
        <name/>
        <description><![CDATA[nama: C24-PYK3<br>deskripsi: ]]></description>
        <styleUrl>#icon-1899-0288D1</styleUrl>
        <ExtendedData>
          <Data name="nama">
            <value>C24-PYK3</value>
          </Data>
          <Data name="deskripsi">
            <value/>
          </Data>
        </ExtendedData>
        <Point>
          <coordinates>
            100.637432,-0.213705,0
          </coordinates>
        </Point>
      </Placemark>
      <Placemark>
        <name/>
        <description><![CDATA[nama: 48C Jl. Soekarno - Hatta<br>deskripsi: KLASIFIKASI KABEL : BACKBONE<br>LETAK KABEL : UDARA<br>JUMLAH CORE : 48<br>JUMLAH CORE TERPAKAI : 48<br>CUTOFF DATA : Februari 2026]]></description>
        <styleUrl>#line-000000-1200</styleUrl>
        <ExtendedData>
          <Data name="nama">
            <value>48C Jl. Soekarno - Hatta</value>
          </Data>
          <Data name="deskripsi">
            <value>KLASIFIKASI KABEL : BACKBONE
LETAK KABEL : UDARA
JUMLAH CORE : 48
JUMLAH CORE TERPAKAI : 48
CUTOFF DATA : Februari 2026</value>
          </Data>
        </ExtendedData>
        <LineString>
          <tessellate>1</tessellate>
          <coordinates>
            100.619744,-0.23368,0
            100.619657,-0.233628,0
            100.619559,-0.233763,0
            100.619389,-0.233671,0
            100.6198,-0.233092,0
            100.620131,-0.232652,0
            100.620488,-0.232209,0
            100.621035,-0.231688,0
            100.622015,-0.230846,0
            100.623492,-0.229646,0
            100.625061,-0.228425,0
            100.625949,-0.22785,0
            100.62712,-0.22711,0
            100.628793,-0.226073,0
            100.630005,-0.225364,0
            100.63085,-0.224947,0
          </coordinates>
        </LineString>
      </Placemark>
      <Placemark>
        <name/>
        <description><![CDATA[nama: 24C Jl. Jend Sudirman<br>deskripsi: KLASIFIKASI KABEL : BACKBONE dan AKSES<br>LETAK KABEL : UDARA<br>JUMLAH CORE : 24<br>JUMLAH CORE TERPAKAI : 12<br>CUTOFF DATA : Februari 2026]]></description>
        <styleUrl>#line-000000-1200</styleUrl>
        <ExtendedData>
          <Data name="nama">
            <value>24C Jl. Jend Sudirman</value>
          </Data>
          <Data name="deskripsi">
            <value>KLASIFIKASI KABEL : BACKBONE dan AKSES
LETAK KABEL : UDARA
JUMLAH CORE : 24
JUMLAH CORE TERPAKAI : 12
CUTOFF DATA : Februari 2026</value>
          </Data>
        </ExtendedData>
        <LineString>
          <tessellate>1</tessellate>
          <coordinates>
            100.630861,-0.224901,0
            100.632646,-0.224021,0
            100.633674,-0.223494,0
            100.634404,-0.223094,0
            100.635448,-0.222535,0
            100.637029,-0.221319,0
            100.638584,-0.220158,0
            100.640194,-0.218823,0
            100.641283,-0.217962,0
            100.642246,-0.217189,0
            100.643349,-0.216338,0
            100.644485,-0.215399,0
            100.645856,-0.214232,0
            100.645962,-0.213886,0
            100.645598,-0.212446,0
            100.645284,-0.210825,0
          </coordinates>
        </LineString>
      </Placemark>
      <Placemark>
        <name/>
        <description><![CDATA[nama: 24C Jl. Ade Irma Suryani<br>deskripsi: KLASIFIKASI KABEL : BACKBONE dan AKSES<br>LETAK KABEL : UDARA<br>JUMLAH CORE : 24<br>JUMLAH CORE TERPAKAI : 6<br>CUTOFF DATA : Februari 2026]]></description>
        <styleUrl>#line-000000-1200</styleUrl>
        <ExtendedData>
          <Data name="nama">
            <value>24C Jl. Ade Irma Suryani</value>
          </Data>
          <Data name="deskripsi">
            <value>KLASIFIKASI KABEL : BACKBONE dan AKSES
LETAK KABEL : UDARA
JUMLAH CORE : 24
JUMLAH CORE TERPAKAI : 6
CUTOFF DATA : Februari 2026</value>
          </Data>
        </ExtendedData>
        <LineString>
          <tessellate>1</tessellate>
          <coordinates>
            100.634411,-0.223095,0
            100.635098,-0.222724,0
            100.635461,-0.222815,0
            100.636395,-0.222916,0
            100.637062,-0.222984,0
            100.6384,-0.223157,0
          </coordinates>
        </LineString>
      </Placemark>
      <Placemark>
        <name/>
        <description><![CDATA[nama: 24C Jl. Prof. Dr. Hamka<br>deskripsi: KLASIFIKASI KABEL : BACKBONE dan AKSES<br>LETAK KABEL : UDARA<br>JUMLAH CORE : 24<br>JUMLAH CORE TERPAKAI : 12<br>CUTOFF DATA : Februari 2026]]></description>
        <styleUrl>#line-000000-1200</styleUrl>
        <ExtendedData>
          <Data name="nama">
            <value>24C Jl. Prof. Dr. Hamka</value>
          </Data>
          <Data name="deskripsi">
            <value>KLASIFIKASI KABEL : BACKBONE dan AKSES
LETAK KABEL : UDARA
JUMLAH CORE : 24
JUMLAH CORE TERPAKAI : 12
CUTOFF DATA : Februari 2026</value>
          </Data>
        </ExtendedData>
        <LineString>
          <tessellate>1</tessellate>
          <coordinates>
            100.62295,-0.2131,0
            100.624405,-0.212256,0
            100.624858,-0.212114,0
            100.62686,-0.213107,0
            100.627369,-0.213397,0
            100.62845,-0.214717,0
            100.628836,-0.214807,0
            100.633039,-0.214653,0
            100.634558,-0.214533,0
            100.63627,-0.214108,0
            100.637629,-0.213687,0
            100.63867,-0.213304,0
            100.640218,-0.212506,0
            100.642539,-0.211698,0
            100.643928,-0.211291,0
            100.645294,-0.210846,0
          </coordinates>
        </LineString>
      </Placemark>
      <Placemark>
        <name/>
        <description><![CDATA[nama: 24C Jl. Tan Malaka<br>deskripsi: KLASIFIKASI KABEL : BACKBONE dan AKSES<br>LETAK KABEL : UDARA<br>JUMLAH CORE : 24<br>JUMLAH CORE TERPAKAI : 12<br>CUTOFF DATA : Februari 2026]]></description>
        <styleUrl>#line-000000-1200</styleUrl>
        <ExtendedData>
          <Data name="nama">
            <value>24C Jl. Tan Malaka</value>
          </Data>
          <Data name="deskripsi">
            <value>KLASIFIKASI KABEL : BACKBONE dan AKSES
LETAK KABEL : UDARA
JUMLAH CORE : 24
JUMLAH CORE TERPAKAI : 12
CUTOFF DATA : Februari 2026</value>
          </Data>
        </ExtendedData>
        <LineString>
          <tessellate>1</tessellate>
          <coordinates>
            100.630839,-0.224949,0
            100.630688,-0.224351,0
            100.630478,-0.224035,0
            100.629822,-0.223525,0
            100.630497,-0.222714,0
            100.630491,-0.222574,0
            100.629862,-0.221949,0
            100.626939,-0.218258,0
            100.62407,-0.214538,0
            100.622819,-0.212937,0
            100.619353,-0.208219,0
            100.618973,-0.207595,0
            100.618506,-0.206703,0
          </coordinates>
        </LineString>
      </Placemark>
      <Placemark>
        <name/>
        <description><![CDATA[nama: 24C Jl. Rasyid Taher<br>deskripsi: KLASIFIKASI KABEL : BACKBONE dan AKSES<br>LETAK KABEL : UDARA<br>JUMLAH CORE : 24<br>JUMLAH CORE TERPAKAI : 12<br>CUTOFF DATA : Februari 2026]]></description>
        <styleUrl>#line-000000-1200</styleUrl>
        <ExtendedData>
          <Data name="nama">
            <value>24C Jl. Rasyid Taher</value>
          </Data>
          <Data name="deskripsi">
            <value>KLASIFIKASI KABEL : BACKBONE dan AKSES
LETAK KABEL : UDARA
JUMLAH CORE : 24
JUMLAH CORE TERPAKAI : 12
CUTOFF DATA : Februari 2026</value>
          </Data>
        </ExtendedData>
        <LineString>
          <tessellate>1</tessellate>
          <coordinates>
            100.618499,-0.206686,0
            100.616283,-0.208613,0
            100.615721,-0.208482,0
            100.614602,-0.208067,0
            100.613009,-0.207167,0
            100.612362,-0.206917,0
            100.611628,-0.2069,0
            100.610529,-0.206801,0
            100.610143,-0.206635,0
            100.609799,-0.206371,0
          </coordinates>
        </LineString>
      </Placemark>
      <Placemark>
        <name/>
        <description><![CDATA[nama: 12C Jl. Merpati<br>deskripsi: KLASIFIKASI KABEL : BACKBONE dan AKSES<br>LETAK KABEL : UDARA<br>JUMLAH CORE : 12<br>JUMLAH CORE TERPAKAI : 6<br>CUTOFF DATA : Februari 2026]]></description>
        <styleUrl>#line-000000-1200</styleUrl>
        <ExtendedData>
          <Data name="nama">
            <value>12C Jl. Merpati</value>
          </Data>
          <Data name="deskripsi">
            <value>KLASIFIKASI KABEL : BACKBONE dan AKSES
LETAK KABEL : UDARA
JUMLAH CORE : 12
JUMLAH CORE TERPAKAI : 6
CUTOFF DATA : Februari 2026</value>
          </Data>
        </ExtendedData>
        <LineString>
          <tessellate>1</tessellate>
          <coordinates>
            100.632988,-0.214608,0
            100.632661,-0.214059,0
            100.632419,-0.213241,0
            100.630755,-0.211975,0
            100.629883,-0.211343,0
            100.629672,-0.211067,0
            100.629642,-0.210982,0
            100.629138,-0.210586,0
            100.628898,-0.210354,0
          </coordinates>
        </LineString>
      </Placemark>
      <Placemark>
        <name/>
        <description><![CDATA[nama: 4C Jl. Gelatik<br>deskripsi: KLASIFIKASI KABEL : AKSES<br>LETAK KABEL : UDARA<br>JUMLAH CORE : 4<br>JUMLAH CORE TERPAKAI : 2<br>CUTOFF DATA : April 2026]]></description>
        <styleUrl>#line-000000-1200</styleUrl>
        <ExtendedData>
          <Data name="nama">
            <value>4C Jl. Gelatik</value>
          </Data>
          <Data name="deskripsi">
            <value>KLASIFIKASI KABEL : AKSES
LETAK KABEL : UDARA
JUMLAH CORE : 4
JUMLAH CORE TERPAKAI : 2
CUTOFF DATA : April 2026</value>
          </Data>
        </ExtendedData>
        <LineString>
          <tessellate>1</tessellate>
          <coordinates>
            100.638432,-0.213336,0
            100.638612,-0.213209,0
            100.638014,-0.211979,0
            100.63719,-0.211399,0
            100.636455,-0.210664,0
            100.636734,-0.210416,0
          </coordinates>
        </LineString>
      </Placemark>
      <Placemark>
        <name/>
        <description><![CDATA[nama: 4C Jl. Minang Kabau<br>deskripsi: KLASIFIKASI KABEL : AKSES<br>LETAK KABEL : UDARA<br>JUMLAH CORE : 4<br>JUMLAH CORE TERPAKAI : 2<br>CUTOFF DATA : Mei 2026]]></description>
        <styleUrl>#line-000000-1200</styleUrl>
        <ExtendedData>
          <Data name="nama">
            <value>4C Jl. Minang Kabau</value>
          </Data>
          <Data name="deskripsi">
            <value>KLASIFIKASI KABEL : AKSES
LETAK KABEL : UDARA
JUMLAH CORE : 4
JUMLAH CORE TERPAKAI : 2
CUTOFF DATA : Mei 2026</value>
          </Data>
        </ExtendedData>
        <LineString>
          <tessellate>1</tessellate>
          <coordinates>
            100.609784,-0.206364,0
            100.609484,-0.206064,0
            100.609372,-0.205187,0
            100.609325,-0.20447,0
            100.609388,-0.204195,0
            100.609366,-0.203546,0
          </coordinates>
        </LineString>
      </Placemark>
      <Placemark>
        <name/>
        <description><![CDATA[nama: C1-PYK1<br>deskripsi: ]]></description>
        <styleUrl>#icon-1899-0288D1</styleUrl>
        <ExtendedData>
          <Data name="nama">
            <value>C1-PYK1</value>
          </Data>
          <Data name="deskripsi">
            <value/>
          </Data>
        </ExtendedData>
        <Point>
          <coordinates>
            100.630827,-0.224945,0
          </coordinates>
        </Point>
      </Placemark>
      <Placemark>
        <name/>
        <description><![CDATA[nama: C1-PYK2<br>deskripsi: ]]></description>
        <styleUrl>#icon-1899-0288D1</styleUrl>
        <ExtendedData>
          <Data name="nama">
            <value>C1-PYK2</value>
          </Data>
          <Data name="deskripsi">
            <value/>
          </Data>
        </ExtendedData>
        <Point>
          <coordinates>
            100.62998,-0.225386,0
          </coordinates>
        </Point>
      </Placemark>
      <Placemark>
        <name/>
        <description><![CDATA[nama: C1-PYK3<br>deskripsi: ]]></description>
        <styleUrl>#icon-1899-0288D1</styleUrl>
        <ExtendedData>
          <Data name="nama">
            <value>C1-PYK3</value>
          </Data>
          <Data name="deskripsi">
            <value/>
          </Data>
        </ExtendedData>
        <Point>
          <coordinates>
            100.630473,-0.224043,0
          </coordinates>
        </Point>
      </Placemark>
      <Placemark>
        <name/>
        <description><![CDATA[nama: C1-PYK4<br>deskripsi: ]]></description>
        <styleUrl>#icon-1899-0288D1</styleUrl>
        <ExtendedData>
          <Data name="nama">
            <value>C1-PYK4</value>
          </Data>
          <Data name="deskripsi">
            <value/>
          </Data>
        </ExtendedData>
        <Point>
          <coordinates>
            100.629818,-0.223508,0
          </coordinates>
        </Point>
      </Placemark>
      <Placemark>
        <name/>
        <description><![CDATA[nama: C2-PYK1<br>deskripsi: ]]></description>
        <styleUrl>#icon-1899-0288D1</styleUrl>
        <ExtendedData>
          <Data name="nama">
            <value>C2-PYK1</value>
          </Data>
          <Data name="deskripsi">
            <value/>
          </Data>
        </ExtendedData>
        <Point>
          <coordinates>
            100.630474,-0.22257,0
          </coordinates>
        </Point>
      </Placemark>
      <Placemark>
        <name/>
        <description><![CDATA[nama: C2-PYK2<br>deskripsi: ]]></description>
        <styleUrl>#icon-1899-0288D1</styleUrl>
        <ExtendedData>
          <Data name="nama">
            <value>C2-PYK2</value>
          </Data>
          <Data name="deskripsi">
            <value/>
          </Data>
        </ExtendedData>
        <Point>
          <coordinates>
            100.629859,-0.221948,0
          </coordinates>
        </Point>
      </Placemark>
      <Placemark>
        <name/>
        <description><![CDATA[nama: C2-PYK3<br>deskripsi: ]]></description>
        <styleUrl>#icon-1899-0288D1</styleUrl>
        <ExtendedData>
          <Data name="nama">
            <value>C2-PYK3</value>
          </Data>
          <Data name="deskripsi">
            <value/>
          </Data>
        </ExtendedData>
        <Point>
          <coordinates>
            100.626953,-0.21825,0
          </coordinates>
        </Point>
      </Placemark>
      <Placemark>
        <name/>
        <description><![CDATA[nama: C2-PYK4<br>deskripsi: ]]></description>
        <styleUrl>#icon-1899-0288D1</styleUrl>
        <ExtendedData>
          <Data name="nama">
            <value>C2-PYK4</value>
          </Data>
          <Data name="deskripsi">
            <value/>
          </Data>
        </ExtendedData>
        <Point>
          <coordinates>
            100.625539,-0.216488,0
          </coordinates>
        </Point>
      </Placemark>
      <Placemark>
        <name/>
        <description><![CDATA[nama: C3-PYK3<br>deskripsi: ]]></description>
        <styleUrl>#icon-1899-0288D1</styleUrl>
        <ExtendedData>
          <Data name="nama">
            <value>C3-PYK3</value>
          </Data>
          <Data name="deskripsi">
            <value/>
          </Data>
        </ExtendedData>
        <Point>
          <coordinates>
            100.622832,-0.212913,0
          </coordinates>
        </Point>
      </Placemark>
      <Placemark>
        <name/>
        <description><![CDATA[nama: C3-PYK2<br>deskripsi: ]]></description>
        <styleUrl>#icon-1899-0288D1</styleUrl>
        <ExtendedData>
          <Data name="nama">
            <value>C3-PYK2</value>
          </Data>
          <Data name="deskripsi">
            <value/>
          </Data>
        </ExtendedData>
        <Point>
          <coordinates>
            100.623347,-0.21349,0
          </coordinates>
        </Point>
      </Placemark>
      <Placemark>
        <name/>
        <description><![CDATA[nama: C3-PYK1<br>deskripsi: ]]></description>
        <styleUrl>#icon-1899-0288D1</styleUrl>
        <ExtendedData>
          <Data name="nama">
            <value>C3-PYK1</value>
          </Data>
          <Data name="deskripsi">
            <value/>
          </Data>
        </ExtendedData>
        <Point>
          <coordinates>
            100.624055,-0.21458,0
          </coordinates>
        </Point>
      </Placemark>
      <Placemark>
        <name/>
        <description><![CDATA[nama: C3-PYK4<br>deskripsi: ]]></description>
        <styleUrl>#icon-1899-0288D1</styleUrl>
        <ExtendedData>
          <Data name="nama">
            <value>C3-PYK4</value>
          </Data>
          <Data name="deskripsi">
            <value/>
          </Data>
        </ExtendedData>
        <Point>
          <coordinates>
            100.622429,-0.212453,0
          </coordinates>
        </Point>
      </Placemark>
      <Placemark>
        <name/>
        <description><![CDATA[nama: C5-PYK1<br>deskripsi: ]]></description>
        <styleUrl>#icon-1899-0288D1</styleUrl>
        <ExtendedData>
          <Data name="nama">
            <value>C5-PYK1</value>
          </Data>
          <Data name="deskripsi">
            <value/>
          </Data>
        </ExtendedData>
        <Point>
          <coordinates>
            100.621531,-0.211169,0
          </coordinates>
        </Point>
      </Placemark>
      <Placemark>
        <name/>
        <description><![CDATA[nama: C5-PYK2<br>deskripsi: ]]></description>
        <styleUrl>#icon-1899-0288D1</styleUrl>
        <ExtendedData>
          <Data name="nama">
            <value>C5-PYK2</value>
          </Data>
          <Data name="deskripsi">
            <value/>
          </Data>
        </ExtendedData>
        <Point>
          <coordinates>
            100.620184,-0.209372,0
          </coordinates>
        </Point>
      </Placemark>
      <Placemark>
        <name/>
        <description><![CDATA[nama: C5-PYK3<br>deskripsi: ]]></description>
        <styleUrl>#icon-1899-0288D1</styleUrl>
        <ExtendedData>
          <Data name="nama">
            <value>C5-PYK3</value>
          </Data>
          <Data name="deskripsi">
            <value/>
          </Data>
        </ExtendedData>
        <Point>
          <coordinates>
            100.61934,-0.208189,0
          </coordinates>
        </Point>
      </Placemark>
      <Placemark>
        <name/>
        <description><![CDATA[nama: C5-PYK4<br>deskripsi: ]]></description>
        <styleUrl>#icon-1899-0288D1</styleUrl>
        <ExtendedData>
          <Data name="nama">
            <value>C5-PYK4</value>
          </Data>
          <Data name="deskripsi">
            <value/>
          </Data>
        </ExtendedData>
        <Point>
          <coordinates>
            100.618964,-0.20762,0
          </coordinates>
        </Point>
      </Placemark>
      <Placemark>
        <name/>
        <description><![CDATA[nama: C4-PYK1<br>deskripsi: ]]></description>
        <styleUrl>#icon-1899-0288D1</styleUrl>
        <ExtendedData>
          <Data name="nama">
            <value>C4-PYK1</value>
          </Data>
          <Data name="deskripsi">
            <value/>
          </Data>
        </ExtendedData>
        <Point>
          <coordinates>
            100.616239,-0.208573,0
          </coordinates>
        </Point>
      </Placemark>
      <Placemark>
        <name/>
        <description><![CDATA[nama: C4-PYK1-1<br>deskripsi: ]]></description>
        <styleUrl>#icon-1899-0288D1</styleUrl>
        <ExtendedData>
          <Data name="nama">
            <value>C4-PYK1-1</value>
          </Data>
          <Data name="deskripsi">
            <value/>
          </Data>
        </ExtendedData>
        <Point>
          <coordinates>
            100.615821,-0.210168,0
          </coordinates>
        </Point>
      </Placemark>
      <Placemark>
        <name/>
        <description><![CDATA[nama: C4-PYK2<br>deskripsi: ]]></description>
        <styleUrl>#icon-1899-0288D1</styleUrl>
        <ExtendedData>
          <Data name="nama">
            <value>C4-PYK2</value>
          </Data>
          <Data name="deskripsi">
            <value/>
          </Data>
        </ExtendedData>
        <Point>
          <coordinates>
            100.614624,-0.208064,0
          </coordinates>
        </Point>
      </Placemark>
      <Placemark>
        <name/>
        <description><![CDATA[nama: C4-PYK3<br>deskripsi: ]]></description>
        <styleUrl>#icon-1899-0288D1</styleUrl>
        <ExtendedData>
          <Data name="nama">
            <value>C4-PYK3</value>
          </Data>
          <Data name="deskripsi">
            <value/>
          </Data>
        </ExtendedData>
        <Point>
          <coordinates>
            100.611635,-0.206867,0
          </coordinates>
        </Point>
      </Placemark>
      <Placemark>
        <name/>
        <description><![CDATA[nama: C4-PYK4<br>deskripsi: ]]></description>
        <styleUrl>#icon-1899-0288D1</styleUrl>
        <ExtendedData>
          <Data name="nama">
            <value>C4-PYK4</value>
          </Data>
          <Data name="deskripsi">
            <value/>
          </Data>
        </ExtendedData>
        <Point>
          <coordinates>
            100.609773,-0.206378,0
          </coordinates>
        </Point>
      </Placemark>
      <Placemark>
        <name/>
        <description><![CDATA[nama: C4-PYK4-1<br>deskripsi: ]]></description>
        <styleUrl>#icon-1899-0288D1</styleUrl>
        <ExtendedData>
          <Data name="nama">
            <value>C4-PYK4-1</value>
          </Data>
          <Data name="deskripsi">
            <value/>
          </Data>
        </ExtendedData>
        <Point>
          <coordinates>
            100.609367,-0.203558,0
          </coordinates>
        </Point>
      </Placemark>
      <Placemark>
        <name/>
        <description><![CDATA[nama: C13-PYK1<br>deskripsi: ]]></description>
        <styleUrl>#icon-1899-0288D1</styleUrl>
        <ExtendedData>
          <Data name="nama">
            <value>C13-PYK1</value>
          </Data>
          <Data name="deskripsi">
            <value/>
          </Data>
        </ExtendedData>
        <Point>
          <coordinates>
            100.624391,-0.212256,0
          </coordinates>
        </Point>
      </Placemark>
      <Placemark>
        <name/>
        <description><![CDATA[nama: C13-PYK2<br>deskripsi: ]]></description>
        <styleUrl>#icon-1899-0288D1</styleUrl>
        <ExtendedData>
          <Data name="nama">
            <value>C13-PYK2</value>
          </Data>
          <Data name="deskripsi">
            <value/>
          </Data>
        </ExtendedData>
        <Point>
          <coordinates>
            100.626924,-0.213112,0
          </coordinates>
        </Point>
      </Placemark>
      <Placemark>
        <name/>
        <description><![CDATA[nama: C13-PYK3<br>deskripsi: ]]></description>
        <styleUrl>#icon-1899-0288D1</styleUrl>
        <ExtendedData>
          <Data name="nama">
            <value>C13-PYK3</value>
          </Data>
          <Data name="deskripsi">
            <value/>
          </Data>
        </ExtendedData>
        <Point>
          <coordinates>
            100.628141,-0.214352,0
          </coordinates>
        </Point>
      </Placemark>
      <Placemark>
        <name/>
        <description><![CDATA[nama: C14-PYK3<br>deskripsi: ]]></description>
        <styleUrl>#icon-1899-0288D1</styleUrl>
        <ExtendedData>
          <Data name="nama">
            <value>C14-PYK3</value>
          </Data>
          <Data name="deskripsi">
            <value/>
          </Data>
        </ExtendedData>
        <Point>
          <coordinates>
            100.63295,-0.214642,0
          </coordinates>
        </Point>
      </Placemark>
      <Placemark>
        <name/>
        <description><![CDATA[nama: C14-PYK2<br>deskripsi: ]]></description>
        <styleUrl>#icon-1899-0288D1</styleUrl>
        <ExtendedData>
          <Data name="nama">
            <value>C14-PYK2</value>
          </Data>
          <Data name="deskripsi">
            <value/>
          </Data>
        </ExtendedData>
        <Point>
          <coordinates>
            100.63144,-0.214679,0
          </coordinates>
        </Point>
      </Placemark>
      <Placemark>
        <name/>
        <description><![CDATA[nama: C14-PYK1<br>deskripsi: ]]></description>
        <styleUrl>#icon-1899-0288D1</styleUrl>
        <ExtendedData>
          <Data name="nama">
            <value>C14-PYK1</value>
          </Data>
          <Data name="deskripsi">
            <value/>
          </Data>
        </ExtendedData>
        <Point>
          <coordinates>
            100.630646,-0.214727,0
          </coordinates>
        </Point>
      </Placemark>
      <Placemark>
        <name/>
        <description><![CDATA[nama: C15-PYK1<br>deskripsi: ]]></description>
        <styleUrl>#icon-1899-0288D1</styleUrl>
        <ExtendedData>
          <Data name="nama">
            <value>C15-PYK1</value>
          </Data>
          <Data name="deskripsi">
            <value/>
          </Data>
        </ExtendedData>
        <Point>
          <coordinates>
            100.634604,-0.214487,0
          </coordinates>
        </Point>
      </Placemark>
      <Placemark>
        <name/>
        <description><![CDATA[nama: C15-PYK2<br>deskripsi: ]]></description>
        <styleUrl>#icon-1899-0288D1</styleUrl>
        <ExtendedData>
          <Data name="nama">
            <value>C15-PYK2</value>
          </Data>
          <Data name="deskripsi">
            <value/>
          </Data>
        </ExtendedData>
        <Point>
          <coordinates>
            100.635567,-0.214271,0
          </coordinates>
        </Point>
      </Placemark>
      <Placemark>
        <name/>
        <description><![CDATA[nama: C15-PYK3<br>deskripsi: ]]></description>
        <styleUrl>#icon-1899-0288D1</styleUrl>
        <ExtendedData>
          <Data name="nama">
            <value>C15-PYK3</value>
          </Data>
          <Data name="deskripsi">
            <value/>
          </Data>
        </ExtendedData>
        <Point>
          <coordinates>
            100.636662,-0.213943,0
          </coordinates>
        </Point>
      </Placemark>
      <Placemark>
        <name/>
        <description><![CDATA[nama: C16-PYK1<br>deskripsi: ]]></description>
        <styleUrl>#icon-1899-0288D1</styleUrl>
        <ExtendedData>
          <Data name="nama">
            <value>C16-PYK1</value>
          </Data>
          <Data name="deskripsi">
            <value/>
          </Data>
        </ExtendedData>
        <Point>
          <coordinates>
            100.632427,-0.213239,0
          </coordinates>
        </Point>
      </Placemark>
      <Placemark>
        <name/>
        <description><![CDATA[nama: C16-PYK2<br>deskripsi: ]]></description>
        <styleUrl>#icon-1899-0288D1</styleUrl>
        <ExtendedData>
          <Data name="nama">
            <value>C16-PYK2</value>
          </Data>
          <Data name="deskripsi">
            <value/>
          </Data>
        </ExtendedData>
        <Point>
          <coordinates>
            100.630808,-0.212005,0
          </coordinates>
        </Point>
      </Placemark>
      <Placemark>
        <name/>
        <description><![CDATA[nama: C16-PYK3<br>deskripsi: ]]></description>
        <styleUrl>#icon-1899-0288D1</styleUrl>
        <ExtendedData>
          <Data name="nama">
            <value>C16-PYK3</value>
          </Data>
          <Data name="deskripsi">
            <value/>
          </Data>
        </ExtendedData>
        <Point>
          <coordinates>
            100.629893,-0.211346,0
          </coordinates>
        </Point>
      </Placemark>
      <Placemark>
        <name/>
        <description><![CDATA[nama: C16-PYK4<br>deskripsi: ]]></description>
        <styleUrl>#icon-1899-0288D1</styleUrl>
        <ExtendedData>
          <Data name="nama">
            <value>C16-PYK4</value>
          </Data>
          <Data name="deskripsi">
            <value/>
          </Data>
        </ExtendedData>
        <Point>
          <coordinates>
            100.628924,-0.210386,0
          </coordinates>
        </Point>
      </Placemark>
      <Placemark>
        <name/>
        <description><![CDATA[nama: C19-PYK0<br>deskripsi: ]]></description>
        <styleUrl>#icon-1899-0288D1</styleUrl>
        <ExtendedData>
          <Data name="nama">
            <value>C19-PYK0</value>
          </Data>
          <Data name="deskripsi">
            <value/>
          </Data>
        </ExtendedData>
        <Point>
          <coordinates>
            100.634414,-0.223111,0
          </coordinates>
        </Point>
      </Placemark>
      <Placemark>
        <name/>
        <description><![CDATA[nama: C19-PYK1<br>deskripsi: ]]></description>
        <styleUrl>#icon-1899-0288D1</styleUrl>
        <ExtendedData>
          <Data name="nama">
            <value>C19-PYK1</value>
          </Data>
          <Data name="deskripsi">
            <value/>
          </Data>
        </ExtendedData>
        <Point>
          <coordinates>
            100.635477,-0.222831,0
          </coordinates>
        </Point>
      </Placemark>
      <Placemark>
        <name/>
        <description><![CDATA[nama: C19-PYK2<br>deskripsi: ]]></description>
        <styleUrl>#icon-1899-0288D1</styleUrl>
        <ExtendedData>
          <Data name="nama">
            <value>C19-PYK2</value>
          </Data>
          <Data name="deskripsi">
            <value/>
          </Data>
        </ExtendedData>
        <Point>
          <coordinates>
            100.636603,-0.222953,0
          </coordinates>
        </Point>
      </Placemark>
      <Placemark>
        <name/>
        <description><![CDATA[nama: C19-PYK3<br>deskripsi: ]]></description>
        <styleUrl>#icon-1899-0288D1</styleUrl>
        <ExtendedData>
          <Data name="nama">
            <value>C19-PYK3</value>
          </Data>
          <Data name="deskripsi">
            <value/>
          </Data>
        </ExtendedData>
        <Point>
          <coordinates>
            100.637099,-0.222998,0
          </coordinates>
        </Point>
      </Placemark>
      <Placemark>
        <name/>
        <description><![CDATA[nama: C19-PYK4<br>deskripsi: ]]></description>
        <styleUrl>#icon-1899-0288D1</styleUrl>
        <ExtendedData>
          <Data name="nama">
            <value>C19-PYK4</value>
          </Data>
          <Data name="deskripsi">
            <value/>
          </Data>
        </ExtendedData>
        <Point>
          <coordinates>
            100.637881,-0.22309,0
          </coordinates>
        </Point>
      </Placemark>
      <Placemark>
        <name/>
        <description><![CDATA[nama: C19-PYK5<br>deskripsi: ]]></description>
        <styleUrl>#icon-1899-0288D1</styleUrl>
        <ExtendedData>
          <Data name="nama">
            <value>C19-PYK5</value>
          </Data>
          <Data name="deskripsi">
            <value/>
          </Data>
        </ExtendedData>
        <Point>
          <coordinates>
            100.638401,-0.223164,0
          </coordinates>
        </Point>
      </Placemark>
      <Placemark>
        <name/>
        <description><![CDATA[nama: C21-PYK1<br>deskripsi: ]]></description>
        <styleUrl>#icon-1899-0288D1</styleUrl>
        <ExtendedData>
          <Data name="nama">
            <value>C21-PYK1</value>
          </Data>
          <Data name="deskripsi">
            <value/>
          </Data>
        </ExtendedData>
        <Point>
          <coordinates>
            100.637032,-0.22136,0
          </coordinates>
        </Point>
      </Placemark>
      <Placemark>
        <name/>
        <description><![CDATA[nama: C21-PYK2<br>deskripsi: ]]></description>
        <styleUrl>#icon-1899-0288D1</styleUrl>
        <ExtendedData>
          <Data name="nama">
            <value>C21-PYK2</value>
          </Data>
          <Data name="deskripsi">
            <value/>
          </Data>
        </ExtendedData>
        <Point>
          <coordinates>
            100.638607,-0.22015,0
          </coordinates>
        </Point>
      </Placemark>
      <Placemark>
        <name/>
        <description><![CDATA[nama: C21-PYK3<br>deskripsi: ]]></description>
        <styleUrl>#icon-1899-0288D1</styleUrl>
        <ExtendedData>
          <Data name="nama">
            <value>C21-PYK3</value>
          </Data>
          <Data name="deskripsi">
            <value/>
          </Data>
        </ExtendedData>
        <Point>
          <coordinates>
            100.640196,-0.218819,0
          </coordinates>
        </Point>
      </Placemark>
      <Placemark>
        <name/>
        <description><![CDATA[nama: C21-PYK4<br>deskripsi: ]]></description>
        <styleUrl>#icon-1899-0288D1</styleUrl>
        <ExtendedData>
          <Data name="nama">
            <value>C21-PYK4</value>
          </Data>
          <Data name="deskripsi">
            <value/>
          </Data>
        </ExtendedData>
        <Point>
          <coordinates>
            100.641311,-0.217996,0
          </coordinates>
        </Point>
      </Placemark>
      <Placemark>
        <name/>
        <description><![CDATA[nama: C22-PYK1<br>deskripsi: ]]></description>
        <styleUrl>#icon-1899-0288D1</styleUrl>
        <ExtendedData>
          <Data name="nama">
            <value>C22-PYK1</value>
          </Data>
          <Data name="deskripsi">
            <value/>
          </Data>
        </ExtendedData>
        <Point>
          <coordinates>
            100.642332,-0.217127,0
          </coordinates>
        </Point>
      </Placemark>
      <Placemark>
        <name/>
        <description><![CDATA[nama: C22-PYK2<br>deskripsi: ]]></description>
        <styleUrl>#icon-1899-0288D1</styleUrl>
        <ExtendedData>
          <Data name="nama">
            <value>C22-PYK2</value>
          </Data>
          <Data name="deskripsi">
            <value/>
          </Data>
        </ExtendedData>
        <Point>
          <coordinates>
            100.643318,-0.216429,0
          </coordinates>
        </Point>
      </Placemark>
      <Placemark>
        <name/>
        <description><![CDATA[nama: C22-PYK3<br>deskripsi: ]]></description>
        <styleUrl>#icon-1899-0288D1</styleUrl>
        <ExtendedData>
          <Data name="nama">
            <value>C22-PYK3</value>
          </Data>
          <Data name="deskripsi">
            <value/>
          </Data>
        </ExtendedData>
        <Point>
          <coordinates>
            100.64449,-0.215473,0
          </coordinates>
        </Point>
      </Placemark>
      <Placemark>
        <name/>
        <description><![CDATA[nama: C22-PYK4<br>deskripsi: ]]></description>
        <styleUrl>#icon-1899-0288D1</styleUrl>
        <ExtendedData>
          <Data name="nama">
            <value>C22-PYK4</value>
          </Data>
          <Data name="deskripsi">
            <value/>
          </Data>
        </ExtendedData>
        <Point>
          <coordinates>
            100.645916,-0.213664,0
          </coordinates>
        </Point>
      </Placemark>
      <Placemark>
        <name/>
        <description><![CDATA[nama: C23-PYK1<br>deskripsi: ]]></description>
        <styleUrl>#icon-1899-0288D1</styleUrl>
        <ExtendedData>
          <Data name="nama">
            <value>C23-PYK1</value>
          </Data>
          <Data name="deskripsi">
            <value/>
          </Data>
        </ExtendedData>
        <Point>
          <coordinates>
            100.645468,-0.211949,0
          </coordinates>
        </Point>
      </Placemark>
      <Placemark>
        <name/>
        <description><![CDATA[nama: C23-PYK2<br>deskripsi: ]]></description>
        <styleUrl>#icon-1899-0288D1</styleUrl>
        <ExtendedData>
          <Data name="nama">
            <value>C23-PYK2</value>
          </Data>
          <Data name="deskripsi">
            <value/>
          </Data>
        </ExtendedData>
        <Point>
          <coordinates>
            100.644807,-0.211013,0
          </coordinates>
        </Point>
      </Placemark>
      <Placemark>
        <name/>
        <description><![CDATA[nama: C23-PYK3<br>deskripsi: ]]></description>
        <styleUrl>#icon-1899-0288D1</styleUrl>
        <ExtendedData>
          <Data name="nama">
            <value>C23-PYK3</value>
          </Data>
          <Data name="deskripsi">
            <value/>
          </Data>
        </ExtendedData>
        <Point>
          <coordinates>
            100.642148,-0.211866,0
          </coordinates>
        </Point>
      </Placemark>
      <Placemark>
        <name/>
        <description><![CDATA[nama: C23-PYK4<br>deskripsi: ]]></description>
        <styleUrl>#icon-1899-0288D1</styleUrl>
        <ExtendedData>
          <Data name="nama">
            <value>C23-PYK4</value>
          </Data>
          <Data name="deskripsi">
            <value/>
          </Data>
        </ExtendedData>
        <Point>
          <coordinates>
            100.641322,-0.212133,0
          </coordinates>
        </Point>
      </Placemark>
      <Placemark>
        <name/>
        <description><![CDATA[nama: C24-PYK1<br>deskripsi: ]]></description>
        <styleUrl>#icon-1899-0288D1</styleUrl>
        <ExtendedData>
          <Data name="nama">
            <value>C24-PYK1</value>
          </Data>
          <Data name="deskripsi">
            <value/>
          </Data>
        </ExtendedData>
        <Point>
          <coordinates>
            100.639797,-0.212654,0
          </coordinates>
        </Point>
      </Placemark>
      <Placemark>
        <name/>
        <description><![CDATA[nama: C24-PYK2<br>deskripsi: ]]></description>
        <styleUrl>#icon-1899-0288D1</styleUrl>
        <ExtendedData>
          <Data name="nama">
            <value>C24-PYK2</value>
          </Data>
          <Data name="deskripsi">
            <value/>
          </Data>
        </ExtendedData>
        <Point>
          <coordinates>
            100.638388,-0.213345,0
          </coordinates>
        </Point>
      </Placemark>
      <Placemark>
        <name/>
        <description><![CDATA[nama: C24-PYK2-1<br>deskripsi: ]]></description>
        <styleUrl>#icon-1899-0288D1</styleUrl>
        <ExtendedData>
          <Data name="nama">
            <value>C24-PYK2-1</value>
          </Data>
          <Data name="deskripsi">
            <value/>
          </Data>
        </ExtendedData>
        <Point>
          <coordinates>
            100.636707,-0.210441,0
          </coordinates>
        </Point>
      </Placemark>
      <Placemark>
        <name/>
        <description><![CDATA[nama: C24-PYK3<br>deskripsi: ]]></description>
        <styleUrl>#icon-1899-0288D1</styleUrl>
        <ExtendedData>
          <Data name="nama">
            <value>C24-PYK3</value>
          </Data>
          <Data name="deskripsi">
            <value/>
          </Data>
        </ExtendedData>
        <Point>
          <coordinates>
            100.637432,-0.213705,0
          </coordinates>
        </Point>
      </Placemark>
      <Placemark>
        <name/>
        <description><![CDATA[nama: Untitled Placemark<br>deskripsi: ]]></description>
        <styleUrl>#icon-1899-0288D1</styleUrl>
        <ExtendedData>
          <Data name="nama">
            <value>Untitled Placemark</value>
          </Data>
          <Data name="deskripsi">
            <value/>
          </Data>
        </ExtendedData>
        <Point>
          <coordinates>
            100.621034,-0.214541,0
          </coordinates>
        </Point>
      </Placemark>
      <Placemark>
        <name/>
        <description><![CDATA[nama: Untitled Placemark<br>deskripsi: ]]></description>
        <styleUrl>#icon-1899-0288D1</styleUrl>
        <ExtendedData>
          <Data name="nama">
            <value>Untitled Placemark</value>
          </Data>
          <Data name="deskripsi">
            <value/>
          </Data>
        </ExtendedData>
        <Point>
          <coordinates>
            100.618888,-0.216959,0
          </coordinates>
        </Point>
      </Placemark>
      <Placemark>
        <name/>
        <description><![CDATA[nama: Untitled Placemark<br>deskripsi: ]]></description>
        <styleUrl>#icon-1899-0288D1</styleUrl>
        <ExtendedData>
          <Data name="nama">
            <value>Untitled Placemark</value>
          </Data>
          <Data name="deskripsi">
            <value/>
          </Data>
        </ExtendedData>
        <Point>
          <coordinates>
            100.617951,-0.220019,0
          </coordinates>
        </Point>
      </Placemark>
      <Placemark>
        <name/>
        <description><![CDATA[nama: Untitled Placemark<br>deskripsi: ]]></description>
        <styleUrl>#icon-1899-0288D1</styleUrl>
        <ExtendedData>
          <Data name="nama">
            <value>Untitled Placemark</value>
          </Data>
          <Data name="deskripsi">
            <value/>
          </Data>
        </ExtendedData>
        <Point>
          <coordinates>
            100.640015,-0.222755,0
          </coordinates>
        </Point>
      </Placemark>
      <Placemark>
        <name/>
        <description><![CDATA[nama: Untitled Placemark<br>deskripsi: ]]></description>
        <styleUrl>#icon-1899-0288D1</styleUrl>
        <ExtendedData>
          <Data name="nama">
            <value>Untitled Placemark</value>
          </Data>
          <Data name="deskripsi">
            <value/>
          </Data>
        </ExtendedData>
        <Point>
          <coordinates>
            100.622527,-0.229035,0
          </coordinates>
        </Point>
      </Placemark>
      <Placemark>
        <name/>
        <description><![CDATA[nama: Untitled Placemark<br>deskripsi: ]]></description>
        <styleUrl>#icon-1899-0288D1</styleUrl>
        <ExtendedData>
          <Data name="nama">
            <value>Untitled Placemark</value>
          </Data>
          <Data name="deskripsi">
            <value/>
          </Data>
        </ExtendedData>
        <Point>
          <coordinates>
            100.60704,-0.233925,0
          </coordinates>
        </Point>
      </Placemark>
      <Placemark>
        <name/>
        <description><![CDATA[nama: Untitled Placemark<br>deskripsi: ]]></description>
        <styleUrl>#icon-1899-0288D1</styleUrl>
        <ExtendedData>
          <Data name="nama">
            <value>Untitled Placemark</value>
          </Data>
          <Data name="deskripsi">
            <value/>
          </Data>
        </ExtendedData>
        <Point>
          <coordinates>
            100.608996,-0.235591,0
          </coordinates>
        </Point>
      </Placemark>
      <Placemark>
        <name/>
        <description><![CDATA[nama: Untitled Placemark<br>deskripsi: ]]></description>
        <styleUrl>#icon-1899-0288D1</styleUrl>
        <ExtendedData>
          <Data name="nama">
            <value>Untitled Placemark</value>
          </Data>
          <Data name="deskripsi">
            <value/>
          </Data>
        </ExtendedData>
        <Point>
          <coordinates>
            100.620797,-0.235595,0
          </coordinates>
        </Point>
      </Placemark>
    </Folder>
  </Document>
</kml>
